  0
SECTION
  2
HEADER
  9
$ACADVER
  1
AC1009
  9
$INSUNITS
 70
4
  9
$EXTMIN
 10
0.0000
 20
0.0000
 30
0.0000
  9
$EXTMAX
 10
432.0000
 20
322.0000
 30
0.0000
  0
ENDSEC
  0
SECTION
  2
TABLES
  0
TABLE
  2
LAYER
 70
3
  0
LAYER
  2
CUT
 70
0
 62
1
  6
CONTINUOUS
  0
LAYER
  2
ENGRAVE
 70
0
 62
5
  6
CONTINUOUS
  0
LAYER
  2
LABELS
 70
0
 62
8
  6
CONTINUOUS
  0
ENDTAB
  0
ENDSEC
  0
SECTION
  2
ENTITIES
  0
POLYLINE
  8
CUT
 66
1
 10
0.0000
 20
0.0000
 30
0.0000
 70
1
  0
VERTEX
  8
CUT
 10
307.2100
 20
164.4160
 30
0.0000
  0
VERTEX
  8
CUT
 10
308.0590
 20
164.1920
 30
0.0000
  0
VERTEX
  8
CUT
 10
308.9080
 20
163.9500
 30
0.0000
  0
VERTEX
  8
CUT
 10
309.7570
 20
163.6890
 30
0.0000
  0
VERTEX
  8
CUT
 10
310.6060
 20
163.4100
 30
0.0000
  0
VERTEX
  8
CUT
 10
311.4540
 20
163.1150
 30
0.0000
  0
VERTEX
  8
CUT
 10
312.3020
 20
162.8040
 30
0.0000
  0
VERTEX
  8
CUT
 10
313.1490
 20
162.4770
 30
0.0000
  0
VERTEX
  8
CUT
 10
313.9960
 20
162.1340
 30
0.0000
  0
VERTEX
  8
CUT
 10
313.9980
 20
161.8510
 30
0.0000
  0
VERTEX
  8
CUT
 10
313.9990
 20
161.5670
 30
0.0000
  0
VERTEX
  8
CUT
 10
314.0000
 20
161.2840
 30
0.0000
  0
VERTEX
  8
CUT
 10
314.0000
 20
161.0000
 30
0.0000
  0
VERTEX
  8
CUT
 10
314.0000
 20
160.7160
 30
0.0000
  0
VERTEX
  8
CUT
 10
313.9990
 20
160.4330
 30
0.0000
  0
VERTEX
  8
CUT
 10
313.9980
 20
160.1490
 30
0.0000
  0
VERTEX
  8
CUT
 10
313.9960
 20
159.8660
 30
0.0000
  0
VERTEX
  8
CUT
 10
313.1490
 20
159.5230
 30
0.0000
  0
VERTEX
  8
CUT
 10
312.3020
 20
159.1960
 30
0.0000
  0
VERTEX
  8
CUT
 10
311.4540
 20
158.8850
 30
0.0000
  0
VERTEX
  8
CUT
 10
310.6060
 20
158.5900
 30
0.0000
  0
VERTEX
  8
CUT
 10
309.7570
 20
158.3110
 30
0.0000
  0
VERTEX
  8
CUT
 10
308.9080
 20
158.0500
 30
0.0000
  0
VERTEX
  8
CUT
 10
308.0590
 20
157.8080
 30
0.0000
  0
VERTEX
  8
CUT
 10
307.2100
 20
157.5840
 30
0.0000
  0
VERTEX
  8
CUT
 10
307.2030
 20
157.2900
 30
0.0000
  0
VERTEX
  8
CUT
 10
307.1950
 20
156.9950
 30
0.0000
  0
VERTEX
  8
CUT
 10
307.1870
 20
156.7010
 30
0.0000
  0
VERTEX
  8
CUT
 10
307.1780
 20
156.4060
 30
0.0000
  0
VERTEX
  8
CUT
 10
307.1680
 20
156.1120
 30
0.0000
  0
VERTEX
  8
CUT
 10
307.1580
 20
155.8170
 30
0.0000
  0
VERTEX
  8
CUT
 10
307.1470
 20
155.5230
 30
0.0000
  0
VERTEX
  8
CUT
 10
307.1360
 20
155.2290
 30
0.0000
  0
VERTEX
  8
CUT
 10
307.9690
 20
154.9520
 30
0.0000
  0
VERTEX
  8
CUT
 10
308.8010
 20
154.6570
 30
0.0000
  0
VERTEX
  8
CUT
 10
309.6320
 20
154.3430
 30
0.0000
  0
VERTEX
  8
CUT
 10
310.4620
 20
154.0120
 30
0.0000
  0
VERTEX
  8
CUT
 10
311.2900
 20
153.6640
 30
0.0000
  0
VERTEX
  8
CUT
 10
312.1160
 20
153.3000
 30
0.0000
  0
VERTEX
  8
CUT
 10
312.9420
 20
152.9200
 30
0.0000
  0
VERTEX
  8
CUT
 10
313.7650
 20
152.5250
 30
0.0000
  0
VERTEX
  8
CUT
 10
313.7490
 20
152.2420
 30
0.0000
  0
VERTEX
  8
CUT
 10
313.7330
 20
151.9590
 30
0.0000
  0
VERTEX
  8
CUT
 10
313.7160
 20
151.6760
 30
0.0000
  0
VERTEX
  8
CUT
 10
313.6980
 20
151.3930
 30
0.0000
  0
VERTEX
  8
CUT
 10
313.6800
 20
151.1100
 30
0.0000
  0
VERTEX
  8
CUT
 10
313.6610
 20
150.8270
 30
0.0000
  0
VERTEX
  8
CUT
 10
313.6420
 20
150.5440
 30
0.0000
  0
VERTEX
  8
CUT
 10
313.6230
 20
150.2610
 30
0.0000
  0
VERTEX
  8
CUT
 10
312.7560
 20
149.9730
 30
0.0000
  0
VERTEX
  8
CUT
 10
311.8900
 20
149.6990
 30
0.0000
  0
VERTEX
  8
CUT
 10
311.0240
 20
149.4420
 30
0.0000
  0
VERTEX
  8
CUT
 10
310.1590
 20
149.2010
 30
0.0000
  0
VERTEX
  8
CUT
 10
309.2950
 20
148.9760
 30
0.0000
  0
VERTEX
  8
CUT
 10
308.4310
 20
148.7690
 30
0.0000
  0
VERTEX
  8
CUT
 10
307.5680
 20
148.5800
 30
0.0000
  0
VERTEX
  8
CUT
 10
306.7070
 20
148.4100
 30
0.0000
  0
VERTEX
  8
CUT
 10
306.6810
 20
148.1170
 30
0.0000
  0
VERTEX
  8
CUT
 10
306.6550
 20
147.8230
 30
0.0000
  0
VERTEX
  8
CUT
 10
306.6280
 20
147.5300
 30
0.0000
  0
VERTEX
  8
CUT
 10
306.6010
 20
147.2370
 30
0.0000
  0
VERTEX
  8
CUT
 10
306.5730
 20
146.9430
 30
0.0000
  0
VERTEX
  8
CUT
 10
306.5440
 20
146.6500
 30
0.0000
  0
VERTEX
  8
CUT
 10
306.5150
 20
146.3570
 30
0.0000
  0
VERTEX
  8
CUT
 10
306.4850
 20
146.0640
 30
0.0000
  0
VERTEX
  8
CUT
 10
307.3000
 20
145.7360
 30
0.0000
  0
VERTEX
  8
CUT
 10
308.1110
 20
145.3880
 30
0.0000
  0
VERTEX
  8
CUT
 10
308.9210
 20
145.0230
 30
0.0000
  0
VERTEX
  8
CUT
 10
309.7280
 20
144.6410
 30
0.0000
  0
VERTEX
  8
CUT
 10
310.5330
 20
144.2420
 30
0.0000
  0
VERTEX
  8
CUT
 10
311.3350
 20
143.8260
 30
0.0000
  0
VERTEX
  8
CUT
 10
312.1340
 20
143.3960
 30
0.0000
  0
VERTEX
  8
CUT
 10
312.9320
 20
142.9500
 30
0.0000
  0
VERTEX
  8
CUT
 10
312.8980
 20
142.6680
 30
0.0000
  0
VERTEX
  8
CUT
 10
312.8640
 20
142.3870
 30
0.0000
  0
VERTEX
  8
CUT
 10
312.8290
 20
142.1050
 30
0.0000
  0
VERTEX
  8
CUT
 10
312.7940
 20
141.8240
 30
0.0000
  0
VERTEX
  8
CUT
 10
312.7580
 20
141.5430
 30
0.0000
  0
VERTEX
  8
CUT
 10
312.7210
 20
141.2610
 30
0.0000
  0
VERTEX
  8
CUT
 10
312.6850
 20
140.9800
 30
0.0000
  0
VERTEX
  8
CUT
 10
312.6470
 20
140.6990
 30
0.0000
  0
VERTEX
  8
CUT
 10
311.7640
 20
140.4660
 30
0.0000
  0
VERTEX
  8
CUT
 10
310.8830
 20
140.2470
 30
0.0000
  0
VERTEX
  8
CUT
 10
310.0020
 20
140.0450
 30
0.0000
  0
VERTEX
  8
CUT
 10
309.1240
 20
139.8580
 30
0.0000
  0
VERTEX
  8
CUT
 10
308.2470
 20
139.6880
 30
0.0000
  0
VERTEX
  8
CUT
 10
307.3720
 20
139.5360
 30
0.0000
  0
VERTEX
  8
CUT
 10
306.4990
 20
139.4010
 30
0.0000
  0
VERTEX
  8
CUT
 10
305.6290
 20
139.2860
 30
0.0000
  0
VERTEX
  8
CUT
 10
305.5850
 20
138.9950
 30
0.0000
  0
VERTEX
  8
CUT
 10
305.5400
 20
138.7040
 30
0.0000
  0
VERTEX
  8
CUT
 10
305.4950
 20
138.4120
 30
0.0000
  0
VERTEX
  8
CUT
 10
305.4490
 20
138.1210
 30
0.0000
  0
VERTEX
  8
CUT
 10
305.4030
 20
137.8310
 30
0.0000
  0
VERTEX
  8
CUT
 10
305.3560
 20
137.5400
 30
0.0000
  0
VERTEX
  8
CUT
 10
305.3090
 20
137.2490
 30
0.0000
  0
VERTEX
  8
CUT
 10
305.2600
 20
136.9580
 30
0.0000
  0
VERTEX
  8
CUT
 10
306.0520
 20
136.5800
 30
0.0000
  0
VERTEX
  8
CUT
 10
306.8410
 20
136.1820
 30
0.0000
  0
VERTEX
  8
CUT
 10
307.6260
 20
135.7670
 30
0.0000
  0
VERTEX
  8
CUT
 10
308.4070
 20
135.3340
 30
0.0000
  0
VERTEX
  8
CUT
 10
309.1850
 20
134.8850
 30
0.0000
  0
VERTEX
  8
CUT
 10
309.9600
 20
134.4210
 30
0.0000
  0
VERTEX
  8
CUT
 10
310.7310
 20
133.9410
 30
0.0000
  0
VERTEX
  8
CUT
 10
311.4980
 20
133.4460
 30
0.0000
  0
VERTEX
  8
CUT
 10
311.4470
 20
133.1670
 30
0.0000
  0
VERTEX
  8
CUT
 10
311.3950
 20
132.8880
 30
0.0000
  0
VERTEX
  8
CUT
 10
311.3430
 20
132.6090
 30
0.0000
  0
VERTEX
  8
CUT
 10
311.2900
 20
132.3310
 30
0.0000
  0
VERTEX
  8
CUT
 10
311.2370
 20
132.0520
 30
0.0000
  0
VERTEX
  8
CUT
 10
311.1830
 20
131.7740
 30
0.0000
  0
VERTEX
  8
CUT
 10
311.1280
 20
131.4950
 30
0.0000
  0
VERTEX
  8
CUT
 10
311.0730
 20
131.2170
 30
0.0000
  0
VERTEX
  8
CUT
 10
310.1770
 20
131.0400
 30
0.0000
  0
VERTEX
  8
CUT
 10
309.2840
 20
130.8770
 30
0.0000
  0
VERTEX
  8
CUT
 10
308.3930
 20
130.7300
 30
0.0000
  0
VERTEX
  8
CUT
 10
307.5040
 20
130.5990
 30
0.0000
  0
VERTEX
  8
CUT
 10
306.6180
 20
130.4850
 30
0.0000
  0
VERTEX
  8
CUT
 10
305.7360
 20
130.3870
 30
0.0000
  0
VERTEX
  8
CUT
 10
304.8560
 20
130.3080
 30
0.0000
  0
VERTEX
  8
CUT
 10
303.9800
 20
130.2480
 30
0.0000
  0
VERTEX
  8
CUT
 10
303.9180
 20
129.9600
 30
0.0000
  0
VERTEX
  8
CUT
 10
303.8550
 20
129.6720
 30
0.0000
  0
VERTEX
  8
CUT
 10
303.7920
 20
129.3840
 30
0.0000
  0
VERTEX
  8
CUT
 10
303.7280
 20
129.0970
 30
0.0000
  0
VERTEX
  8
CUT
 10
303.6630
 20
128.8090
 30
0.0000
  0
VERTEX
  8
CUT
 10
303.5980
 20
128.5220
 30
0.0000
  0
VERTEX
  8
CUT
 10
303.5320
 20
128.2350
 30
0.0000
  0
VERTEX
  8
CUT
 10
303.4660
 20
127.9480
 30
0.0000
  0
VERTEX
  8
CUT
 10
304.2330
 20
127.5200
 30
0.0000
  0
VERTEX
  8
CUT
 10
304.9950
 20
127.0740
 30
0.0000
  0
VERTEX
  8
CUT
 10
305.7520
 20
126.6100
 30
0.0000
  0
VERTEX
  8
CUT
 10
306.5050
 20
126.1290
 30
0.0000
  0
VERTEX
  8
CUT
 10
307.2530
 20
125.6320
 30
0.0000
  0
VERTEX
  8
CUT
 10
307.9970
 20
125.1200
 30
0.0000
  0
VERTEX
  8
CUT
 10
308.7360
 20
124.5920
 30
0.0000
  0
VERTEX
  8
CUT
 10
309.4710
 20
124.0500
 30
0.0000
  0
VERTEX
  8
CUT
 10
309.4020
 20
123.7750
 30
0.0000
  0
VERTEX
  8
CUT
 10
309.3330
 20
123.5000
 30
0.0000
  0
VERTEX
  8
CUT
 10
309.2630
 20
123.2250
 30
0.0000
  0
VERTEX
  8
CUT
 10
309.1930
 20
122.9500
 30
0.0000
  0
VERTEX
  8
CUT
 10
309.1220
 20
122.6760
 30
0.0000
  0
VERTEX
  8
CUT
 10
309.0510
 20
122.4010
 30
0.0000
  0
VERTEX
  8
CUT
 10
308.9790
 20
122.1270
 30
0.0000
  0
VERTEX
  8
CUT
 10
308.9070
 20
121.8530
 30
0.0000
  0
VERTEX
  8
CUT
 10
308.0020
 20
121.7320
 30
0.0000
  0
VERTEX
  8
CUT
 10
307.1000
 20
121.6260
 30
0.0000
  0
VERTEX
  8
CUT
 10
306.2010
 20
121.5350
 30
0.0000
  0
VERTEX
  8
CUT
 10
305.3060
 20
121.4600
 30
0.0000
  0
VERTEX
  8
CUT
 10
304.4150
 20
121.4020
 30
0.0000
  0
VERTEX
  8
CUT
 10
303.5280
 20
121.3600
 30
0.0000
  0
VERTEX
  8
CUT
 10
302.6450
 20
121.3360
 30
0.0000
  0
VERTEX
  8
CUT
 10
301.7670
 20
121.3300
 30
0.0000
  0
VERTEX
  8
CUT
 10
301.6870
 20
121.0470
 30
0.0000
  0
VERTEX
  8
CUT
 10
301.6060
 20
120.7640
 30
0.0000
  0
VERTEX
  8
CUT
 10
301.5250
 20
120.4810
 30
0.0000
  0
VERTEX
  8
CUT
 10
301.4430
 20
120.1980
 30
0.0000
  0
VERTEX
  8
CUT
 10
301.3600
 20
119.9150
 30
0.0000
  0
VERTEX
  8
CUT
 10
301.2770
 20
119.6320
 30
0.0000
  0
VERTEX
  8
CUT
 10
301.1940
 20
119.3500
 30
0.0000
  0
VERTEX
  8
CUT
 10
301.1100
 20
119.0670
 30
0.0000
  0
VERTEX
  8
CUT
 10
301.8480
 20
118.5920
 30
0.0000
  0
VERTEX
  8
CUT
 10
302.5800
 20
118.0990
 30
0.0000
  0
VERTEX
  8
CUT
 10
303.3070
 20
117.5890
 30
0.0000
  0
VERTEX
  8
CUT
 10
304.0280
 20
117.0620
 30
0.0000
  0
VERTEX
  8
CUT
 10
304.7440
 20
116.5190
 30
0.0000
  0
VERTEX
  8
CUT
 10
305.4540
 20
115.9610
 30
0.0000
  0
VERTEX
  8
CUT
 10
306.1590
 20
115.3880
 30
0.0000
  0
VERTEX
  8
CUT
 10
306.8580
 20
114.8000
 30
0.0000
  0
VERTEX
  8
CUT
 10
306.7720
 20
114.5300
 30
0.0000
  0
VERTEX
  8
CUT
 10
306.6860
 20
114.2600
 30
0.0000
  0
VERTEX
  8
CUT
 10
306.5990
 20
113.9900
 30
0.0000
  0
VERTEX
  8
CUT
 10
306.5120
 20
113.7200
 30
0.0000
  0
VERTEX
  8
CUT
 10
306.4240
 20
113.4510
 30
0.0000
  0
VERTEX
  8
CUT
 10
306.3350
 20
113.1810
 30
0.0000
  0
VERTEX
  8
CUT
 10
306.2470
 20
112.9120
 30
0.0000
  0
VERTEX
  8
CUT
 10
306.1570
 20
112.6430
 30
0.0000
  0
VERTEX
  8
CUT
 10
305.2460
 20
112.5790
 30
0.0000
  0
VERTEX
  8
CUT
 10
304.3390
 20
112.5300
 30
0.0000
  0
VERTEX
  8
CUT
 10
303.4370
 20
112.4960
 30
0.0000
  0
VERTEX
  8
CUT
 10
302.5390
 20
112.4770
 30
0.0000
  0
VERTEX
  8
CUT
 10
301.6450
 20
112.4750
 30
0.0000
  0
VERTEX
  8
CUT
 10
300.7570
 20
112.4890
 30
0.0000
  0
VERTEX
  8
CUT
 10
299.8750
 20
112.5200
 30
0.0000
  0
VERTEX
  8
CUT
 10
298.9980
 20
112.5700
 30
0.0000
  0
VERTEX
  8
CUT
 10
298.9010
 20
112.2920
 30
0.0000
  0
VERTEX
  8
CUT
 10
298.8020
 20
112.0140
 30
0.0000
  0
VERTEX
  8
CUT
 10
298.7030
 20
111.7370
 30
0.0000
  0
VERTEX
  8
CUT
 10
298.6040
 20
111.4600
 30
0.0000
  0
VERTEX
  8
CUT
 10
298.5040
 20
111.1830
 30
0.0000
  0
VERTEX
  8
CUT
 10
298.4030
 20
110.9060
 30
0.0000
  0
VERTEX
  8
CUT
 10
298.3020
 20
110.6290
 30
0.0000
  0
VERTEX
  8
CUT
 10
298.2000
 20
110.3530
 30
0.0000
  0
VERTEX
  8
CUT
 10
298.9070
 20
109.8320
 30
0.0000
  0
VERTEX
  8
CUT
 10
299.6070
 20
109.2940
 30
0.0000
  0
VERTEX
  8
CUT
 10
300.3000
 20
108.7390
 30
0.0000
  0
VERTEX
  8
CUT
 10
300.9870
 20
108.1670
 30
0.0000
  0
VERTEX
  8
CUT
 10
301.6670
 20
107.5810
 30
0.0000
  0
VERTEX
  8
CUT
 10
302.3410
 20
106.9790
 30
0.0000
  0
VERTEX
  8
CUT
 10
303.0080
 20
106.3630
 30
0.0000
  0
VERTEX
  8
CUT
 10
303.6690
 20
105.7330
 30
0.0000
  0
VERTEX
  8
CUT
 10
303.5670
 20
105.4690
 30
0.0000
  0
VERTEX
  8
CUT
 10
303.4640
 20
105.2050
 30
0.0000
  0
VERTEX
  8
CUT
 10
303.3600
 20
104.9410
 30
0.0000
  0
VERTEX
  8
CUT
 10
303.2560
 20
104.6770
 30
0.0000
  0
VERTEX
  8
CUT
 10
303.1510
 20
104.4130
 30
0.0000
  0
VERTEX
  8
CUT
 10
303.0460
 20
104.1500
 30
0.0000
  0
VERTEX
  8
CUT
 10
302.9400
 20
103.8870
 30
0.0000
  0
VERTEX
  8
CUT
 10
302.8340
 20
103.6240
 30
0.0000
  0
VERTEX
  8
CUT
 10
301.9210
 20
103.6170
 30
0.0000
  0
VERTEX
  8
CUT
 10
301.0130
 20
103.6250
 30
0.0000
  0
VERTEX
  8
CUT
 10
300.1100
 20
103.6480
 30
0.0000
  0
VERTEX
  8
CUT
 10
299.2120
 20
103.6860
 30
0.0000
  0
VERTEX
  8
CUT
 10
298.3210
 20
103.7390
 30
0.0000
  0
VERTEX
  8
CUT
 10
297.4360
 20
103.8090
 30
0.0000
  0
VERTEX
  8
CUT
 10
296.5570
 20
103.8960
 30
0.0000
  0
VERTEX
  8
CUT
 10
295.6850
 20
104.0000
 30
0.0000
  0
VERTEX
  8
CUT
 10
295.5700
 20
103.7290
 30
0.0000
  0
VERTEX
  8
CUT
 10
295.4550
 20
103.4580
 30
0.0000
  0
VERTEX
  8
CUT
 10
295.3380
 20
103.1880
 30
0.0000
  0
VERTEX
  8
CUT
 10
295.2220
 20
102.9170
 30
0.0000
  0
VERTEX
  8
CUT
 10
295.1040
 20
102.6470
 30
0.0000
  0
VERTEX
  8
CUT
 10
294.9870
 20
102.3770
 30
0.0000
  0
VERTEX
  8
CUT
 10
294.8680
 20
102.1070
 30
0.0000
  0
VERTEX
  8
CUT
 10
294.7490
 20
101.8380
 30
0.0000
  0
VERTEX
  8
CUT
 10
295.4220
 20
101.2740
 30
0.0000
  0
VERTEX
  8
CUT
 10
296.0870
 20
100.6930
 30
0.0000
  0
VERTEX
  8
CUT
 10
296.7440
 20
100.0950
 30
0.0000
  0
VERTEX
  8
CUT
 10
297.3930
 20
99.4820
 30
0.0000
  0
VERTEX
  8
CUT
 10
298.0350
 20
98.8540
 30
0.0000
  0
VERTEX
  8
CUT
 10
298.6700
 20
98.2110
 30
0.0000
  0
VERTEX
  8
CUT
 10
299.2970
 20
97.5540
 30
0.0000
  0
VERTEX
  8
CUT
 10
299.9180
 20
96.8840
 30
0.0000
  0
VERTEX
  8
CUT
 10
299.7990
 20
96.6270
 30
0.0000
  0
VERTEX
  8
CUT
 10
299.6790
 20
96.3690
 30
0.0000
  0
VERTEX
  8
CUT
 10
299.5590
 20
96.1120
 30
0.0000
  0
VERTEX
  8
CUT
 10
299.4390
 20
95.8560
 30
0.0000
  0
VERTEX
  8
CUT
 10
299.3180
 20
95.5990
 30
0.0000
  0
VERTEX
  8
CUT
 10
299.1960
 20
95.3430
 30
0.0000
  0
VERTEX
  8
CUT
 10
299.0740
 20
95.0870
 30
0.0000
  0
VERTEX
  8
CUT
 10
298.9520
 20
94.8310
 30
0.0000
  0
VERTEX
  8
CUT
 10
298.0400
 20
94.8820
 30
0.0000
  0
VERTEX
  8
CUT
 10
297.1340
 20
94.9470
 30
0.0000
  0
VERTEX
  8
CUT
 10
296.2340
 20
95.0260
 30
0.0000
  0
VERTEX
  8
CUT
 10
295.3410
 20
95.1200
 30
0.0000
  0
VERTEX
  8
CUT
 10
294.4550
 20
95.2300
 30
0.0000
  0
VERTEX
  8
CUT
 10
293.5750
 20
95.3550
 30
0.0000
  0
VERTEX
  8
CUT
 10
292.7040
 20
95.4970
 30
0.0000
  0
VERTEX
  8
CUT
 10
291.8400
 20
95.6560
 30
0.0000
  0
VERTEX
  8
CUT
 10
291.7090
 20
95.3930
 30
0.0000
  0
VERTEX
  8
CUT
 10
291.5760
 20
95.1290
 30
0.0000
  0
VERTEX
  8
CUT
 10
291.4430
 20
94.8670
 30
0.0000
  0
VERTEX
  8
CUT
 10
291.3100
 20
94.6040
 30
0.0000
  0
VERTEX
  8
CUT
 10
291.1760
 20
94.3420
 30
0.0000
  0
VERTEX
  8
CUT
 10
291.0410
 20
94.0790
 30
0.0000
  0
VERTEX
  8
CUT
 10
290.9060
 20
93.8180
 30
0.0000
  0
VERTEX
  8
CUT
 10
290.7710
 20
93.5560
 30
0.0000
  0
VERTEX
  8
CUT
 10
291.4070
 20
92.9510
 30
0.0000
  0
VERTEX
  8
CUT
 10
292.0340
 20
92.3290
 30
0.0000
  0
VERTEX
  8
CUT
 10
292.6520
 20
91.6920
 30
0.0000
  0
VERTEX
  8
CUT
 10
293.2620
 20
91.0390
 30
0.0000
  0
VERTEX
  8
CUT
 10
293.8630
 20
90.3720
 30
0.0000
  0
VERTEX
  8
CUT
 10
294.4560
 20
89.6900
 30
0.0000
  0
VERTEX
  8
CUT
 10
295.0410
 20
88.9960
 30
0.0000
  0
VERTEX
  8
CUT
 10
295.6180
 20
88.2880
 30
0.0000
  0
VERTEX
  8
CUT
 10
295.4830
 20
88.0380
 30
0.0000
  0
VERTEX
  8
CUT
 10
295.3470
 20
87.7890
 30
0.0000
  0
VERTEX
  8
CUT
 10
295.2110
 20
87.5400
 30
0.0000
  0
VERTEX
  8
CUT
 10
295.0750
 20
87.2920
 30
0.0000
  0
VERTEX
  8
CUT
 10
294.9380
 20
87.0430
 30
0.0000
  0
VERTEX
  8
CUT
 10
294.8010
 20
86.7950
 30
0.0000
  0
VERTEX
  8
CUT
 10
294.6630
 20
86.5470
 30
0.0000
  0
VERTEX
  8
CUT
 10
294.5250
 20
86.3000
 30
0.0000
  0
VERTEX
  8
CUT
 10
293.6180
 20
86.4080
 30
0.0000
  0
VERTEX
  8
CUT
 10
292.7180
 20
86.5290
 30
0.0000
  0
VERTEX
  8
CUT
 10
291.8250
 20
86.6650
 30
0.0000
  0
VERTEX
  8
CUT
 10
290.9390
 20
86.8150
 30
0.0000
  0
VERTEX
  8
CUT
 10
290.0610
 20
86.9800
 30
0.0000
  0
VERTEX
  8
CUT
 10
289.1920
 20
87.1600
 30
0.0000
  0
VERTEX
  8
CUT
 10
288.3310
 20
87.3560
 30
0.0000
  0
VERTEX
  8
CUT
 10
287.4790
 20
87.5690
 30
0.0000
  0
VERTEX
  8
CUT
 10
287.3310
 20
87.3150
 30
0.0000
  0
VERTEX
  8
CUT
 10
287.1820
 20
87.0600
 30
0.0000
  0
VERTEX
  8
CUT
 10
287.0330
 20
86.8060
 30
0.0000
  0
VERTEX
  8
CUT
 10
286.8840
 20
86.5530
 30
0.0000
  0
VERTEX
  8
CUT
 10
286.7330
 20
86.2990
 30
0.0000
  0
VERTEX
  8
CUT
 10
286.5830
 20
86.0460
 30
0.0000
  0
VERTEX
  8
CUT
 10
286.4310
 20
85.7930
 30
0.0000
  0
VERTEX
  8
CUT
 10
286.2800
 20
85.5410
 30
0.0000
  0
VERTEX
  8
CUT
 10
286.8770
 20
84.8970
 30
0.0000
  0
VERTEX
  8
CUT
 10
287.4630
 20
84.2370
 30
0.0000
  0
VERTEX
  8
CUT
 10
288.0400
 20
83.5620
 30
0.0000
  0
VERTEX
  8
CUT
 10
288.6080
 20
82.8720
 30
0.0000
  0
VERTEX
  8
CUT
 10
289.1660
 20
82.1690
 30
0.0000
  0
VERTEX
  8
CUT
 10
289.7150
 20
81.4510
 30
0.0000
  0
VERTEX
  8
CUT
 10
290.2550
 20
80.7210
 30
0.0000
  0
VERTEX
  8
CUT
 10
290.7860
 20
79.9780
 30
0.0000
  0
VERTEX
  8
CUT
 10
290.6360
 20
79.7380
 30
0.0000
  0
VERTEX
  8
CUT
 10
290.4850
 20
79.4980
 30
0.0000
  0
VERTEX
  8
CUT
 10
290.3340
 20
79.2580
 30
0.0000
  0
VERTEX
  8
CUT
 10
290.1820
 20
79.0190
 30
0.0000
  0
VERTEX
  8
CUT
 10
290.0300
 20
78.7790
 30
0.0000
  0
VERTEX
  8
CUT
 10
289.8770
 20
78.5400
 30
0.0000
  0
VERTEX
  8
CUT
 10
289.7240
 20
78.3010
 30
0.0000
  0
VERTEX
  8
CUT
 10
289.5710
 20
78.0630
 30
0.0000
  0
VERTEX
  8
CUT
 10
288.6720
 20
78.2280
 30
0.0000
  0
VERTEX
  8
CUT
 10
287.7820
 20
78.4050
 30
0.0000
  0
VERTEX
  8
CUT
 10
286.8990
 20
78.5970
 30
0.0000
  0
VERTEX
  8
CUT
 10
286.0250
 20
78.8020
 30
0.0000
  0
VERTEX
  8
CUT
 10
285.1590
 20
79.0220
 30
0.0000
  0
VERTEX
  8
CUT
 10
284.3020
 20
79.2560
 30
0.0000
  0
VERTEX
  8
CUT
 10
283.4560
 20
79.5060
 30
0.0000
  0
VERTEX
  8
CUT
 10
282.6190
 20
79.7730
 30
0.0000
  0
VERTEX
  8
CUT
 10
282.4550
 20
79.5280
 30
0.0000
  0
VERTEX
  8
CUT
 10
282.2910
 20
79.2830
 30
0.0000
  0
VERTEX
  8
CUT
 10
282.1260
 20
79.0390
 30
0.0000
  0
VERTEX
  8
CUT
 10
281.9610
 20
78.7950
 30
0.0000
  0
VERTEX
  8
CUT
 10
281.7950
 20
78.5520
 30
0.0000
  0
VERTEX
  8
CUT
 10
281.6280
 20
78.3090
 30
0.0000
  0
VERTEX
  8
CUT
 10
281.4620
 20
78.0660
 30
0.0000
  0
VERTEX
  8
CUT
 10
281.2940
 20
77.8230
 30
0.0000
  0
VERTEX
  8
CUT
 10
281.8500
 20
77.1430
 30
0.0000
  0
VERTEX
  8
CUT
 10
282.3940
 20
76.4480
 30
0.0000
  0
VERTEX
  8
CUT
 10
282.9270
 20
75.7380
 30
0.0000
  0
VERTEX
  8
CUT
 10
283.4500
 20
75.0140
 30
0.0000
  0
VERTEX
  8
CUT
 10
283.9630
 20
74.2770
 30
0.0000
  0
VERTEX
  8
CUT
 10
284.4660
 20
73.5260
 30
0.0000
  0
VERTEX
  8
CUT
 10
284.9590
 20
72.7640
 30
0.0000
  0
VERTEX
  8
CUT
 10
285.4430
 20
71.9890
 30
0.0000
  0
VERTEX
  8
CUT
 10
285.2780
 20
71.7580
 30
0.0000
  0
VERTEX
  8
CUT
 10
285.1120
 20
71.5280
 30
0.0000
  0
VERTEX
  8
CUT
 10
284.9460
 20
71.2980
 30
0.0000
  0
VERTEX
  8
CUT
 10
284.7800
 20
71.0690
 30
0.0000
  0
VERTEX
  8
CUT
 10
284.6130
 20
70.8400
 30
0.0000
  0
VERTEX
  8
CUT
 10
284.4450
 20
70.6110
 30
0.0000
  0
VERTEX
  8
CUT
 10
284.2780
 20
70.3820
 30
0.0000
  0
VERTEX
  8
CUT
 10
284.1090
 20
70.1540
 30
0.0000
  0
VERTEX
  8
CUT
 10
283.2230
 20
70.3740
 30
0.0000
  0
VERTEX
  8
CUT
 10
282.3450
 20
70.6080
 30
0.0000
  0
VERTEX
  8
CUT
 10
281.4770
 20
70.8540
 30
0.0000
  0
VERTEX
  8
CUT
 10
280.6170
 20
71.1140
 30
0.0000
  0
VERTEX
  8
CUT
 10
279.7670
 20
71.3880
 30
0.0000
  0
VERTEX
  8
CUT
 10
278.9260
 20
71.6760
 30
0.0000
  0
VERTEX
  8
CUT
 10
278.0970
 20
71.9780
 30
0.0000
  0
VERTEX
  8
CUT
 10
277.2790
 20
72.2960
 30
0.0000
  0
VERTEX
  8
CUT
 10
277.1000
 20
72.0620
 30
0.0000
  0
VERTEX
  8
CUT
 10
276.9200
 20
71.8290
 30
0.0000
  0
VERTEX
  8
CUT
 10
276.7400
 20
71.5950
 30
0.0000
  0
VERTEX
  8
CUT
 10
276.5600
 20
71.3620
 30
0.0000
  0
VERTEX
  8
CUT
 10
276.3790
 20
71.1300
 30
0.0000
  0
VERTEX
  8
CUT
 10
276.1980
 20
70.8980
 30
0.0000
  0
VERTEX
  8
CUT
 10
276.0160
 20
70.6660
 30
0.0000
  0
VERTEX
  8
CUT
 10
275.8340
 20
70.4340
 30
0.0000
  0
VERTEX
  8
CUT
 10
276.3460
 20
69.7210
 30
0.0000
  0
VERTEX
  8
CUT
 10
276.8450
 20
68.9920
 30
0.0000
  0
VERTEX
  8
CUT
 10
277.3330
 20
68.2500
 30
0.0000
  0
VERTEX
  8
CUT
 10
277.8090
 20
67.4950
 30
0.0000
  0
VERTEX
  8
CUT
 10
278.2750
 20
66.7270
 30
0.0000
  0
VERTEX
  8
CUT
 10
278.7300
 20
65.9460
 30
0.0000
  0
VERTEX
  8
CUT
 10
279.1740
 20
65.1540
 30
0.0000
  0
VERTEX
  8
CUT
 10
279.6080
 20
64.3510
 30
0.0000
  0
VERTEX
  8
CUT
 10
279.4290
 20
64.1310
 30
0.0000
  0
VERTEX
  8
CUT
 10
279.2490
 20
63.9120
 30
0.0000
  0
VERTEX
  8
CUT
 10
279.0690
 20
63.6930
 30
0.0000
  0
VERTEX
  8
CUT
 10
278.8890
 20
63.4740
 30
0.0000
  0
VERTEX
  8
CUT
 10
278.7080
 20
63.2560
 30
0.0000
  0
VERTEX
  8
CUT
 10
278.5260
 20
63.0380
 30
0.0000
  0
VERTEX
  8
CUT
 10
278.3440
 20
62.8200
 30
0.0000
  0
VERTEX
  8
CUT
 10
278.1620
 20
62.6030
 30
0.0000
  0
VERTEX
  8
CUT
 10
277.2920
 20
62.8790
 30
0.0000
  0
VERTEX
  8
CUT
 10
276.4300
 20
63.1670
 30
0.0000
  0
VERTEX
  8
CUT
 10
275.5780
 20
63.4670
 30
0.0000
  0
VERTEX
  8
CUT
 10
274.7370
 20
63.7810
 30
0.0000
  0
VERTEX
  8
CUT
 10
273.9050
 20
64.1070
 30
0.0000
  0
VERTEX
  8
CUT
 10
273.0850
 20
64.4470
 30
0.0000
  0
VERTEX
  8
CUT
 10
272.2760
 20
64.8010
 30
0.0000
  0
VERTEX
  8
CUT
 10
271.4790
 20
65.1700
 30
0.0000
  0
VERTEX
  8
CUT
 10
271.2860
 20
64.9480
 30
0.0000
  0
VERTEX
  8
CUT
 10
271.0920
 20
64.7260
 30
0.0000
  0
VERTEX
  8
CUT
 10
270.8980
 20
64.5040
 30
0.0000
  0
VERTEX
  8
CUT
 10
270.7040
 20
64.2830
 30
0.0000
  0
VERTEX
  8
CUT
 10
270.5090
 20
64.0620
 30
0.0000
  0
VERTEX
  8
CUT
 10
270.3130
 20
63.8420
 30
0.0000
  0
VERTEX
  8
CUT
 10
270.1170
 20
63.6220
 30
0.0000
  0
VERTEX
  8
CUT
 10
269.9210
 20
63.4020
 30
0.0000
  0
VERTEX
  8
CUT
 10
270.3870
 20
62.6580
 30
0.0000
  0
VERTEX
  8
CUT
 10
270.8390
 20
61.9000
 30
0.0000
  0
VERTEX
  8
CUT
 10
271.2800
 20
61.1290
 30
0.0000
  0
VERTEX
  8
CUT
 10
271.7080
 20
60.3450
 30
0.0000
  0
VERTEX
  8
CUT
 10
272.1240
 20
59.5490
 30
0.0000
  0
VERTEX
  8
CUT
 10
272.5290
 20
58.7420
 30
0.0000
  0
VERTEX
  8
CUT
 10
272.9230
 20
57.9230
 30
0.0000
  0
VERTEX
  8
CUT
 10
273.3060
 20
57.0940
 30
0.0000
  0
VERTEX
  8
CUT
 10
273.1130
 20
56.8860
 30
0.0000
  0
VERTEX
  8
CUT
 10
272.9200
 20
56.6780
 30
0.0000
  0
VERTEX
  8
CUT
 10
272.7260
 20
56.4710
 30
0.0000
  0
VERTEX
  8
CUT
 10
272.5320
 20
56.2640
 30
0.0000
  0
VERTEX
  8
CUT
 10
272.3380
 20
56.0580
 30
0.0000
  0
VERTEX
  8
CUT
 10
272.1430
 20
55.8520
 30
0.0000
  0
VERTEX
  8
CUT
 10
271.9480
 20
55.6460
 30
0.0000
  0
VERTEX
  8
CUT
 10
271.7530
 20
55.4400
 30
0.0000
  0
VERTEX
  8
CUT
 10
270.9010
 20
55.7700
 30
0.0000
  0
VERTEX
  8
CUT
 10
270.0590
 20
56.1120
 30
0.0000
  0
VERTEX
  8
CUT
 10
269.2280
 20
56.4650
 30
0.0000
  0
VERTEX
  8
CUT
 10
268.4080
 20
56.8310
 30
0.0000
  0
VERTEX
  8
CUT
 10
267.5990
 20
57.2090
 30
0.0000
  0
VERTEX
  8
CUT
 10
266.8010
 20
57.6000
 30
0.0000
  0
VERTEX
  8
CUT
 10
266.0160
 20
58.0040
 30
0.0000
  0
VERTEX
  8
CUT
 10
265.2440
 20
58.4220
 30
0.0000
  0
VERTEX
  8
CUT
 10
265.0370
 20
58.2120
 30
0.0000
  0
VERTEX
  8
CUT
 10
264.8300
 20
58.0030
 30
0.0000
  0
VERTEX
  8
CUT
 10
264.6220
 20
57.7940
 30
0.0000
  0
VERTEX
  8
CUT
 10
264.4140
 20
57.5860
 30
0.0000
  0
VERTEX
  8
CUT
 10
264.2060
 20
57.3780
 30
0.0000
  0
VERTEX
  8
CUT
 10
263.9970
 20
57.1700
 30
0.0000
  0
VERTEX
  8
CUT
 10
263.7880
 20
56.9630
 30
0.0000
  0
VERTEX
  8
CUT
 10
263.5780
 20
56.7560
 30
0.0000
  0
VERTEX
  8
CUT
 10
263.9960
 20
55.9840
 30
0.0000
  0
VERTEX
  8
CUT
 10
264.4000
 20
55.1990
 30
0.0000
  0
VERTEX
  8
CUT
 10
264.7910
 20
54.4010
 30
0.0000
  0
VERTEX
  8
CUT
 10
265.1690
 20
53.5920
 30
0.0000
  0
VERTEX
  8
CUT
 10
265.5350
 20
52.7720
 30
0.0000
  0
VERTEX
  8
CUT
 10
265.8880
 20
51.9410
 30
0.0000
  0
VERTEX
  8
CUT
 10
266.2300
 20
51.0990
 30
0.0000
  0
VERTEX
  8
CUT
 10
266.5600
 20
50.2470
 30
0.0000
  0
VERTEX
  8
CUT
 10
266.3540
 20
50.0520
 30
0.0000
  0
VERTEX
  8
CUT
 10
266.1480
 20
49.8570
 30
0.0000
  0
VERTEX
  8
CUT
 10
265.9420
 20
49.6620
 30
0.0000
  0
VERTEX
  8
CUT
 10
265.7360
 20
49.4680
 30
0.0000
  0
VERTEX
  8
CUT
 10
265.5290
 20
49.2740
 30
0.0000
  0
VERTEX
  8
CUT
 10
265.3220
 20
49.0800
 30
0.0000
  0
VERTEX
  8
CUT
 10
265.1140
 20
48.8870
 30
0.0000
  0
VERTEX
  8
CUT
 10
264.9060
 20
48.6940
 30
0.0000
  0
VERTEX
  8
CUT
 10
264.0770
 20
49.0770
 30
0.0000
  0
VERTEX
  8
CUT
 10
263.2580
 20
49.4710
 30
0.0000
  0
VERTEX
  8
CUT
 10
262.4510
 20
49.8760
 30
0.0000
  0
VERTEX
  8
CUT
 10
261.6550
 20
50.2920
 30
0.0000
  0
VERTEX
  8
CUT
 10
260.8710
 20
50.7200
 30
0.0000
  0
VERTEX
  8
CUT
 10
260.1000
 20
51.1610
 30
0.0000
  0
VERTEX
  8
CUT
 10
259.3420
 20
51.6130
 30
0.0000
  0
VERTEX
  8
CUT
 10
258.5980
 20
52.0790
 30
0.0000
  0
VERTEX
  8
CUT
 10
258.3780
 20
51.8830
 30
0.0000
  0
VERTEX
  8
CUT
 10
258.1580
 20
51.6870
 30
0.0000
  0
VERTEX
  8
CUT
 10
257.9380
 20
51.4910
 30
0.0000
  0
VERTEX
  8
CUT
 10
257.7170
 20
51.2960
 30
0.0000
  0
VERTEX
  8
CUT
 10
257.4960
 20
51.1020
 30
0.0000
  0
VERTEX
  8
CUT
 10
257.2740
 20
50.9080
 30
0.0000
  0
VERTEX
  8
CUT
 10
257.0520
 20
50.7140
 30
0.0000
  0
VERTEX
  8
CUT
 10
256.8300
 20
50.5210
 30
0.0000
  0
VERTEX
  8
CUT
 10
257.1990
 20
49.7240
 30
0.0000
  0
VERTEX
  8
CUT
 10
257.5530
 20
48.9150
 30
0.0000
  0
VERTEX
  8
CUT
 10
257.8930
 20
48.0950
 30
0.0000
  0
VERTEX
  8
CUT
 10
258.2190
 20
47.2630
 30
0.0000
  0
VERTEX
  8
CUT
 10
258.5330
 20
46.4220
 30
0.0000
  0
VERTEX
  8
CUT
 10
258.8330
 20
45.5700
 30
0.0000
  0
VERTEX
  8
CUT
 10
259.1210
 20
44.7080
 30
0.0000
  0
VERTEX
  8
CUT
 10
259.3970
 20
43.8380
 30
0.0000
  0
VERTEX
  8
CUT
 10
259.1800
 20
43.6560
 30
0.0000
  0
VERTEX
  8
CUT
 10
258.9620
 20
43.4740
 30
0.0000
  0
VERTEX
  8
CUT
 10
258.7440
 20
43.2920
 30
0.0000
  0
VERTEX
  8
CUT
 10
258.5260
 20
43.1110
 30
0.0000
  0
VERTEX
  8
CUT
 10
258.3070
 20
42.9310
 30
0.0000
  0
VERTEX
  8
CUT
 10
258.0880
 20
42.7510
 30
0.0000
  0
VERTEX
  8
CUT
 10
257.8690
 20
42.5710
 30
0.0000
  0
VERTEX
  8
CUT
 10
257.6490
 20
42.3920
 30
0.0000
  0
VERTEX
  8
CUT
 10
256.8460
 20
42.8260
 30
0.0000
  0
VERTEX
  8
CUT
 10
256.0540
 20
43.2700
 30
0.0000
  0
VERTEX
  8
CUT
 10
255.2730
 20
43.7250
 30
0.0000
  0
VERTEX
  8
CUT
 10
254.5050
 20
44.1910
 30
0.0000
  0
VERTEX
  8
CUT
 10
253.7500
 20
44.6670
 30
0.0000
  0
VERTEX
  8
CUT
 10
253.0080
 20
45.1550
 30
0.0000
  0
VERTEX
  8
CUT
 10
252.2790
 20
45.6540
 30
0.0000
  0
VERTEX
  8
CUT
 10
251.5660
 20
46.1660
 30
0.0000
  0
VERTEX
  8
CUT
 10
251.3340
 20
45.9840
 30
0.0000
  0
VERTEX
  8
CUT
 10
251.1020
 20
45.8020
 30
0.0000
  0
VERTEX
  8
CUT
 10
250.8700
 20
45.6210
 30
0.0000
  0
VERTEX
  8
CUT
 10
250.6380
 20
45.4400
 30
0.0000
  0
VERTEX
  8
CUT
 10
250.4050
 20
45.2600
 30
0.0000
  0
VERTEX
  8
CUT
 10
250.1710
 20
45.0800
 30
0.0000
  0
VERTEX
  8
CUT
 10
249.9380
 20
44.9000
 30
0.0000
  0
VERTEX
  8
CUT
 10
249.7040
 20
44.7210
 30
0.0000
  0
VERTEX
  8
CUT
 10
250.0220
 20
43.9030
 30
0.0000
  0
VERTEX
  8
CUT
 10
250.3240
 20
43.0740
 30
0.0000
  0
VERTEX
  8
CUT
 10
250.6120
 20
42.2330
 30
0.0000
  0
VERTEX
  8
CUT
 10
250.8860
 20
41.3830
 30
0.0000
  0
VERTEX
  8
CUT
 10
251.1460
 20
40.5230
 30
0.0000
  0
VERTEX
  8
CUT
 10
251.3920
 20
39.6550
 30
0.0000
  0
VERTEX
  8
CUT
 10
251.6260
 20
38.7770
 30
0.0000
  0
VERTEX
  8
CUT
 10
251.8460
 20
37.8910
 30
0.0000
  0
VERTEX
  8
CUT
 10
251.6180
 20
37.7220
 30
0.0000
  0
VERTEX
  8
CUT
 10
251.3890
 20
37.5550
 30
0.0000
  0
VERTEX
  8
CUT
 10
251.1600
 20
37.3870
 30
0.0000
  0
VERTEX
  8
CUT
 10
250.9310
 20
37.2200
 30
0.0000
  0
VERTEX
  8
CUT
 10
250.7020
 20
37.0540
 30
0.0000
  0
VERTEX
  8
CUT
 10
250.4720
 20
36.8880
 30
0.0000
  0
VERTEX
  8
CUT
 10
250.2420
 20
36.7220
 30
0.0000
  0
VERTEX
  8
CUT
 10
250.0110
 20
36.5570
 30
0.0000
  0
VERTEX
  8
CUT
 10
249.2360
 20
37.0410
 30
0.0000
  0
VERTEX
  8
CUT
 10
248.4740
 20
37.5340
 30
0.0000
  0
VERTEX
  8
CUT
 10
247.7230
 20
38.0370
 30
0.0000
  0
VERTEX
  8
CUT
 10
246.9860
 20
38.5500
 30
0.0000
  0
VERTEX
  8
CUT
 10
246.2620
 20
39.0730
 30
0.0000
  0
VERTEX
  8
CUT
 10
245.5520
 20
39.6060
 30
0.0000
  0
VERTEX
  8
CUT
 10
244.8570
 20
40.1500
 30
0.0000
  0
VERTEX
  8
CUT
 10
244.1770
 20
40.7060
 30
0.0000
  0
VERTEX
  8
CUT
 10
243.9340
 20
40.5380
 30
0.0000
  0
VERTEX
  8
CUT
 10
243.6910
 20
40.3720
 30
0.0000
  0
VERTEX
  8
CUT
 10
243.4480
 20
40.2050
 30
0.0000
  0
VERTEX
  8
CUT
 10
243.2050
 20
40.0390
 30
0.0000
  0
VERTEX
  8
CUT
 10
242.9610
 20
39.8740
 30
0.0000
  0
VERTEX
  8
CUT
 10
242.7170
 20
39.7090
 30
0.0000
  0
VERTEX
  8
CUT
 10
242.4720
 20
39.5450
 30
0.0000
  0
VERTEX
  8
CUT
 10
242.2270
 20
39.3810
 30
0.0000
  0
VERTEX
  8
CUT
 10
242.4940
 20
38.5440
 30
0.0000
  0
VERTEX
  8
CUT
 10
242.7440
 20
37.6980
 30
0.0000
  0
VERTEX
  8
CUT
 10
242.9780
 20
36.8410
 30
0.0000
  0
VERTEX
  8
CUT
 10
243.1980
 20
35.9750
 30
0.0000
  0
VERTEX
  8
CUT
 10
243.4030
 20
35.1010
 30
0.0000
  0
VERTEX
  8
CUT
 10
243.5950
 20
34.2180
 30
0.0000
  0
VERTEX
  8
CUT
 10
243.7720
 20
33.3280
 30
0.0000
  0
VERTEX
  8
CUT
 10
243.9370
 20
32.4290
 30
0.0000
  0
VERTEX
  8
CUT
 10
243.6990
 20
32.2760
 30
0.0000
  0
VERTEX
  8
CUT
 10
243.4600
 20
32.1230
 30
0.0000
  0
VERTEX
  8
CUT
 10
243.2210
 20
31.9700
 30
0.0000
  0
VERTEX
  8
CUT
 10
242.9810
 20
31.8180
 30
0.0000
  0
VERTEX
  8
CUT
 10
242.7420
 20
31.6660
 30
0.0000
  0
VERTEX
  8
CUT
 10
242.5020
 20
31.5150
 30
0.0000
  0
VERTEX
  8
CUT
 10
242.2620
 20
31.3640
 30
0.0000
  0
VERTEX
  8
CUT
 10
242.0220
 20
31.2140
 30
0.0000
  0
VERTEX
  8
CUT
 10
241.2790
 20
31.7450
 30
0.0000
  0
VERTEX
  8
CUT
 10
240.5490
 20
32.2850
 30
0.0000
  0
VERTEX
  8
CUT
 10
239.8310
 20
32.8340
 30
0.0000
  0
VERTEX
  8
CUT
 10
239.1280
 20
33.3920
 30
0.0000
  0
VERTEX
  8
CUT
 10
238.4380
 20
33.9600
 30
0.0000
  0
VERTEX
  8
CUT
 10
237.7630
 20
34.5370
 30
0.0000
  0
VERTEX
  8
CUT
 10
237.1030
 20
35.1230
 30
0.0000
  0
VERTEX
  8
CUT
 10
236.4590
 20
35.7200
 30
0.0000
  0
VERTEX
  8
CUT
 10
236.2070
 20
35.5690
 30
0.0000
  0
VERTEX
  8
CUT
 10
235.9540
 20
35.4170
 30
0.0000
  0
VERTEX
  8
CUT
 10
235.7010
 20
35.2670
 30
0.0000
  0
VERTEX
  8
CUT
 10
235.4470
 20
35.1160
 30
0.0000
  0
VERTEX
  8
CUT
 10
235.1940
 20
34.9670
 30
0.0000
  0
VERTEX
  8
CUT
 10
234.9400
 20
34.8180
 30
0.0000
  0
VERTEX
  8
CUT
 10
234.6850
 20
34.6690
 30
0.0000
  0
VERTEX
  8
CUT
 10
234.4310
 20
34.5210
 30
0.0000
  0
VERTEX
  8
CUT
 10
234.6440
 20
33.6690
 30
0.0000
  0
VERTEX
  8
CUT
 10
234.8400
 20
32.8080
 30
0.0000
  0
VERTEX
  8
CUT
 10
235.0200
 20
31.9390
 30
0.0000
  0
VERTEX
  8
CUT
 10
235.1850
 20
31.0610
 30
0.0000
  0
VERTEX
  8
CUT
 10
235.3350
 20
30.1750
 30
0.0000
  0
VERTEX
  8
CUT
 10
235.4710
 20
29.2820
 30
0.0000
  0
VERTEX
  8
CUT
 10
235.5920
 20
28.3820
 30
0.0000
  0
VERTEX
  8
CUT
 10
235.7000
 20
27.4750
 30
0.0000
  0
VERTEX
  8
CUT
 10
235.4530
 20
27.3370
 30
0.0000
  0
VERTEX
  8
CUT
 10
235.2050
 20
27.1990
 30
0.0000
  0
VERTEX
  8
CUT
 10
234.9570
 20
27.0620
 30
0.0000
  0
VERTEX
  8
CUT
 10
234.7080
 20
26.9250
 30
0.0000
  0
VERTEX
  8
CUT
 10
234.4600
 20
26.7890
 30
0.0000
  0
VERTEX
  8
CUT
 10
234.2110
 20
26.6530
 30
0.0000
  0
VERTEX
  8
CUT
 10
233.9620
 20
26.5170
 30
0.0000
  0
VERTEX
  8
CUT
 10
233.7120
 20
26.3820
 30
0.0000
  0
VERTEX
  8
CUT
 10
233.0040
 20
26.9590
 30
0.0000
  0
VERTEX
  8
CUT
 10
232.3100
 20
27.5440
 30
0.0000
  0
VERTEX
  8
CUT
 10
231.6280
 20
28.1370
 30
0.0000
  0
VERTEX
  8
CUT
 10
230.9610
 20
28.7380
 30
0.0000
  0
VERTEX
  8
CUT
 10
230.3080
 20
29.3480
 30
0.0000
  0
VERTEX
  8
CUT
 10
229.6710
 20
29.9660
 30
0.0000
  0
VERTEX
  8
CUT
 10
229.0490
 20
30.5930
 30
0.0000
  0
VERTEX
  8
CUT
 10
228.4440
 20
31.2290
 30
0.0000
  0
VERTEX
  8
CUT
 10
228.1820
 20
31.0940
 30
0.0000
  0
VERTEX
  8
CUT
 10
227.9210
 20
30.9590
 30
0.0000
  0
VERTEX
  8
CUT
 10
227.6580
 20
30.8240
 30
0.0000
  0
VERTEX
  8
CUT
 10
227.3960
 20
30.6900
 30
0.0000
  0
VERTEX
  8
CUT
 10
227.1330
 20
30.5570
 30
0.0000
  0
VERTEX
  8
CUT
 10
226.8710
 20
30.4240
 30
0.0000
  0
VERTEX
  8
CUT
 10
226.6070
 20
30.2910
 30
0.0000
  0
VERTEX
  8
CUT
 10
226.3440
 20
30.1600
 30
0.0000
  0
VERTEX
  8
CUT
 10
226.5030
 20
29.2960
 30
0.0000
  0
VERTEX
  8
CUT
 10
226.6450
 20
28.4250
 30
0.0000
  0
VERTEX
  8
CUT
 10
226.7700
 20
27.5450
 30
0.0000
  0
VERTEX
  8
CUT
 10
226.8800
 20
26.6590
 30
0.0000
  0
VERTEX
  8
CUT
 10
226.9740
 20
25.7660
 30
0.0000
  0
VERTEX
  8
CUT
 10
227.0530
 20
24.8660
 30
0.0000
  0
VERTEX
  8
CUT
 10
227.1180
 20
23.9600
 30
0.0000
  0
VERTEX
  8
CUT
 10
227.1690
 20
23.0480
 30
0.0000
  0
VERTEX
  8
CUT
 10
226.9130
 20
22.9260
 30
0.0000
  0
VERTEX
  8
CUT
 10
226.6570
 20
22.8040
 30
0.0000
  0
VERTEX
  8
CUT
 10
226.4010
 20
22.6820
 30
0.0000
  0
VERTEX
  8
CUT
 10
226.1440
 20
22.5610
 30
0.0000
  0
VERTEX
  8
CUT
 10
225.8880
 20
22.4410
 30
0.0000
  0
VERTEX
  8
CUT
 10
225.6310
 20
22.3210
 30
0.0000
  0
VERTEX
  8
CUT
 10
225.3730
 20
22.2010
 30
0.0000
  0
VERTEX
  8
CUT
 10
225.1160
 20
22.0820
 30
0.0000
  0
VERTEX
  8
CUT
 10
224.4460
 20
22.7030
 30
0.0000
  0
VERTEX
  8
CUT
 10
223.7890
 20
23.3300
 30
0.0000
  0
VERTEX
  8
CUT
 10
223.1460
 20
23.9650
 30
0.0000
  0
VERTEX
  8
CUT
 10
222.5180
 20
24.6070
 30
0.0000
  0
VERTEX
  8
CUT
 10
221.9050
 20
25.2560
 30
0.0000
  0
VERTEX
  8
CUT
 10
221.3070
 20
25.9130
 30
0.0000
  0
VERTEX
  8
CUT
 10
220.7260
 20
26.5780
 30
0.0000
  0
VERTEX
  8
CUT
 10
220.1620
 20
27.2510
 30
0.0000
  0
VERTEX
  8
CUT
 10
219.8930
 20
27.1320
 30
0.0000
  0
VERTEX
  8
CUT
 10
219.6230
 20
27.0130
 30
0.0000
  0
VERTEX
  8
CUT
 10
219.3530
 20
26.8960
 30
0.0000
  0
VERTEX
  8
CUT
 10
219.0830
 20
26.7780
 30
0.0000
  0
VERTEX
  8
CUT
 10
218.8120
 20
26.6620
 30
0.0000
  0
VERTEX
  8
CUT
 10
218.5420
 20
26.5450
 30
0.0000
  0
VERTEX
  8
CUT
 10
218.2710
 20
26.4300
 30
0.0000
  0
VERTEX
  8
CUT
 10
218.0000
 20
26.3150
 30
0.0000
  0
VERTEX
  8
CUT
 10
218.1040
 20
25.4430
 30
0.0000
  0
VERTEX
  8
CUT
 10
218.1910
 20
24.5640
 30
0.0000
  0
VERTEX
  8
CUT
 10
218.2610
 20
23.6790
 30
0.0000
  0
VERTEX
  8
CUT
 10
218.3140
 20
22.7880
 30
0.0000
  0
VERTEX
  8
CUT
 10
218.3520
 20
21.8900
 30
0.0000
  0
VERTEX
  8
CUT
 10
218.3750
 20
20.9870
 30
0.0000
  0
VERTEX
  8
CUT
 10
218.3830
 20
20.0790
 30
0.0000
  0
VERTEX
  8
CUT
 10
218.3760
 20
19.1660
 30
0.0000
  0
VERTEX
  8
CUT
 10
218.1130
 20
19.0600
 30
0.0000
  0
VERTEX
  8
CUT
 10
217.8500
 20
18.9540
 30
0.0000
  0
VERTEX
  8
CUT
 10
217.5870
 20
18.8490
 30
0.0000
  0
VERTEX
  8
CUT
 10
217.3230
 20
18.7440
 30
0.0000
  0
VERTEX
  8
CUT
 10
217.0590
 20
18.6400
 30
0.0000
  0
VERTEX
  8
CUT
 10
216.7950
 20
18.5360
 30
0.0000
  0
VERTEX
  8
CUT
 10
216.5310
 20
18.4330
 30
0.0000
  0
VERTEX
  8
CUT
 10
216.2670
 20
18.3310
 30
0.0000
  0
VERTEX
  8
CUT
 10
215.6370
 20
18.9920
 30
0.0000
  0
VERTEX
  8
CUT
 10
215.0210
 20
19.6590
 30
0.0000
  0
VERTEX
  8
CUT
 10
214.4190
 20
20.3330
 30
0.0000
  0
VERTEX
  8
CUT
 10
213.8330
 20
21.0130
 30
0.0000
  0
VERTEX
  8
CUT
 10
213.2610
 20
21.7000
 30
0.0000
  0
VERTEX
  8
CUT
 10
212.7060
 20
22.3930
 30
0.0000
  0
VERTEX
  8
CUT
 10
212.1680
 20
23.0930
 30
0.0000
  0
VERTEX
  8
CUT
 10
211.6470
 20
23.8000
 30
0.0000
  0
VERTEX
  8
CUT
 10
211.3710
 20
23.6980
 30
0.0000
  0
VERTEX
  8
CUT
 10
211.0940
 20
23.5970
 30
0.0000
  0
VERTEX
  8
CUT
 10
210.8170
 20
23.4960
 30
0.0000
  0
VERTEX
  8
CUT
 10
210.5400
 20
23.3960
 30
0.0000
  0
VERTEX
  8
CUT
 10
210.2630
 20
23.2970
 30
0.0000
  0
VERTEX
  8
CUT
 10
209.9860
 20
23.1980
 30
0.0000
  0
VERTEX
  8
CUT
 10
209.7080
 20
23.0990
 30
0.0000
  0
VERTEX
  8
CUT
 10
209.4300
 20
23.0020
 30
0.0000
  0
VERTEX
  8
CUT
 10
209.4800
 20
22.1250
 30
0.0000
  0
VERTEX
  8
CUT
 10
209.5110
 20
21.2430
 30
0.0000
  0
VERTEX
  8
CUT
 10
209.5250
 20
20.3550
 30
0.0000
  0
VERTEX
  8
CUT
 10
209.5230
 20
19.4610
 30
0.0000
  0
VERTEX
  8
CUT
 10
209.5040
 20
18.5630
 30
0.0000
  0
VERTEX
  8
CUT
 10
209.4700
 20
17.6610
 30
0.0000
  0
VERTEX
  8
CUT
 10
209.4210
 20
16.7540
 30
0.0000
  0
VERTEX
  8
CUT
 10
209.3570
 20
15.8430
 30
0.0000
  0
VERTEX
  8
CUT
 10
209.0880
 20
15.7530
 30
0.0000
  0
VERTEX
  8
CUT
 10
208.8190
 20
15.6650
 30
0.0000
  0
VERTEX
  8
CUT
 10
208.5490
 20
15.5760
 30
0.0000
  0
VERTEX
  8
CUT
 10
208.2800
 20
15.4880
 30
0.0000
  0
VERTEX
  8
CUT
 10
208.0100
 20
15.4010
 30
0.0000
  0
VERTEX
  8
CUT
 10
207.7400
 20
15.3140
 30
0.0000
  0
VERTEX
  8
CUT
 10
207.4700
 20
15.2280
 30
0.0000
  0
VERTEX
  8
CUT
 10
207.2000
 20
15.1420
 30
0.0000
  0
VERTEX
  8
CUT
 10
206.6120
 20
15.8410
 30
0.0000
  0
VERTEX
  8
CUT
 10
206.0390
 20
16.5460
 30
0.0000
  0
VERTEX
  8
CUT
 10
205.4810
 20
17.2560
 30
0.0000
  0
VERTEX
  8
CUT
 10
204.9380
 20
17.9720
 30
0.0000
  0
VERTEX
  8
CUT
 10
204.4110
 20
18.6930
 30
0.0000
  0
VERTEX
  8
CUT
 10
203.9010
 20
19.4200
 30
0.0000
  0
VERTEX
  8
CUT
 10
203.4080
 20
20.1520
 30
0.0000
  0
VERTEX
  8
CUT
 10
202.9330
 20
20.8900
 30
0.0000
  0
VERTEX
  8
CUT
 10
202.6500
 20
20.8060
 30
0.0000
  0
VERTEX
  8
CUT
 10
202.3680
 20
20.7230
 30
0.0000
  0
VERTEX
  8
CUT
 10
202.0850
 20
20.6400
 30
0.0000
  0
VERTEX
  8
CUT
 10
201.8020
 20
20.5570
 30
0.0000
  0
VERTEX
  8
CUT
 10
201.5190
 20
20.4750
 30
0.0000
  0
VERTEX
  8
CUT
 10
201.2360
 20
20.3940
 30
0.0000
  0
VERTEX
  8
CUT
 10
200.9530
 20
20.3130
 30
0.0000
  0
VERTEX
  8
CUT
 10
200.6700
 20
20.2330
 30
0.0000
  0
VERTEX
  8
CUT
 10
200.6640
 20
19.3550
 30
0.0000
  0
VERTEX
  8
CUT
 10
200.6400
 20
18.4720
 30
0.0000
  0
VERTEX
  8
CUT
 10
200.5980
 20
17.5850
 30
0.0000
  0
VERTEX
  8
CUT
 10
200.5400
 20
16.6940
 30
0.0000
  0
VERTEX
  8
CUT
 10
200.4650
 20
15.7990
 30
0.0000
  0
VERTEX
  8
CUT
 10
200.3740
 20
14.9000
 30
0.0000
  0
VERTEX
  8
CUT
 10
200.2680
 20
13.9980
 30
0.0000
  0
VERTEX
  8
CUT
 10
200.1470
 20
13.0930
 30
0.0000
  0
VERTEX
  8
CUT
 10
199.8730
 20
13.0210
 30
0.0000
  0
VERTEX
  8
CUT
 10
199.5990
 20
12.9490
 30
0.0000
  0
VERTEX
  8
CUT
 10
199.3240
 20
12.8780
 30
0.0000
  0
VERTEX
  8
CUT
 10
199.0500
 20
12.8070
 30
0.0000
  0
VERTEX
  8
CUT
 10
198.7750
 20
12.7370
 30
0.0000
  0
VERTEX
  8
CUT
 10
198.5000
 20
12.6670
 30
0.0000
  0
VERTEX
  8
CUT
 10
198.2250
 20
12.5980
 30
0.0000
  0
VERTEX
  8
CUT
 10
197.9500
 20
12.5290
 30
0.0000
  0
VERTEX
  8
CUT
 10
197.4080
 20
13.2640
 30
0.0000
  0
VERTEX
  8
CUT
 10
196.8800
 20
14.0030
 30
0.0000
  0
VERTEX
  8
CUT
 10
196.3680
 20
14.7470
 30
0.0000
  0
VERTEX
  8
CUT
 10
195.8710
 20
15.4950
 30
0.0000
  0
VERTEX
  8
CUT
 10
195.3900
 20
16.2480
 30
0.0000
  0
VERTEX
  8
CUT
 10
194.9260
 20
17.0050
 30
0.0000
  0
VERTEX
  8
CUT
 10
194.4800
 20
17.7670
 30
0.0000
  0
VERTEX
  8
CUT
 10
194.0520
 20
18.5340
 30
0.0000
  0
VERTEX
  8
CUT
 10
193.7650
 20
18.4680
 30
0.0000
  0
VERTEX
  8
CUT
 10
193.4780
 20
18.4020
 30
0.0000
  0
VERTEX
  8
CUT
 10
193.1910
 20
18.3370
 30
0.0000
  0
VERTEX
  8
CUT
 10
192.9030
 20
18.2720
 30
0.0000
  0
VERTEX
  8
CUT
 10
192.6160
 20
18.2080
 30
0.0000
  0
VERTEX
  8
CUT
 10
192.3280
 20
18.1450
 30
0.0000
  0
VERTEX
  8
CUT
 10
192.0400
 20
18.0820
 30
0.0000
  0
VERTEX
  8
CUT
 10
191.7520
 20
18.0200
 30
0.0000
  0
VERTEX
  8
CUT
 10
191.6920
 20
17.1440
 30
0.0000
  0
VERTEX
  8
CUT
 10
191.6130
 20
16.2640
 30
0.0000
  0
VERTEX
  8
CUT
 10
191.5150
 20
15.3820
 30
0.0000
  0
VERTEX
  8
CUT
 10
191.4010
 20
14.4960
 30
0.0000
  0
VERTEX
  8
CUT
 10
191.2700
 20
13.6070
 30
0.0000
  0
VERTEX
  8
CUT
 10
191.1230
 20
12.7160
 30
0.0000
  0
VERTEX
  8
CUT
 10
190.9600
 20
11.8230
 30
0.0000
  0
VERTEX
  8
CUT
 10
190.7830
 20
10.9270
 30
0.0000
  0
VERTEX
  8
CUT
 10
190.5050
 20
10.8720
 30
0.0000
  0
VERTEX
  8
CUT
 10
190.2260
 20
10.8170
 30
0.0000
  0
VERTEX
  8
CUT
 10
189.9480
 20
10.7630
 30
0.0000
  0
VERTEX
  8
CUT
 10
189.6690
 20
10.7100
 30
0.0000
  0
VERTEX
  8
CUT
 10
189.3910
 20
10.6570
 30
0.0000
  0
VERTEX
  8
CUT
 10
189.1120
 20
10.6050
 30
0.0000
  0
VERTEX
  8
CUT
 10
188.8330
 20
10.5530
 30
0.0000
  0
VERTEX
  8
CUT
 10
188.5540
 20
10.5020
 30
0.0000
  0
VERTEX
  8
CUT
 10
188.0590
 20
11.2690
 30
0.0000
  0
VERTEX
  8
CUT
 10
187.5790
 20
12.0400
 30
0.0000
  0
VERTEX
  8
CUT
 10
187.1150
 20
12.8150
 30
0.0000
  0
VERTEX
  8
CUT
 10
186.6660
 20
13.5930
 30
0.0000
  0
VERTEX
  8
CUT
 10
186.2330
 20
14.3740
 30
0.0000
  0
VERTEX
  8
CUT
 10
185.8180
 20
15.1590
 30
0.0000
  0
VERTEX
  8
CUT
 10
185.4200
 20
15.9480
 30
0.0000
  0
VERTEX
  8
CUT
 10
185.0420
 20
16.7400
 30
0.0000
  0
VERTEX
  8
CUT
 10
184.7510
 20
16.6910
 30
0.0000
  0
VERTEX
  8
CUT
 10
184.4600
 20
16.6440
 30
0.0000
  0
VERTEX
  8
CUT
 10
184.1690
 20
16.5970
 30
0.0000
  0
VERTEX
  8
CUT
 10
183.8790
 20
16.5510
 30
0.0000
  0
VERTEX
  8
CUT
 10
183.5880
 20
16.5050
 30
0.0000
  0
VERTEX
  8
CUT
 10
183.2960
 20
16.4600
 30
0.0000
  0
VERTEX
  8
CUT
 10
183.0050
 20
16.4150
 30
0.0000
  0
VERTEX
  8
CUT
 10
182.7140
 20
16.3710
 30
0.0000
  0
VERTEX
  8
CUT
 10
182.5990
 20
15.5010
 30
0.0000
  0
VERTEX
  8
CUT
 10
182.4640
 20
14.6280
 30
0.0000
  0
VERTEX
  8
CUT
 10
182.3120
 20
13.7530
 30
0.0000
  0
VERTEX
  8
CUT
 10
182.1420
 20
12.8760
 30
0.0000
  0
VERTEX
  8
CUT
 10
181.9550
 20
11.9980
 30
0.0000
  0
VERTEX
  8
CUT
 10
181.7530
 20
11.1170
 30
0.0000
  0
VERTEX
  8
CUT
 10
181.5340
 20
10.2360
 30
0.0000
  0
VERTEX
  8
CUT
 10
181.3010
 20
9.3530
 30
0.0000
  0
VERTEX
  8
CUT
 10
181.0200
 20
9.3150
 30
0.0000
  0
VERTEX
  8
CUT
 10
180.7390
 20
9.2790
 30
0.0000
  0
VERTEX
  8
CUT
 10
180.4570
 20
9.2420
 30
0.0000
  0
VERTEX
  8
CUT
 10
180.1760
 20
9.2060
 30
0.0000
  0
VERTEX
  8
CUT
 10
179.8950
 20
9.1710
 30
0.0000
  0
VERTEX
  8
CUT
 10
179.6130
 20
9.1360
 30
0.0000
  0
VERTEX
  8
CUT
 10
179.3320
 20
9.1020
 30
0.0000
  0
VERTEX
  8
CUT
 10
179.0500
 20
9.0680
 30
0.0000
  0
VERTEX
  8
CUT
 10
178.6040
 20
9.8660
 30
0.0000
  0
VERTEX
  8
CUT
 10
178.1740
 20
10.6650
 30
0.0000
  0
VERTEX
  8
CUT
 10
177.7580
 20
11.4670
 30
0.0000
  0
VERTEX
  8
CUT
 10
177.3590
 20
12.2720
 30
0.0000
  0
VERTEX
  8
CUT
 10
176.9770
 20
13.0790
 30
0.0000
  0
VERTEX
  8
CUT
 10
176.6120
 20
13.8890
 30
0.0000
  0
VERTEX
  8
CUT
 10
176.2640
 20
14.7000
 30
0.0000
  0
VERTEX
  8
CUT
 10
175.9360
 20
15.5150
 30
0.0000
  0
VERTEX
  8
CUT
 10
175.6430
 20
15.4850
 30
0.0000
  0
VERTEX
  8
CUT
 10
175.3500
 20
15.4560
 30
0.0000
  0
VERTEX
  8
CUT
 10
175.0570
 20
15.4270
 30
0.0000
  0
VERTEX
  8
CUT
 10
174.7630
 20
15.3990
 30
0.0000
  0
VERTEX
  8
CUT
 10
174.4700
 20
15.3720
 30
0.0000
  0
VERTEX
  8
CUT
 10
174.1770
 20
15.3450
 30
0.0000
  0
VERTEX
  8
CUT
 10
173.8830
 20
15.3190
 30
0.0000
  0
VERTEX
  8
CUT
 10
173.5900
 20
15.2930
 30
0.0000
  0
VERTEX
  8
CUT
 10
173.4200
 20
14.4320
 30
0.0000
  0
VERTEX
  8
CUT
 10
173.2310
 20
13.5690
 30
0.0000
  0
VERTEX
  8
CUT
 10
173.0240
 20
12.7050
 30
0.0000
  0
VERTEX
  8
CUT
 10
172.7990
 20
11.8410
 30
0.0000
  0
VERTEX
  8
CUT
 10
172.5580
 20
10.9760
 30
0.0000
  0
VERTEX
  8
CUT
 10
172.3010
 20
10.1100
 30
0.0000
  0
VERTEX
  8
CUT
 10
172.0270
 20
9.2440
 30
0.0000
  0
VERTEX
  8
CUT
 10
171.7390
 20
8.3770
 30
0.0000
  0
VERTEX
  8
CUT
 10
171.4560
 20
8.3580
 30
0.0000
  0
VERTEX
  8
CUT
 10
171.1730
 20
8.3390
 30
0.0000
  0
VERTEX
  8
CUT
 10
170.8900
 20
8.3200
 30
0.0000
  0
VERTEX
  8
CUT
 10
170.6070
 20
8.3020
 30
0.0000
  0
VERTEX
  8
CUT
 10
170.3240
 20
8.2840
 30
0.0000
  0
VERTEX
  8
CUT
 10
170.0410
 20
8.2670
 30
0.0000
  0
VERTEX
  8
CUT
 10
169.7580
 20
8.2510
 30
0.0000
  0
VERTEX
  8
CUT
 10
169.4750
 20
8.2350
 30
0.0000
  0
VERTEX
  8
CUT
 10
169.0800
 20
9.0580
 30
0.0000
  0
VERTEX
  8
CUT
 10
168.7000
 20
9.8840
 30
0.0000
  0
VERTEX
  8
CUT
 10
168.3360
 20
10.7100
 30
0.0000
  0
VERTEX
  8
CUT
 10
167.9880
 20
11.5380
 30
0.0000
  0
VERTEX
  8
CUT
 10
167.6570
 20
12.3680
 30
0.0000
  0
VERTEX
  8
CUT
 10
167.3430
 20
13.1990
 30
0.0000
  0
VERTEX
  8
CUT
 10
167.0480
 20
14.0310
 30
0.0000
  0
VERTEX
  8
CUT
 10
166.7710
 20
14.8640
 30
0.0000
  0
VERTEX
  8
CUT
 10
166.4770
 20
14.8530
 30
0.0000
  0
VERTEX
  8
CUT
 10
166.1830
 20
14.8420
 30
0.0000
  0
VERTEX
  8
CUT
 10
165.8880
 20
14.8320
 30
0.0000
  0
VERTEX
  8
CUT
 10
165.5940
 20
14.8220
 30
0.0000
  0
VERTEX
  8
CUT
 10
165.2990
 20
14.8130
 30
0.0000
  0
VERTEX
  8
CUT
 10
165.0050
 20
14.8050
 30
0.0000
  0
VERTEX
  8
CUT
 10
164.7100
 20
14.7970
 30
0.0000
  0
VERTEX
  8
CUT
 10
164.4160
 20
14.7900
 30
0.0000
  0
VERTEX
  8
CUT
 10
164.1920
 20
13.9410
 30
0.0000
  0
VERTEX
  8
CUT
 10
163.9500
 20
13.0920
 30
0.0000
  0
VERTEX
  8
CUT
 10
163.6890
 20
12.2430
 30
0.0000
  0
VERTEX
  8
CUT
 10
163.4100
 20
11.3940
 30
0.0000
  0
VERTEX
  8
CUT
 10
163.1150
 20
10.5460
 30
0.0000
  0
VERTEX
  8
CUT
 10
162.8040
 20
9.6980
 30
0.0000
  0
VERTEX
  8
CUT
 10
162.4770
 20
8.8510
 30
0.0000
  0
VERTEX
  8
CUT
 10
162.1340
 20
8.0040
 30
0.0000
  0
VERTEX
  8
CUT
 10
161.8510
 20
8.0020
 30
0.0000
  0
VERTEX
  8
CUT
 10
161.5670
 20
8.0010
 30
0.0000
  0
VERTEX
  8
CUT
 10
161.2840
 20
8.0000
 30
0.0000
  0
VERTEX
  8
CUT
 10
161.0000
 20
8.0000
 30
0.0000
  0
VERTEX
  8
CUT
 10
160.7160
 20
8.0000
 30
0.0000
  0
VERTEX
  8
CUT
 10
160.4330
 20
8.0010
 30
0.0000
  0
VERTEX
  8
CUT
 10
160.1490
 20
8.0020
 30
0.0000
  0
VERTEX
  8
CUT
 10
159.8660
 20
8.0040
 30
0.0000
  0
VERTEX
  8
CUT
 10
159.5230
 20
8.8510
 30
0.0000
  0
VERTEX
  8
CUT
 10
159.1960
 20
9.6980
 30
0.0000
  0
VERTEX
  8
CUT
 10
158.8850
 20
10.5460
 30
0.0000
  0
VERTEX
  8
CUT
 10
158.5900
 20
11.3940
 30
0.0000
  0
VERTEX
  8
CUT
 10
158.3110
 20
12.2430
 30
0.0000
  0
VERTEX
  8
CUT
 10
158.0500
 20
13.0920
 30
0.0000
  0
VERTEX
  8
CUT
 10
157.8080
 20
13.9410
 30
0.0000
  0
VERTEX
  8
CUT
 10
157.5840
 20
14.7900
 30
0.0000
  0
VERTEX
  8
CUT
 10
157.2900
 20
14.7970
 30
0.0000
  0
VERTEX
  8
CUT
 10
156.9950
 20
14.8050
 30
0.0000
  0
VERTEX
  8
CUT
 10
156.7010
 20
14.8130
 30
0.0000
  0
VERTEX
  8
CUT
 10
156.4060
 20
14.8220
 30
0.0000
  0
VERTEX
  8
CUT
 10
156.1120
 20
14.8320
 30
0.0000
  0
VERTEX
  8
CUT
 10
155.8170
 20
14.8420
 30
0.0000
  0
VERTEX
  8
CUT
 10
155.5230
 20
14.8530
 30
0.0000
  0
VERTEX
  8
CUT
 10
155.2290
 20
14.8640
 30
0.0000
  0
VERTEX
  8
CUT
 10
154.9520
 20
14.0310
 30
0.0000
  0
VERTEX
  8
CUT
 10
154.6570
 20
13.1990
 30
0.0000
  0
VERTEX
  8
CUT
 10
154.3430
 20
12.3680
 30
0.0000
  0
VERTEX
  8
CUT
 10
154.0120
 20
11.5380
 30
0.0000
  0
VERTEX
  8
CUT
 10
153.6640
 20
10.7100
 30
0.0000
  0
VERTEX
  8
CUT
 10
153.3000
 20
9.8840
 30
0.0000
  0
VERTEX
  8
CUT
 10
152.9200
 20
9.0580
 30
0.0000
  0
VERTEX
  8
CUT
 10
152.5250
 20
8.2350
 30
0.0000
  0
VERTEX
  8
CUT
 10
152.2420
 20
8.2510
 30
0.0000
  0
VERTEX
  8
CUT
 10
151.9590
 20
8.2670
 30
0.0000
  0
VERTEX
  8
CUT
 10
151.6760
 20
8.2840
 30
0.0000
  0
VERTEX
  8
CUT
 10
151.3930
 20
8.3020
 30
0.0000
  0
VERTEX
  8
CUT
 10
151.1100
 20
8.3200
 30
0.0000
  0
VERTEX
  8
CUT
 10
150.8270
 20
8.3390
 30
0.0000
  0
VERTEX
  8
CUT
 10
150.5440
 20
8.3580
 30
0.0000
  0
VERTEX
  8
CUT
 10
150.2610
 20
8.3770
 30
0.0000
  0
VERTEX
  8
CUT
 10
149.9730
 20
9.2440
 30
0.0000
  0
VERTEX
  8
CUT
 10
149.6990
 20
10.1100
 30
0.0000
  0
VERTEX
  8
CUT
 10
149.4420
 20
10.9760
 30
0.0000
  0
VERTEX
  8
CUT
 10
149.2010
 20
11.8410
 30
0.0000
  0
VERTEX
  8
CUT
 10
148.9760
 20
12.7050
 30
0.0000
  0
VERTEX
  8
CUT
 10
148.7690
 20
13.5690
 30
0.0000
  0
VERTEX
  8
CUT
 10
148.5800
 20
14.4320
 30
0.0000
  0
VERTEX
  8
CUT
 10
148.4100
 20
15.2930
 30
0.0000
  0
VERTEX
  8
CUT
 10
148.1170
 20
15.3190
 30
0.0000
  0
VERTEX
  8
CUT
 10
147.8230
 20
15.3450
 30
0.0000
  0
VERTEX
  8
CUT
 10
147.5300
 20
15.3720
 30
0.0000
  0
VERTEX
  8
CUT
 10
147.2370
 20
15.3990
 30
0.0000
  0
VERTEX
  8
CUT
 10
146.9430
 20
15.4270
 30
0.0000
  0
VERTEX
  8
CUT
 10
146.6500
 20
15.4560
 30
0.0000
  0
VERTEX
  8
CUT
 10
146.3570
 20
15.4850
 30
0.0000
  0
VERTEX
  8
CUT
 10
146.0640
 20
15.5150
 30
0.0000
  0
VERTEX
  8
CUT
 10
145.7360
 20
14.7000
 30
0.0000
  0
VERTEX
  8
CUT
 10
145.3880
 20
13.8890
 30
0.0000
  0
VERTEX
  8
CUT
 10
145.0230
 20
13.0790
 30
0.0000
  0
VERTEX
  8
CUT
 10
144.6410
 20
12.2720
 30
0.0000
  0
VERTEX
  8
CUT
 10
144.2420
 20
11.4670
 30
0.0000
  0
VERTEX
  8
CUT
 10
143.8260
 20
10.6650
 30
0.0000
  0
VERTEX
  8
CUT
 10
143.3960
 20
9.8660
 30
0.0000
  0
VERTEX
  8
CUT
 10
142.9500
 20
9.0680
 30
0.0000
  0
VERTEX
  8
CUT
 10
142.6680
 20
9.1020
 30
0.0000
  0
VERTEX
  8
CUT
 10
142.3870
 20
9.1360
 30
0.0000
  0
VERTEX
  8
CUT
 10
142.1050
 20
9.1710
 30
0.0000
  0
VERTEX
  8
CUT
 10
141.8240
 20
9.2060
 30
0.0000
  0
VERTEX
  8
CUT
 10
141.5430
 20
9.2420
 30
0.0000
  0
VERTEX
  8
CUT
 10
141.2610
 20
9.2790
 30
0.0000
  0
VERTEX
  8
CUT
 10
140.9800
 20
9.3150
 30
0.0000
  0
VERTEX
  8
CUT
 10
140.6990
 20
9.3530
 30
0.0000
  0
VERTEX
  8
CUT
 10
140.4660
 20
10.2360
 30
0.0000
  0
VERTEX
  8
CUT
 10
140.2470
 20
11.1170
 30
0.0000
  0
VERTEX
  8
CUT
 10
140.0450
 20
11.9980
 30
0.0000
  0
VERTEX
  8
CUT
 10
139.8580
 20
12.8760
 30
0.0000
  0
VERTEX
  8
CUT
 10
139.6880
 20
13.7530
 30
0.0000
  0
VERTEX
  8
CUT
 10
139.5360
 20
14.6280
 30
0.0000
  0
VERTEX
  8
CUT
 10
139.4010
 20
15.5010
 30
0.0000
  0
VERTEX
  8
CUT
 10
139.2860
 20
16.3710
 30
0.0000
  0
VERTEX
  8
CUT
 10
138.9950
 20
16.4150
 30
0.0000
  0
VERTEX
  8
CUT
 10
138.7040
 20
16.4600
 30
0.0000
  0
VERTEX
  8
CUT
 10
138.4120
 20
16.5050
 30
0.0000
  0
VERTEX
  8
CUT
 10
138.1210
 20
16.5510
 30
0.0000
  0
VERTEX
  8
CUT
 10
137.8310
 20
16.5970
 30
0.0000
  0
VERTEX
  8
CUT
 10
137.5400
 20
16.6440
 30
0.0000
  0
VERTEX
  8
CUT
 10
137.2490
 20
16.6910
 30
0.0000
  0
VERTEX
  8
CUT
 10
136.9580
 20
16.7400
 30
0.0000
  0
VERTEX
  8
CUT
 10
136.5800
 20
15.9480
 30
0.0000
  0
VERTEX
  8
CUT
 10
136.1820
 20
15.1590
 30
0.0000
  0
VERTEX
  8
CUT
 10
135.7670
 20
14.3740
 30
0.0000
  0
VERTEX
  8
CUT
 10
135.3340
 20
13.5930
 30
0.0000
  0
VERTEX
  8
CUT
 10
134.8850
 20
12.8150
 30
0.0000
  0
VERTEX
  8
CUT
 10
134.4210
 20
12.0400
 30
0.0000
  0
VERTEX
  8
CUT
 10
133.9410
 20
11.2690
 30
0.0000
  0
VERTEX
  8
CUT
 10
133.4460
 20
10.5020
 30
0.0000
  0
VERTEX
  8
CUT
 10
133.1670
 20
10.5530
 30
0.0000
  0
VERTEX
  8
CUT
 10
132.8880
 20
10.6050
 30
0.0000
  0
VERTEX
  8
CUT
 10
132.6090
 20
10.6570
 30
0.0000
  0
VERTEX
  8
CUT
 10
132.3310
 20
10.7100
 30
0.0000
  0
VERTEX
  8
CUT
 10
132.0520
 20
10.7630
 30
0.0000
  0
VERTEX
  8
CUT
 10
131.7740
 20
10.8170
 30
0.0000
  0
VERTEX
  8
CUT
 10
131.4950
 20
10.8720
 30
0.0000
  0
VERTEX
  8
CUT
 10
131.2170
 20
10.9270
 30
0.0000
  0
VERTEX
  8
CUT
 10
131.0400
 20
11.8230
 30
0.0000
  0
VERTEX
  8
CUT
 10
130.8770
 20
12.7160
 30
0.0000
  0
VERTEX
  8
CUT
 10
130.7300
 20
13.6070
 30
0.0000
  0
VERTEX
  8
CUT
 10
130.5990
 20
14.4960
 30
0.0000
  0
VERTEX
  8
CUT
 10
130.4850
 20
15.3820
 30
0.0000
  0
VERTEX
  8
CUT
 10
130.3870
 20
16.2640
 30
0.0000
  0
VERTEX
  8
CUT
 10
130.3080
 20
17.1440
 30
0.0000
  0
VERTEX
  8
CUT
 10
130.2480
 20
18.0200
 30
0.0000
  0
VERTEX
  8
CUT
 10
129.9600
 20
18.0820
 30
0.0000
  0
VERTEX
  8
CUT
 10
129.6720
 20
18.1450
 30
0.0000
  0
VERTEX
  8
CUT
 10
129.3840
 20
18.2080
 30
0.0000
  0
VERTEX
  8
CUT
 10
129.0970
 20
18.2720
 30
0.0000
  0
VERTEX
  8
CUT
 10
128.8090
 20
18.3370
 30
0.0000
  0
VERTEX
  8
CUT
 10
128.5220
 20
18.4020
 30
0.0000
  0
VERTEX
  8
CUT
 10
128.2350
 20
18.4680
 30
0.0000
  0
VERTEX
  8
CUT
 10
127.9480
 20
18.5340
 30
0.0000
  0
VERTEX
  8
CUT
 10
127.5200
 20
17.7670
 30
0.0000
  0
VERTEX
  8
CUT
 10
127.0740
 20
17.0050
 30
0.0000
  0
VERTEX
  8
CUT
 10
126.6100
 20
16.2480
 30
0.0000
  0
VERTEX
  8
CUT
 10
126.1290
 20
15.4950
 30
0.0000
  0
VERTEX
  8
CUT
 10
125.6320
 20
14.7470
 30
0.0000
  0
VERTEX
  8
CUT
 10
125.1200
 20
14.0030
 30
0.0000
  0
VERTEX
  8
CUT
 10
124.5920
 20
13.2640
 30
0.0000
  0
VERTEX
  8
CUT
 10
124.0500
 20
12.5290
 30
0.0000
  0
VERTEX
  8
CUT
 10
123.7750
 20
12.5980
 30
0.0000
  0
VERTEX
  8
CUT
 10
123.5000
 20
12.6670
 30
0.0000
  0
VERTEX
  8
CUT
 10
123.2250
 20
12.7370
 30
0.0000
  0
VERTEX
  8
CUT
 10
122.9500
 20
12.8070
 30
0.0000
  0
VERTEX
  8
CUT
 10
122.6760
 20
12.8780
 30
0.0000
  0
VERTEX
  8
CUT
 10
122.4010
 20
12.9490
 30
0.0000
  0
VERTEX
  8
CUT
 10
122.1270
 20
13.0210
 30
0.0000
  0
VERTEX
  8
CUT
 10
121.8530
 20
13.0930
 30
0.0000
  0
VERTEX
  8
CUT
 10
121.7320
 20
13.9980
 30
0.0000
  0
VERTEX
  8
CUT
 10
121.6260
 20
14.9000
 30
0.0000
  0
VERTEX
  8
CUT
 10
121.5350
 20
15.7990
 30
0.0000
  0
VERTEX
  8
CUT
 10
121.4600
 20
16.6940
 30
0.0000
  0
VERTEX
  8
CUT
 10
121.4020
 20
17.5850
 30
0.0000
  0
VERTEX
  8
CUT
 10
121.3600
 20
18.4720
 30
0.0000
  0
VERTEX
  8
CUT
 10
121.3360
 20
19.3550
 30
0.0000
  0
VERTEX
  8
CUT
 10
121.3300
 20
20.2330
 30
0.0000
  0
VERTEX
  8
CUT
 10
121.0470
 20
20.3130
 30
0.0000
  0
VERTEX
  8
CUT
 10
120.7640
 20
20.3940
 30
0.0000
  0
VERTEX
  8
CUT
 10
120.4810
 20
20.4750
 30
0.0000
  0
VERTEX
  8
CUT
 10
120.1980
 20
20.5570
 30
0.0000
  0
VERTEX
  8
CUT
 10
119.9150
 20
20.6400
 30
0.0000
  0
VERTEX
  8
CUT
 10
119.6320
 20
20.7230
 30
0.0000
  0
VERTEX
  8
CUT
 10
119.3500
 20
20.8060
 30
0.0000
  0
VERTEX
  8
CUT
 10
119.0670
 20
20.8900
 30
0.0000
  0
VERTEX
  8
CUT
 10
118.5920
 20
20.1520
 30
0.0000
  0
VERTEX
  8
CUT
 10
118.0990
 20
19.4200
 30
0.0000
  0
VERTEX
  8
CUT
 10
117.5890
 20
18.6930
 30
0.0000
  0
VERTEX
  8
CUT
 10
117.0620
 20
17.9720
 30
0.0000
  0
VERTEX
  8
CUT
 10
116.5190
 20
17.2560
 30
0.0000
  0
VERTEX
  8
CUT
 10
115.9610
 20
16.5460
 30
0.0000
  0
VERTEX
  8
CUT
 10
115.3880
 20
15.8410
 30
0.0000
  0
VERTEX
  8
CUT
 10
114.8000
 20
15.1420
 30
0.0000
  0
VERTEX
  8
CUT
 10
114.5300
 20
15.2280
 30
0.0000
  0
VERTEX
  8
CUT
 10
114.2600
 20
15.3140
 30
0.0000
  0
VERTEX
  8
CUT
 10
113.9900
 20
15.4010
 30
0.0000
  0
VERTEX
  8
CUT
 10
113.7200
 20
15.4880
 30
0.0000
  0
VERTEX
  8
CUT
 10
113.4510
 20
15.5760
 30
0.0000
  0
VERTEX
  8
CUT
 10
113.1810
 20
15.6650
 30
0.0000
  0
VERTEX
  8
CUT
 10
112.9120
 20
15.7530
 30
0.0000
  0
VERTEX
  8
CUT
 10
112.6430
 20
15.8430
 30
0.0000
  0
VERTEX
  8
CUT
 10
112.5790
 20
16.7540
 30
0.0000
  0
VERTEX
  8
CUT
 10
112.5300
 20
17.6610
 30
0.0000
  0
VERTEX
  8
CUT
 10
112.4960
 20
18.5630
 30
0.0000
  0
VERTEX
  8
CUT
 10
112.4770
 20
19.4610
 30
0.0000
  0
VERTEX
  8
CUT
 10
112.4750
 20
20.3550
 30
0.0000
  0
VERTEX
  8
CUT
 10
112.4890
 20
21.2430
 30
0.0000
  0
VERTEX
  8
CUT
 10
112.5200
 20
22.1250
 30
0.0000
  0
VERTEX
  8
CUT
 10
112.5700
 20
23.0020
 30
0.0000
  0
VERTEX
  8
CUT
 10
112.2920
 20
23.0990
 30
0.0000
  0
VERTEX
  8
CUT
 10
112.0140
 20
23.1980
 30
0.0000
  0
VERTEX
  8
CUT
 10
111.7370
 20
23.2970
 30
0.0000
  0
VERTEX
  8
CUT
 10
111.4600
 20
23.3960
 30
0.0000
  0
VERTEX
  8
CUT
 10
111.1830
 20
23.4960
 30
0.0000
  0
VERTEX
  8
CUT
 10
110.9060
 20
23.5970
 30
0.0000
  0
VERTEX
  8
CUT
 10
110.6290
 20
23.6980
 30
0.0000
  0
VERTEX
  8
CUT
 10
110.3530
 20
23.8000
 30
0.0000
  0
VERTEX
  8
CUT
 10
109.8320
 20
23.0930
 30
0.0000
  0
VERTEX
  8
CUT
 10
109.2940
 20
22.3930
 30
0.0000
  0
VERTEX
  8
CUT
 10
108.7390
 20
21.7000
 30
0.0000
  0
VERTEX
  8
CUT
 10
108.1670
 20
21.0130
 30
0.0000
  0
VERTEX
  8
CUT
 10
107.5810
 20
20.3330
 30
0.0000
  0
VERTEX
  8
CUT
 10
106.9790
 20
19.6590
 30
0.0000
  0
VERTEX
  8
CUT
 10
106.3630
 20
18.9920
 30
0.0000
  0
VERTEX
  8
CUT
 10
105.7330
 20
18.3310
 30
0.0000
  0
VERTEX
  8
CUT
 10
105.4690
 20
18.4330
 30
0.0000
  0
VERTEX
  8
CUT
 10
105.2050
 20
18.5360
 30
0.0000
  0
VERTEX
  8
CUT
 10
104.9410
 20
18.6400
 30
0.0000
  0
VERTEX
  8
CUT
 10
104.6770
 20
18.7440
 30
0.0000
  0
VERTEX
  8
CUT
 10
104.4130
 20
18.8490
 30
0.0000
  0
VERTEX
  8
CUT
 10
104.1500
 20
18.9540
 30
0.0000
  0
VERTEX
  8
CUT
 10
103.8870
 20
19.0600
 30
0.0000
  0
VERTEX
  8
CUT
 10
103.6240
 20
19.1660
 30
0.0000
  0
VERTEX
  8
CUT
 10
103.6170
 20
20.0790
 30
0.0000
  0
VERTEX
  8
CUT
 10
103.6250
 20
20.9870
 30
0.0000
  0
VERTEX
  8
CUT
 10
103.6480
 20
21.8900
 30
0.0000
  0
VERTEX
  8
CUT
 10
103.6860
 20
22.7880
 30
0.0000
  0
VERTEX
  8
CUT
 10
103.7390
 20
23.6790
 30
0.0000
  0
VERTEX
  8
CUT
 10
103.8090
 20
24.5640
 30
0.0000
  0
VERTEX
  8
CUT
 10
103.8960
 20
25.4430
 30
0.0000
  0
VERTEX
  8
CUT
 10
104.0000
 20
26.3150
 30
0.0000
  0
VERTEX
  8
CUT
 10
103.7290
 20
26.4300
 30
0.0000
  0
VERTEX
  8
CUT
 10
103.4580
 20
26.5450
 30
0.0000
  0
VERTEX
  8
CUT
 10
103.1880
 20
26.6620
 30
0.0000
  0
VERTEX
  8
CUT
 10
102.9170
 20
26.7780
 30
0.0000
  0
VERTEX
  8
CUT
 10
102.6470
 20
26.8960
 30
0.0000
  0
VERTEX
  8
CUT
 10
102.3770
 20
27.0130
 30
0.0000
  0
VERTEX
  8
CUT
 10
102.1070
 20
27.1320
 30
0.0000
  0
VERTEX
  8
CUT
 10
101.8380
 20
27.2510
 30
0.0000
  0
VERTEX
  8
CUT
 10
101.2740
 20
26.5780
 30
0.0000
  0
VERTEX
  8
CUT
 10
100.6930
 20
25.9130
 30
0.0000
  0
VERTEX
  8
CUT
 10
100.0950
 20
25.2560
 30
0.0000
  0
VERTEX
  8
CUT
 10
99.4820
 20
24.6070
 30
0.0000
  0
VERTEX
  8
CUT
 10
98.8540
 20
23.9650
 30
0.0000
  0
VERTEX
  8
CUT
 10
98.2110
 20
23.3300
 30
0.0000
  0
VERTEX
  8
CUT
 10
97.5540
 20
22.7030
 30
0.0000
  0
VERTEX
  8
CUT
 10
96.8840
 20
22.0820
 30
0.0000
  0
VERTEX
  8
CUT
 10
96.6270
 20
22.2010
 30
0.0000
  0
VERTEX
  8
CUT
 10
96.3690
 20
22.3210
 30
0.0000
  0
VERTEX
  8
CUT
 10
96.1120
 20
22.4410
 30
0.0000
  0
VERTEX
  8
CUT
 10
95.8560
 20
22.5610
 30
0.0000
  0
VERTEX
  8
CUT
 10
95.5990
 20
22.6820
 30
0.0000
  0
VERTEX
  8
CUT
 10
95.3430
 20
22.8040
 30
0.0000
  0
VERTEX
  8
CUT
 10
95.0870
 20
22.9260
 30
0.0000
  0
VERTEX
  8
CUT
 10
94.8310
 20
23.0480
 30
0.0000
  0
VERTEX
  8
CUT
 10
94.8820
 20
23.9600
 30
0.0000
  0
VERTEX
  8
CUT
 10
94.9470
 20
24.8660
 30
0.0000
  0
VERTEX
  8
CUT
 10
95.0260
 20
25.7660
 30
0.0000
  0
VERTEX
  8
CUT
 10
95.1200
 20
26.6590
 30
0.0000
  0
VERTEX
  8
CUT
 10
95.2300
 20
27.5450
 30
0.0000
  0
VERTEX
  8
CUT
 10
95.3550
 20
28.4250
 30
0.0000
  0
VERTEX
  8
CUT
 10
95.4970
 20
29.2960
 30
0.0000
  0
VERTEX
  8
CUT
 10
95.6560
 20
30.1600
 30
0.0000
  0
VERTEX
  8
CUT
 10
95.3930
 20
30.2910
 30
0.0000
  0
VERTEX
  8
CUT
 10
95.1290
 20
30.4240
 30
0.0000
  0
VERTEX
  8
CUT
 10
94.8670
 20
30.5570
 30
0.0000
  0
VERTEX
  8
CUT
 10
94.6040
 20
30.6900
 30
0.0000
  0
VERTEX
  8
CUT
 10
94.3420
 20
30.8240
 30
0.0000
  0
VERTEX
  8
CUT
 10
94.0790
 20
30.9590
 30
0.0000
  0
VERTEX
  8
CUT
 10
93.8180
 20
31.0940
 30
0.0000
  0
VERTEX
  8
CUT
 10
93.5560
 20
31.2290
 30
0.0000
  0
VERTEX
  8
CUT
 10
92.9510
 20
30.5930
 30
0.0000
  0
VERTEX
  8
CUT
 10
92.3290
 20
29.9660
 30
0.0000
  0
VERTEX
  8
CUT
 10
91.6920
 20
29.3480
 30
0.0000
  0
VERTEX
  8
CUT
 10
91.0390
 20
28.7380
 30
0.0000
  0
VERTEX
  8
CUT
 10
90.3720
 20
28.1370
 30
0.0000
  0
VERTEX
  8
CUT
 10
89.6900
 20
27.5440
 30
0.0000
  0
VERTEX
  8
CUT
 10
88.9960
 20
26.9590
 30
0.0000
  0
VERTEX
  8
CUT
 10
88.2880
 20
26.3820
 30
0.0000
  0
VERTEX
  8
CUT
 10
88.0380
 20
26.5170
 30
0.0000
  0
VERTEX
  8
CUT
 10
87.7890
 20
26.6530
 30
0.0000
  0
VERTEX
  8
CUT
 10
87.5400
 20
26.7890
 30
0.0000
  0
VERTEX
  8
CUT
 10
87.2920
 20
26.9250
 30
0.0000
  0
VERTEX
  8
CUT
 10
87.0430
 20
27.0620
 30
0.0000
  0
VERTEX
  8
CUT
 10
86.7950
 20
27.1990
 30
0.0000
  0
VERTEX
  8
CUT
 10
86.5470
 20
27.3370
 30
0.0000
  0
VERTEX
  8
CUT
 10
86.3000
 20
27.4750
 30
0.0000
  0
VERTEX
  8
CUT
 10
86.4080
 20
28.3820
 30
0.0000
  0
VERTEX
  8
CUT
 10
86.5290
 20
29.2820
 30
0.0000
  0
VERTEX
  8
CUT
 10
86.6650
 20
30.1750
 30
0.0000
  0
VERTEX
  8
CUT
 10
86.8150
 20
31.0610
 30
0.0000
  0
VERTEX
  8
CUT
 10
86.9800
 20
31.9390
 30
0.0000
  0
VERTEX
  8
CUT
 10
87.1600
 20
32.8080
 30
0.0000
  0
VERTEX
  8
CUT
 10
87.3560
 20
33.6690
 30
0.0000
  0
VERTEX
  8
CUT
 10
87.5690
 20
34.5210
 30
0.0000
  0
VERTEX
  8
CUT
 10
87.3150
 20
34.6690
 30
0.0000
  0
VERTEX
  8
CUT
 10
87.0600
 20
34.8180
 30
0.0000
  0
VERTEX
  8
CUT
 10
86.8060
 20
34.9670
 30
0.0000
  0
VERTEX
  8
CUT
 10
86.5530
 20
35.1160
 30
0.0000
  0
VERTEX
  8
CUT
 10
86.2990
 20
35.2670
 30
0.0000
  0
VERTEX
  8
CUT
 10
86.0460
 20
35.4170
 30
0.0000
  0
VERTEX
  8
CUT
 10
85.7930
 20
35.5690
 30
0.0000
  0
VERTEX
  8
CUT
 10
85.5410
 20
35.7200
 30
0.0000
  0
VERTEX
  8
CUT
 10
84.8970
 20
35.1230
 30
0.0000
  0
VERTEX
  8
CUT
 10
84.2370
 20
34.5370
 30
0.0000
  0
VERTEX
  8
CUT
 10
83.5620
 20
33.9600
 30
0.0000
  0
VERTEX
  8
CUT
 10
82.8720
 20
33.3920
 30
0.0000
  0
VERTEX
  8
CUT
 10
82.1690
 20
32.8340
 30
0.0000
  0
VERTEX
  8
CUT
 10
81.4510
 20
32.2850
 30
0.0000
  0
VERTEX
  8
CUT
 10
80.7210
 20
31.7450
 30
0.0000
  0
VERTEX
  8
CUT
 10
79.9780
 20
31.2140
 30
0.0000
  0
VERTEX
  8
CUT
 10
79.7380
 20
31.3640
 30
0.0000
  0
VERTEX
  8
CUT
 10
79.4980
 20
31.5150
 30
0.0000
  0
VERTEX
  8
CUT
 10
79.2580
 20
31.6660
 30
0.0000
  0
VERTEX
  8
CUT
 10
79.0190
 20
31.8180
 30
0.0000
  0
VERTEX
  8
CUT
 10
78.7790
 20
31.9700
 30
0.0000
  0
VERTEX
  8
CUT
 10
78.5400
 20
32.1230
 30
0.0000
  0
VERTEX
  8
CUT
 10
78.3010
 20
32.2760
 30
0.0000
  0
VERTEX
  8
CUT
 10
78.0630
 20
32.4290
 30
0.0000
  0
VERTEX
  8
CUT
 10
78.2280
 20
33.3280
 30
0.0000
  0
VERTEX
  8
CUT
 10
78.4050
 20
34.2180
 30
0.0000
  0
VERTEX
  8
CUT
 10
78.5970
 20
35.1010
 30
0.0000
  0
VERTEX
  8
CUT
 10
78.8020
 20
35.9750
 30
0.0000
  0
VERTEX
  8
CUT
 10
79.0220
 20
36.8410
 30
0.0000
  0
VERTEX
  8
CUT
 10
79.2560
 20
37.6980
 30
0.0000
  0
VERTEX
  8
CUT
 10
79.5060
 20
38.5440
 30
0.0000
  0
VERTEX
  8
CUT
 10
79.7730
 20
39.3810
 30
0.0000
  0
VERTEX
  8
CUT
 10
79.5280
 20
39.5450
 30
0.0000
  0
VERTEX
  8
CUT
 10
79.2830
 20
39.7090
 30
0.0000
  0
VERTEX
  8
CUT
 10
79.0390
 20
39.8740
 30
0.0000
  0
VERTEX
  8
CUT
 10
78.7950
 20
40.0390
 30
0.0000
  0
VERTEX
  8
CUT
 10
78.5520
 20
40.2050
 30
0.0000
  0
VERTEX
  8
CUT
 10
78.3090
 20
40.3720
 30
0.0000
  0
VERTEX
  8
CUT
 10
78.0660
 20
40.5380
 30
0.0000
  0
VERTEX
  8
CUT
 10
77.8230
 20
40.7060
 30
0.0000
  0
VERTEX
  8
CUT
 10
77.1430
 20
40.1500
 30
0.0000
  0
VERTEX
  8
CUT
 10
76.4480
 20
39.6060
 30
0.0000
  0
VERTEX
  8
CUT
 10
75.7380
 20
39.0730
 30
0.0000
  0
VERTEX
  8
CUT
 10
75.0140
 20
38.5500
 30
0.0000
  0
VERTEX
  8
CUT
 10
74.2770
 20
38.0370
 30
0.0000
  0
VERTEX
  8
CUT
 10
73.5260
 20
37.5340
 30
0.0000
  0
VERTEX
  8
CUT
 10
72.7640
 20
37.0410
 30
0.0000
  0
VERTEX
  8
CUT
 10
71.9890
 20
36.5570
 30
0.0000
  0
VERTEX
  8
CUT
 10
71.7580
 20
36.7220
 30
0.0000
  0
VERTEX
  8
CUT
 10
71.5280
 20
36.8880
 30
0.0000
  0
VERTEX
  8
CUT
 10
71.2980
 20
37.0540
 30
0.0000
  0
VERTEX
  8
CUT
 10
71.0690
 20
37.2200
 30
0.0000
  0
VERTEX
  8
CUT
 10
70.8400
 20
37.3870
 30
0.0000
  0
VERTEX
  8
CUT
 10
70.6110
 20
37.5550
 30
0.0000
  0
VERTEX
  8
CUT
 10
70.3820
 20
37.7220
 30
0.0000
  0
VERTEX
  8
CUT
 10
70.1540
 20
37.8910
 30
0.0000
  0
VERTEX
  8
CUT
 10
70.3740
 20
38.7770
 30
0.0000
  0
VERTEX
  8
CUT
 10
70.6080
 20
39.6550
 30
0.0000
  0
VERTEX
  8
CUT
 10
70.8540
 20
40.5230
 30
0.0000
  0
VERTEX
  8
CUT
 10
71.1140
 20
41.3830
 30
0.0000
  0
VERTEX
  8
CUT
 10
71.3880
 20
42.2330
 30
0.0000
  0
VERTEX
  8
CUT
 10
71.6760
 20
43.0740
 30
0.0000
  0
VERTEX
  8
CUT
 10
71.9780
 20
43.9030
 30
0.0000
  0
VERTEX
  8
CUT
 10
72.2960
 20
44.7210
 30
0.0000
  0
VERTEX
  8
CUT
 10
72.0620
 20
44.9000
 30
0.0000
  0
VERTEX
  8
CUT
 10
71.8290
 20
45.0800
 30
0.0000
  0
VERTEX
  8
CUT
 10
71.5950
 20
45.2600
 30
0.0000
  0
VERTEX
  8
CUT
 10
71.3620
 20
45.4400
 30
0.0000
  0
VERTEX
  8
CUT
 10
71.1300
 20
45.6210
 30
0.0000
  0
VERTEX
  8
CUT
 10
70.8980
 20
45.8020
 30
0.0000
  0
VERTEX
  8
CUT
 10
70.6660
 20
45.9840
 30
0.0000
  0
VERTEX
  8
CUT
 10
70.4340
 20
46.1660
 30
0.0000
  0
VERTEX
  8
CUT
 10
69.7210
 20
45.6540
 30
0.0000
  0
VERTEX
  8
CUT
 10
68.9920
 20
45.1550
 30
0.0000
  0
VERTEX
  8
CUT
 10
68.2500
 20
44.6670
 30
0.0000
  0
VERTEX
  8
CUT
 10
67.4950
 20
44.1910
 30
0.0000
  0
VERTEX
  8
CUT
 10
66.7270
 20
43.7250
 30
0.0000
  0
VERTEX
  8
CUT
 10
65.9460
 20
43.2700
 30
0.0000
  0
VERTEX
  8
CUT
 10
65.1540
 20
42.8260
 30
0.0000
  0
VERTEX
  8
CUT
 10
64.3510
 20
42.3920
 30
0.0000
  0
VERTEX
  8
CUT
 10
64.1310
 20
42.5710
 30
0.0000
  0
VERTEX
  8
CUT
 10
63.9120
 20
42.7510
 30
0.0000
  0
VERTEX
  8
CUT
 10
63.6930
 20
42.9310
 30
0.0000
  0
VERTEX
  8
CUT
 10
63.4740
 20
43.1110
 30
0.0000
  0
VERTEX
  8
CUT
 10
63.2560
 20
43.2920
 30
0.0000
  0
VERTEX
  8
CUT
 10
63.0380
 20
43.4740
 30
0.0000
  0
VERTEX
  8
CUT
 10
62.8200
 20
43.6560
 30
0.0000
  0
VERTEX
  8
CUT
 10
62.6030
 20
43.8380
 30
0.0000
  0
VERTEX
  8
CUT
 10
62.8790
 20
44.7080
 30
0.0000
  0
VERTEX
  8
CUT
 10
63.1670
 20
45.5700
 30
0.0000
  0
VERTEX
  8
CUT
 10
63.4670
 20
46.4220
 30
0.0000
  0
VERTEX
  8
CUT
 10
63.7810
 20
47.2630
 30
0.0000
  0
VERTEX
  8
CUT
 10
64.1070
 20
48.0950
 30
0.0000
  0
VERTEX
  8
CUT
 10
64.4470
 20
48.9150
 30
0.0000
  0
VERTEX
  8
CUT
 10
64.8010
 20
49.7240
 30
0.0000
  0
VERTEX
  8
CUT
 10
65.1700
 20
50.5210
 30
0.0000
  0
VERTEX
  8
CUT
 10
64.9480
 20
50.7140
 30
0.0000
  0
VERTEX
  8
CUT
 10
64.7260
 20
50.9080
 30
0.0000
  0
VERTEX
  8
CUT
 10
64.5040
 20
51.1020
 30
0.0000
  0
VERTEX
  8
CUT
 10
64.2830
 20
51.2960
 30
0.0000
  0
VERTEX
  8
CUT
 10
64.0620
 20
51.4910
 30
0.0000
  0
VERTEX
  8
CUT
 10
63.8420
 20
51.6870
 30
0.0000
  0
VERTEX
  8
CUT
 10
63.6220
 20
51.8830
 30
0.0000
  0
VERTEX
  8
CUT
 10
63.4020
 20
52.0790
 30
0.0000
  0
VERTEX
  8
CUT
 10
62.6580
 20
51.6130
 30
0.0000
  0
VERTEX
  8
CUT
 10
61.9000
 20
51.1610
 30
0.0000
  0
VERTEX
  8
CUT
 10
61.1290
 20
50.7200
 30
0.0000
  0
VERTEX
  8
CUT
 10
60.3450
 20
50.2920
 30
0.0000
  0
VERTEX
  8
CUT
 10
59.5490
 20
49.8760
 30
0.0000
  0
VERTEX
  8
CUT
 10
58.7420
 20
49.4710
 30
0.0000
  0
VERTEX
  8
CUT
 10
57.9230
 20
49.0770
 30
0.0000
  0
VERTEX
  8
CUT
 10
57.0940
 20
48.6940
 30
0.0000
  0
VERTEX
  8
CUT
 10
56.8860
 20
48.8870
 30
0.0000
  0
VERTEX
  8
CUT
 10
56.6780
 20
49.0800
 30
0.0000
  0
VERTEX
  8
CUT
 10
56.4710
 20
49.2740
 30
0.0000
  0
VERTEX
  8
CUT
 10
56.2640
 20
49.4680
 30
0.0000
  0
VERTEX
  8
CUT
 10
56.0580
 20
49.6620
 30
0.0000
  0
VERTEX
  8
CUT
 10
55.8520
 20
49.8570
 30
0.0000
  0
VERTEX
  8
CUT
 10
55.6460
 20
50.0520
 30
0.0000
  0
VERTEX
  8
CUT
 10
55.4400
 20
50.2470
 30
0.0000
  0
VERTEX
  8
CUT
 10
55.7700
 20
51.0990
 30
0.0000
  0
VERTEX
  8
CUT
 10
56.1120
 20
51.9410
 30
0.0000
  0
VERTEX
  8
CUT
 10
56.4650
 20
52.7720
 30
0.0000
  0
VERTEX
  8
CUT
 10
56.8310
 20
53.5920
 30
0.0000
  0
VERTEX
  8
CUT
 10
57.2090
 20
54.4010
 30
0.0000
  0
VERTEX
  8
CUT
 10
57.6000
 20
55.1990
 30
0.0000
  0
VERTEX
  8
CUT
 10
58.0040
 20
55.9840
 30
0.0000
  0
VERTEX
  8
CUT
 10
58.4220
 20
56.7560
 30
0.0000
  0
VERTEX
  8
CUT
 10
58.2120
 20
56.9630
 30
0.0000
  0
VERTEX
  8
CUT
 10
58.0030
 20
57.1700
 30
0.0000
  0
VERTEX
  8
CUT
 10
57.7940
 20
57.3780
 30
0.0000
  0
VERTEX
  8
CUT
 10
57.5860
 20
57.5860
 30
0.0000
  0
VERTEX
  8
CUT
 10
57.3780
 20
57.7940
 30
0.0000
  0
VERTEX
  8
CUT
 10
57.1700
 20
58.0030
 30
0.0000
  0
VERTEX
  8
CUT
 10
56.9630
 20
58.2120
 30
0.0000
  0
VERTEX
  8
CUT
 10
56.7560
 20
58.4220
 30
0.0000
  0
VERTEX
  8
CUT
 10
55.9840
 20
58.0040
 30
0.0000
  0
VERTEX
  8
CUT
 10
55.1990
 20
57.6000
 30
0.0000
  0
VERTEX
  8
CUT
 10
54.4010
 20
57.2090
 30
0.0000
  0
VERTEX
  8
CUT
 10
53.5920
 20
56.8310
 30
0.0000
  0
VERTEX
  8
CUT
 10
52.7720
 20
56.4650
 30
0.0000
  0
VERTEX
  8
CUT
 10
51.9410
 20
56.1120
 30
0.0000
  0
VERTEX
  8
CUT
 10
51.0990
 20
55.7700
 30
0.0000
  0
VERTEX
  8
CUT
 10
50.2470
 20
55.4400
 30
0.0000
  0
VERTEX
  8
CUT
 10
50.0520
 20
55.6460
 30
0.0000
  0
VERTEX
  8
CUT
 10
49.8570
 20
55.8520
 30
0.0000
  0
VERTEX
  8
CUT
 10
49.6620
 20
56.0580
 30
0.0000
  0
VERTEX
  8
CUT
 10
49.4680
 20
56.2640
 30
0.0000
  0
VERTEX
  8
CUT
 10
49.2740
 20
56.4710
 30
0.0000
  0
VERTEX
  8
CUT
 10
49.0800
 20
56.6780
 30
0.0000
  0
VERTEX
  8
CUT
 10
48.8870
 20
56.8860
 30
0.0000
  0
VERTEX
  8
CUT
 10
48.6940
 20
57.0940
 30
0.0000
  0
VERTEX
  8
CUT
 10
49.0770
 20
57.9230
 30
0.0000
  0
VERTEX
  8
CUT
 10
49.4710
 20
58.7420
 30
0.0000
  0
VERTEX
  8
CUT
 10
49.8760
 20
59.5490
 30
0.0000
  0
VERTEX
  8
CUT
 10
50.2920
 20
60.3450
 30
0.0000
  0
VERTEX
  8
CUT
 10
50.7200
 20
61.1290
 30
0.0000
  0
VERTEX
  8
CUT
 10
51.1610
 20
61.9000
 30
0.0000
  0
VERTEX
  8
CUT
 10
51.6130
 20
62.6580
 30
0.0000
  0
VERTEX
  8
CUT
 10
52.0790
 20
63.4020
 30
0.0000
  0
VERTEX
  8
CUT
 10
51.8830
 20
63.6220
 30
0.0000
  0
VERTEX
  8
CUT
 10
51.6870
 20
63.8420
 30
0.0000
  0
VERTEX
  8
CUT
 10
51.4910
 20
64.0620
 30
0.0000
  0
VERTEX
  8
CUT
 10
51.2960
 20
64.2830
 30
0.0000
  0
VERTEX
  8
CUT
 10
51.1020
 20
64.5040
 30
0.0000
  0
VERTEX
  8
CUT
 10
50.9080
 20
64.7260
 30
0.0000
  0
VERTEX
  8
CUT
 10
50.7140
 20
64.9480
 30
0.0000
  0
VERTEX
  8
CUT
 10
50.5210
 20
65.1700
 30
0.0000
  0
VERTEX
  8
CUT
 10
49.7240
 20
64.8010
 30
0.0000
  0
VERTEX
  8
CUT
 10
48.9150
 20
64.4470
 30
0.0000
  0
VERTEX
  8
CUT
 10
48.0950
 20
64.1070
 30
0.0000
  0
VERTEX
  8
CUT
 10
47.2630
 20
63.7810
 30
0.0000
  0
VERTEX
  8
CUT
 10
46.4220
 20
63.4670
 30
0.0000
  0
VERTEX
  8
CUT
 10
45.5700
 20
63.1670
 30
0.0000
  0
VERTEX
  8
CUT
 10
44.7080
 20
62.8790
 30
0.0000
  0
VERTEX
  8
CUT
 10
43.8380
 20
62.6030
 30
0.0000
  0
VERTEX
  8
CUT
 10
43.6560
 20
62.8200
 30
0.0000
  0
VERTEX
  8
CUT
 10
43.4740
 20
63.0380
 30
0.0000
  0
VERTEX
  8
CUT
 10
43.2920
 20
63.2560
 30
0.0000
  0
VERTEX
  8
CUT
 10
43.1110
 20
63.4740
 30
0.0000
  0
VERTEX
  8
CUT
 10
42.9310
 20
63.6930
 30
0.0000
  0
VERTEX
  8
CUT
 10
42.7510
 20
63.9120
 30
0.0000
  0
VERTEX
  8
CUT
 10
42.5710
 20
64.1310
 30
0.0000
  0
VERTEX
  8
CUT
 10
42.3920
 20
64.3510
 30
0.0000
  0
VERTEX
  8
CUT
 10
42.8260
 20
65.1540
 30
0.0000
  0
VERTEX
  8
CUT
 10
43.2700
 20
65.9460
 30
0.0000
  0
VERTEX
  8
CUT
 10
43.7250
 20
66.7270
 30
0.0000
  0
VERTEX
  8
CUT
 10
44.1910
 20
67.4950
 30
0.0000
  0
VERTEX
  8
CUT
 10
44.6670
 20
68.2500
 30
0.0000
  0
VERTEX
  8
CUT
 10
45.1550
 20
68.9920
 30
0.0000
  0
VERTEX
  8
CUT
 10
45.6540
 20
69.7210
 30
0.0000
  0
VERTEX
  8
CUT
 10
46.1660
 20
70.4340
 30
0.0000
  0
VERTEX
  8
CUT
 10
45.9840
 20
70.6660
 30
0.0000
  0
VERTEX
  8
CUT
 10
45.8020
 20
70.8980
 30
0.0000
  0
VERTEX
  8
CUT
 10
45.6210
 20
71.1300
 30
0.0000
  0
VERTEX
  8
CUT
 10
45.4400
 20
71.3620
 30
0.0000
  0
VERTEX
  8
CUT
 10
45.2600
 20
71.5950
 30
0.0000
  0
VERTEX
  8
CUT
 10
45.0800
 20
71.8290
 30
0.0000
  0
VERTEX
  8
CUT
 10
44.9000
 20
72.0620
 30
0.0000
  0
VERTEX
  8
CUT
 10
44.7210
 20
72.2960
 30
0.0000
  0
VERTEX
  8
CUT
 10
43.9030
 20
71.9780
 30
0.0000
  0
VERTEX
  8
CUT
 10
43.0740
 20
71.6760
 30
0.0000
  0
VERTEX
  8
CUT
 10
42.2330
 20
71.3880
 30
0.0000
  0
VERTEX
  8
CUT
 10
41.3830
 20
71.1140
 30
0.0000
  0
VERTEX
  8
CUT
 10
40.5230
 20
70.8540
 30
0.0000
  0
VERTEX
  8
CUT
 10
39.6550
 20
70.6080
 30
0.0000
  0
VERTEX
  8
CUT
 10
38.7770
 20
70.3740
 30
0.0000
  0
VERTEX
  8
CUT
 10
37.8910
 20
70.1540
 30
0.0000
  0
VERTEX
  8
CUT
 10
37.7220
 20
70.3820
 30
0.0000
  0
VERTEX
  8
CUT
 10
37.5550
 20
70.6110
 30
0.0000
  0
VERTEX
  8
CUT
 10
37.3870
 20
70.8400
 30
0.0000
  0
VERTEX
  8
CUT
 10
37.2200
 20
71.0690
 30
0.0000
  0
VERTEX
  8
CUT
 10
37.0540
 20
71.2980
 30
0.0000
  0
VERTEX
  8
CUT
 10
36.8880
 20
71.5280
 30
0.0000
  0
VERTEX
  8
CUT
 10
36.7220
 20
71.7580
 30
0.0000
  0
VERTEX
  8
CUT
 10
36.5570
 20
71.9890
 30
0.0000
  0
VERTEX
  8
CUT
 10
37.0410
 20
72.7640
 30
0.0000
  0
VERTEX
  8
CUT
 10
37.5340
 20
73.5260
 30
0.0000
  0
VERTEX
  8
CUT
 10
38.0370
 20
74.2770
 30
0.0000
  0
VERTEX
  8
CUT
 10
38.5500
 20
75.0140
 30
0.0000
  0
VERTEX
  8
CUT
 10
39.0730
 20
75.7380
 30
0.0000
  0
VERTEX
  8
CUT
 10
39.6060
 20
76.4480
 30
0.0000
  0
VERTEX
  8
CUT
 10
40.1500
 20
77.1430
 30
0.0000
  0
VERTEX
  8
CUT
 10
40.7060
 20
77.8230
 30
0.0000
  0
VERTEX
  8
CUT
 10
40.5380
 20
78.0660
 30
0.0000
  0
VERTEX
  8
CUT
 10
40.3720
 20
78.3090
 30
0.0000
  0
VERTEX
  8
CUT
 10
40.2050
 20
78.5520
 30
0.0000
  0
VERTEX
  8
CUT
 10
40.0390
 20
78.7950
 30
0.0000
  0
VERTEX
  8
CUT
 10
39.8740
 20
79.0390
 30
0.0000
  0
VERTEX
  8
CUT
 10
39.7090
 20
79.2830
 30
0.0000
  0
VERTEX
  8
CUT
 10
39.5450
 20
79.5280
 30
0.0000
  0
VERTEX
  8
CUT
 10
39.3810
 20
79.7730
 30
0.0000
  0
VERTEX
  8
CUT
 10
38.5440
 20
79.5060
 30
0.0000
  0
VERTEX
  8
CUT
 10
37.6980
 20
79.2560
 30
0.0000
  0
VERTEX
  8
CUT
 10
36.8410
 20
79.0220
 30
0.0000
  0
VERTEX
  8
CUT
 10
35.9750
 20
78.8020
 30
0.0000
  0
VERTEX
  8
CUT
 10
35.1010
 20
78.5970
 30
0.0000
  0
VERTEX
  8
CUT
 10
34.2180
 20
78.4050
 30
0.0000
  0
VERTEX
  8
CUT
 10
33.3280
 20
78.2280
 30
0.0000
  0
VERTEX
  8
CUT
 10
32.4290
 20
78.0630
 30
0.0000
  0
VERTEX
  8
CUT
 10
32.2760
 20
78.3010
 30
0.0000
  0
VERTEX
  8
CUT
 10
32.1230
 20
78.5400
 30
0.0000
  0
VERTEX
  8
CUT
 10
31.9700
 20
78.7790
 30
0.0000
  0
VERTEX
  8
CUT
 10
31.8180
 20
79.0190
 30
0.0000
  0
VERTEX
  8
CUT
 10
31.6660
 20
79.2580
 30
0.0000
  0
VERTEX
  8
CUT
 10
31.5150
 20
79.4980
 30
0.0000
  0
VERTEX
  8
CUT
 10
31.3640
 20
79.7380
 30
0.0000
  0
VERTEX
  8
CUT
 10
31.2140
 20
79.9780
 30
0.0000
  0
VERTEX
  8
CUT
 10
31.7450
 20
80.7210
 30
0.0000
  0
VERTEX
  8
CUT
 10
32.2850
 20
81.4510
 30
0.0000
  0
VERTEX
  8
CUT
 10
32.8340
 20
82.1690
 30
0.0000
  0
VERTEX
  8
CUT
 10
33.3920
 20
82.8720
 30
0.0000
  0
VERTEX
  8
CUT
 10
33.9600
 20
83.5620
 30
0.0000
  0
VERTEX
  8
CUT
 10
34.5370
 20
84.2370
 30
0.0000
  0
VERTEX
  8
CUT
 10
35.1230
 20
84.8970
 30
0.0000
  0
VERTEX
  8
CUT
 10
35.7200
 20
85.5410
 30
0.0000
  0
VERTEX
  8
CUT
 10
35.5690
 20
85.7930
 30
0.0000
  0
VERTEX
  8
CUT
 10
35.4170
 20
86.0460
 30
0.0000
  0
VERTEX
  8
CUT
 10
35.2670
 20
86.2990
 30
0.0000
  0
VERTEX
  8
CUT
 10
35.1160
 20
86.5530
 30
0.0000
  0
VERTEX
  8
CUT
 10
34.9670
 20
86.8060
 30
0.0000
  0
VERTEX
  8
CUT
 10
34.8180
 20
87.0600
 30
0.0000
  0
VERTEX
  8
CUT
 10
34.6690
 20
87.3150
 30
0.0000
  0
VERTEX
  8
CUT
 10
34.5210
 20
87.5690
 30
0.0000
  0
VERTEX
  8
CUT
 10
33.6690
 20
87.3560
 30
0.0000
  0
VERTEX
  8
CUT
 10
32.8080
 20
87.1600
 30
0.0000
  0
VERTEX
  8
CUT
 10
31.9390
 20
86.9800
 30
0.0000
  0
VERTEX
  8
CUT
 10
31.0610
 20
86.8150
 30
0.0000
  0
VERTEX
  8
CUT
 10
30.1750
 20
86.6650
 30
0.0000
  0
VERTEX
  8
CUT
 10
29.2820
 20
86.5290
 30
0.0000
  0
VERTEX
  8
CUT
 10
28.3820
 20
86.4080
 30
0.0000
  0
VERTEX
  8
CUT
 10
27.4750
 20
86.3000
 30
0.0000
  0
VERTEX
  8
CUT
 10
27.3370
 20
86.5470
 30
0.0000
  0
VERTEX
  8
CUT
 10
27.1990
 20
86.7950
 30
0.0000
  0
VERTEX
  8
CUT
 10
27.0620
 20
87.0430
 30
0.0000
  0
VERTEX
  8
CUT
 10
26.9250
 20
87.2920
 30
0.0000
  0
VERTEX
  8
CUT
 10
26.7890
 20
87.5400
 30
0.0000
  0
VERTEX
  8
CUT
 10
26.6530
 20
87.7890
 30
0.0000
  0
VERTEX
  8
CUT
 10
26.5170
 20
88.0380
 30
0.0000
  0
VERTEX
  8
CUT
 10
26.3820
 20
88.2880
 30
0.0000
  0
VERTEX
  8
CUT
 10
26.9590
 20
88.9960
 30
0.0000
  0
VERTEX
  8
CUT
 10
27.5440
 20
89.6900
 30
0.0000
  0
VERTEX
  8
CUT
 10
28.1370
 20
90.3720
 30
0.0000
  0
VERTEX
  8
CUT
 10
28.7380
 20
91.0390
 30
0.0000
  0
VERTEX
  8
CUT
 10
29.3480
 20
91.6920
 30
0.0000
  0
VERTEX
  8
CUT
 10
29.9660
 20
92.3290
 30
0.0000
  0
VERTEX
  8
CUT
 10
30.5930
 20
92.9510
 30
0.0000
  0
VERTEX
  8
CUT
 10
31.2290
 20
93.5560
 30
0.0000
  0
VERTEX
  8
CUT
 10
31.0940
 20
93.8180
 30
0.0000
  0
VERTEX
  8
CUT
 10
30.9590
 20
94.0790
 30
0.0000
  0
VERTEX
  8
CUT
 10
30.8240
 20
94.3420
 30
0.0000
  0
VERTEX
  8
CUT
 10
30.6900
 20
94.6040
 30
0.0000
  0
VERTEX
  8
CUT
 10
30.5570
 20
94.8670
 30
0.0000
  0
VERTEX
  8
CUT
 10
30.4240
 20
95.1290
 30
0.0000
  0
VERTEX
  8
CUT
 10
30.2910
 20
95.3930
 30
0.0000
  0
VERTEX
  8
CUT
 10
30.1600
 20
95.6560
 30
0.0000
  0
VERTEX
  8
CUT
 10
29.2960
 20
95.4970
 30
0.0000
  0
VERTEX
  8
CUT
 10
28.4250
 20
95.3550
 30
0.0000
  0
VERTEX
  8
CUT
 10
27.5450
 20
95.2300
 30
0.0000
  0
VERTEX
  8
CUT
 10
26.6590
 20
95.1200
 30
0.0000
  0
VERTEX
  8
CUT
 10
25.7660
 20
95.0260
 30
0.0000
  0
VERTEX
  8
CUT
 10
24.8660
 20
94.9470
 30
0.0000
  0
VERTEX
  8
CUT
 10
23.9600
 20
94.8820
 30
0.0000
  0
VERTEX
  8
CUT
 10
23.0480
 20
94.8310
 30
0.0000
  0
VERTEX
  8
CUT
 10
22.9260
 20
95.0870
 30
0.0000
  0
VERTEX
  8
CUT
 10
22.8040
 20
95.3430
 30
0.0000
  0
VERTEX
  8
CUT
 10
22.6820
 20
95.5990
 30
0.0000
  0
VERTEX
  8
CUT
 10
22.5610
 20
95.8560
 30
0.0000
  0
VERTEX
  8
CUT
 10
22.4410
 20
96.1120
 30
0.0000
  0
VERTEX
  8
CUT
 10
22.3210
 20
96.3690
 30
0.0000
  0
VERTEX
  8
CUT
 10
22.2010
 20
96.6270
 30
0.0000
  0
VERTEX
  8
CUT
 10
22.0820
 20
96.8840
 30
0.0000
  0
VERTEX
  8
CUT
 10
22.7030
 20
97.5540
 30
0.0000
  0
VERTEX
  8
CUT
 10
23.3300
 20
98.2110
 30
0.0000
  0
VERTEX
  8
CUT
 10
23.9650
 20
98.8540
 30
0.0000
  0
VERTEX
  8
CUT
 10
24.6070
 20
99.4820
 30
0.0000
  0
VERTEX
  8
CUT
 10
25.2560
 20
100.0950
 30
0.0000
  0
VERTEX
  8
CUT
 10
25.9130
 20
100.6930
 30
0.0000
  0
VERTEX
  8
CUT
 10
26.5780
 20
101.2740
 30
0.0000
  0
VERTEX
  8
CUT
 10
27.2510
 20
101.8380
 30
0.0000
  0
VERTEX
  8
CUT
 10
27.1320
 20
102.1070
 30
0.0000
  0
VERTEX
  8
CUT
 10
27.0130
 20
102.3770
 30
0.0000
  0
VERTEX
  8
CUT
 10
26.8960
 20
102.6470
 30
0.0000
  0
VERTEX
  8
CUT
 10
26.7780
 20
102.9170
 30
0.0000
  0
VERTEX
  8
CUT
 10
26.6620
 20
103.1880
 30
0.0000
  0
VERTEX
  8
CUT
 10
26.5450
 20
103.4580
 30
0.0000
  0
VERTEX
  8
CUT
 10
26.4300
 20
103.7290
 30
0.0000
  0
VERTEX
  8
CUT
 10
26.3150
 20
104.0000
 30
0.0000
  0
VERTEX
  8
CUT
 10
25.4430
 20
103.8960
 30
0.0000
  0
VERTEX
  8
CUT
 10
24.5640
 20
103.8090
 30
0.0000
  0
VERTEX
  8
CUT
 10
23.6790
 20
103.7390
 30
0.0000
  0
VERTEX
  8
CUT
 10
22.7880
 20
103.6860
 30
0.0000
  0
VERTEX
  8
CUT
 10
21.8900
 20
103.6480
 30
0.0000
  0
VERTEX
  8
CUT
 10
20.9870
 20
103.6250
 30
0.0000
  0
VERTEX
  8
CUT
 10
20.0790
 20
103.6170
 30
0.0000
  0
VERTEX
  8
CUT
 10
19.1660
 20
103.6240
 30
0.0000
  0
VERTEX
  8
CUT
 10
19.0600
 20
103.8870
 30
0.0000
  0
VERTEX
  8
CUT
 10
18.9540
 20
104.1500
 30
0.0000
  0
VERTEX
  8
CUT
 10
18.8490
 20
104.4130
 30
0.0000
  0
VERTEX
  8
CUT
 10
18.7440
 20
104.6770
 30
0.0000
  0
VERTEX
  8
CUT
 10
18.6400
 20
104.9410
 30
0.0000
  0
VERTEX
  8
CUT
 10
18.5360
 20
105.2050
 30
0.0000
  0
VERTEX
  8
CUT
 10
18.4330
 20
105.4690
 30
0.0000
  0
VERTEX
  8
CUT
 10
18.3310
 20
105.7330
 30
0.0000
  0
VERTEX
  8
CUT
 10
18.9920
 20
106.3630
 30
0.0000
  0
VERTEX
  8
CUT
 10
19.6590
 20
106.9790
 30
0.0000
  0
VERTEX
  8
CUT
 10
20.3330
 20
107.5810
 30
0.0000
  0
VERTEX
  8
CUT
 10
21.0130
 20
108.1670
 30
0.0000
  0
VERTEX
  8
CUT
 10
21.7000
 20
108.7390
 30
0.0000
  0
VERTEX
  8
CUT
 10
22.3930
 20
109.2940
 30
0.0000
  0
VERTEX
  8
CUT
 10
23.0930
 20
109.8320
 30
0.0000
  0
VERTEX
  8
CUT
 10
23.8000
 20
110.3530
 30
0.0000
  0
VERTEX
  8
CUT
 10
23.6980
 20
110.6290
 30
0.0000
  0
VERTEX
  8
CUT
 10
23.5970
 20
110.9060
 30
0.0000
  0
VERTEX
  8
CUT
 10
23.4960
 20
111.1830
 30
0.0000
  0
VERTEX
  8
CUT
 10
23.3960
 20
111.4600
 30
0.0000
  0
VERTEX
  8
CUT
 10
23.2970
 20
111.7370
 30
0.0000
  0
VERTEX
  8
CUT
 10
23.1980
 20
112.0140
 30
0.0000
  0
VERTEX
  8
CUT
 10
23.0990
 20
112.2920
 30
0.0000
  0
VERTEX
  8
CUT
 10
23.0020
 20
112.5700
 30
0.0000
  0
VERTEX
  8
CUT
 10
22.1250
 20
112.5200
 30
0.0000
  0
VERTEX
  8
CUT
 10
21.2430
 20
112.4890
 30
0.0000
  0
VERTEX
  8
CUT
 10
20.3550
 20
112.4750
 30
0.0000
  0
VERTEX
  8
CUT
 10
19.4610
 20
112.4770
 30
0.0000
  0
VERTEX
  8
CUT
 10
18.5630
 20
112.4960
 30
0.0000
  0
VERTEX
  8
CUT
 10
17.6610
 20
112.5300
 30
0.0000
  0
VERTEX
  8
CUT
 10
16.7540
 20
112.5790
 30
0.0000
  0
VERTEX
  8
CUT
 10
15.8430
 20
112.6430
 30
0.0000
  0
VERTEX
  8
CUT
 10
15.7530
 20
112.9120
 30
0.0000
  0
VERTEX
  8
CUT
 10
15.6650
 20
113.1810
 30
0.0000
  0
VERTEX
  8
CUT
 10
15.5760
 20
113.4510
 30
0.0000
  0
VERTEX
  8
CUT
 10
15.4880
 20
113.7200
 30
0.0000
  0
VERTEX
  8
CUT
 10
15.4010
 20
113.9900
 30
0.0000
  0
VERTEX
  8
CUT
 10
15.3140
 20
114.2600
 30
0.0000
  0
VERTEX
  8
CUT
 10
15.2280
 20
114.5300
 30
0.0000
  0
VERTEX
  8
CUT
 10
15.1420
 20
114.8000
 30
0.0000
  0
VERTEX
  8
CUT
 10
15.8410
 20
115.3880
 30
0.0000
  0
VERTEX
  8
CUT
 10
16.5460
 20
115.9610
 30
0.0000
  0
VERTEX
  8
CUT
 10
17.2560
 20
116.5190
 30
0.0000
  0
VERTEX
  8
CUT
 10
17.9720
 20
117.0620
 30
0.0000
  0
VERTEX
  8
CUT
 10
18.6930
 20
117.5890
 30
0.0000
  0
VERTEX
  8
CUT
 10
19.4200
 20
118.0990
 30
0.0000
  0
VERTEX
  8
CUT
 10
20.1520
 20
118.5920
 30
0.0000
  0
VERTEX
  8
CUT
 10
20.8900
 20
119.0670
 30
0.0000
  0
VERTEX
  8
CUT
 10
20.8060
 20
119.3500
 30
0.0000
  0
VERTEX
  8
CUT
 10
20.7230
 20
119.6320
 30
0.0000
  0
VERTEX
  8
CUT
 10
20.6400
 20
119.9150
 30
0.0000
  0
VERTEX
  8
CUT
 10
20.5570
 20
120.1980
 30
0.0000
  0
VERTEX
  8
CUT
 10
20.4750
 20
120.4810
 30
0.0000
  0
VERTEX
  8
CUT
 10
20.3940
 20
120.7640
 30
0.0000
  0
VERTEX
  8
CUT
 10
20.3130
 20
121.0470
 30
0.0000
  0
VERTEX
  8
CUT
 10
20.2330
 20
121.3300
 30
0.0000
  0
VERTEX
  8
CUT
 10
19.3550
 20
121.3360
 30
0.0000
  0
VERTEX
  8
CUT
 10
18.4720
 20
121.3600
 30
0.0000
  0
VERTEX
  8
CUT
 10
17.5850
 20
121.4020
 30
0.0000
  0
VERTEX
  8
CUT
 10
16.6940
 20
121.4600
 30
0.0000
  0
VERTEX
  8
CUT
 10
15.7990
 20
121.5350
 30
0.0000
  0
VERTEX
  8
CUT
 10
14.9000
 20
121.6260
 30
0.0000
  0
VERTEX
  8
CUT
 10
13.9980
 20
121.7320
 30
0.0000
  0
VERTEX
  8
CUT
 10
13.0930
 20
121.8530
 30
0.0000
  0
VERTEX
  8
CUT
 10
13.0210
 20
122.1270
 30
0.0000
  0
VERTEX
  8
CUT
 10
12.9490
 20
122.4010
 30
0.0000
  0
VERTEX
  8
CUT
 10
12.8780
 20
122.6760
 30
0.0000
  0
VERTEX
  8
CUT
 10
12.8070
 20
122.9500
 30
0.0000
  0
VERTEX
  8
CUT
 10
12.7370
 20
123.2250
 30
0.0000
  0
VERTEX
  8
CUT
 10
12.6670
 20
123.5000
 30
0.0000
  0
VERTEX
  8
CUT
 10
12.5980
 20
123.7750
 30
0.0000
  0
VERTEX
  8
CUT
 10
12.5290
 20
124.0500
 30
0.0000
  0
VERTEX
  8
CUT
 10
13.2640
 20
124.5920
 30
0.0000
  0
VERTEX
  8
CUT
 10
14.0030
 20
125.1200
 30
0.0000
  0
VERTEX
  8
CUT
 10
14.7470
 20
125.6320
 30
0.0000
  0
VERTEX
  8
CUT
 10
15.4950
 20
126.1290
 30
0.0000
  0
VERTEX
  8
CUT
 10
16.2480
 20
126.6100
 30
0.0000
  0
VERTEX
  8
CUT
 10
17.0050
 20
127.0740
 30
0.0000
  0
VERTEX
  8
CUT
 10
17.7670
 20
127.5200
 30
0.0000
  0
VERTEX
  8
CUT
 10
18.5340
 20
127.9480
 30
0.0000
  0
VERTEX
  8
CUT
 10
18.4680
 20
128.2350
 30
0.0000
  0
VERTEX
  8
CUT
 10
18.4020
 20
128.5220
 30
0.0000
  0
VERTEX
  8
CUT
 10
18.3370
 20
128.8090
 30
0.0000
  0
VERTEX
  8
CUT
 10
18.2720
 20
129.0970
 30
0.0000
  0
VERTEX
  8
CUT
 10
18.2080
 20
129.3840
 30
0.0000
  0
VERTEX
  8
CUT
 10
18.1450
 20
129.6720
 30
0.0000
  0
VERTEX
  8
CUT
 10
18.0820
 20
129.9600
 30
0.0000
  0
VERTEX
  8
CUT
 10
18.0200
 20
130.2480
 30
0.0000
  0
VERTEX
  8
CUT
 10
17.1440
 20
130.3080
 30
0.0000
  0
VERTEX
  8
CUT
 10
16.2640
 20
130.3870
 30
0.0000
  0
VERTEX
  8
CUT
 10
15.3820
 20
130.4850
 30
0.0000
  0
VERTEX
  8
CUT
 10
14.4960
 20
130.5990
 30
0.0000
  0
VERTEX
  8
CUT
 10
13.6070
 20
130.7300
 30
0.0000
  0
VERTEX
  8
CUT
 10
12.7160
 20
130.8770
 30
0.0000
  0
VERTEX
  8
CUT
 10
11.8230
 20
131.0400
 30
0.0000
  0
VERTEX
  8
CUT
 10
10.9270
 20
131.2170
 30
0.0000
  0
VERTEX
  8
CUT
 10
10.8720
 20
131.4950
 30
0.0000
  0
VERTEX
  8
CUT
 10
10.8170
 20
131.7740
 30
0.0000
  0
VERTEX
  8
CUT
 10
10.7630
 20
132.0520
 30
0.0000
  0
VERTEX
  8
CUT
 10
10.7100
 20
132.3310
 30
0.0000
  0
VERTEX
  8
CUT
 10
10.6570
 20
132.6090
 30
0.0000
  0
VERTEX
  8
CUT
 10
10.6050
 20
132.8880
 30
0.0000
  0
VERTEX
  8
CUT
 10
10.5530
 20
133.1670
 30
0.0000
  0
VERTEX
  8
CUT
 10
10.5020
 20
133.4460
 30
0.0000
  0
VERTEX
  8
CUT
 10
11.2690
 20
133.9410
 30
0.0000
  0
VERTEX
  8
CUT
 10
12.0400
 20
134.4210
 30
0.0000
  0
VERTEX
  8
CUT
 10
12.8150
 20
134.8850
 30
0.0000
  0
VERTEX
  8
CUT
 10
13.5930
 20
135.3340
 30
0.0000
  0
VERTEX
  8
CUT
 10
14.3740
 20
135.7670
 30
0.0000
  0
VERTEX
  8
CUT
 10
15.1590
 20
136.1820
 30
0.0000
  0
VERTEX
  8
CUT
 10
15.9480
 20
136.5800
 30
0.0000
  0
VERTEX
  8
CUT
 10
16.7400
 20
136.9580
 30
0.0000
  0
VERTEX
  8
CUT
 10
16.6910
 20
137.2490
 30
0.0000
  0
VERTEX
  8
CUT
 10
16.6440
 20
137.5400
 30
0.0000
  0
VERTEX
  8
CUT
 10
16.5970
 20
137.8310
 30
0.0000
  0
VERTEX
  8
CUT
 10
16.5510
 20
138.1210
 30
0.0000
  0
VERTEX
  8
CUT
 10
16.5050
 20
138.4120
 30
0.0000
  0
VERTEX
  8
CUT
 10
16.4600
 20
138.7040
 30
0.0000
  0
VERTEX
  8
CUT
 10
16.4150
 20
138.9950
 30
0.0000
  0
VERTEX
  8
CUT
 10
16.3710
 20
139.2860
 30
0.0000
  0
VERTEX
  8
CUT
 10
15.5010
 20
139.4010
 30
0.0000
  0
VERTEX
  8
CUT
 10
14.6280
 20
139.5360
 30
0.0000
  0
VERTEX
  8
CUT
 10
13.7530
 20
139.6880
 30
0.0000
  0
VERTEX
  8
CUT
 10
12.8760
 20
139.8580
 30
0.0000
  0
VERTEX
  8
CUT
 10
11.9980
 20
140.0450
 30
0.0000
  0
VERTEX
  8
CUT
 10
11.1170
 20
140.2470
 30
0.0000
  0
VERTEX
  8
CUT
 10
10.2360
 20
140.4660
 30
0.0000
  0
VERTEX
  8
CUT
 10
9.3530
 20
140.6990
 30
0.0000
  0
VERTEX
  8
CUT
 10
9.3150
 20
140.9800
 30
0.0000
  0
VERTEX
  8
CUT
 10
9.2790
 20
141.2610
 30
0.0000
  0
VERTEX
  8
CUT
 10
9.2420
 20
141.5430
 30
0.0000
  0
VERTEX
  8
CUT
 10
9.2060
 20
141.8240
 30
0.0000
  0
VERTEX
  8
CUT
 10
9.1710
 20
142.1050
 30
0.0000
  0
VERTEX
  8
CUT
 10
9.1360
 20
142.3870
 30
0.0000
  0
VERTEX
  8
CUT
 10
9.1020
 20
142.6680
 30
0.0000
  0
VERTEX
  8
CUT
 10
9.0680
 20
142.9500
 30
0.0000
  0
VERTEX
  8
CUT
 10
9.8660
 20
143.3960
 30
0.0000
  0
VERTEX
  8
CUT
 10
10.6650
 20
143.8260
 30
0.0000
  0
VERTEX
  8
CUT
 10
11.4670
 20
144.2420
 30
0.0000
  0
VERTEX
  8
CUT
 10
12.2720
 20
144.6410
 30
0.0000
  0
VERTEX
  8
CUT
 10
13.0790
 20
145.0230
 30
0.0000
  0
VERTEX
  8
CUT
 10
13.8890
 20
145.3880
 30
0.0000
  0
VERTEX
  8
CUT
 10
14.7000
 20
145.7360
 30
0.0000
  0
VERTEX
  8
CUT
 10
15.5150
 20
146.0640
 30
0.0000
  0
VERTEX
  8
CUT
 10
15.4850
 20
146.3570
 30
0.0000
  0
VERTEX
  8
CUT
 10
15.4560
 20
146.6500
 30
0.0000
  0
VERTEX
  8
CUT
 10
15.4270
 20
146.9430
 30
0.0000
  0
VERTEX
  8
CUT
 10
15.3990
 20
147.2370
 30
0.0000
  0
VERTEX
  8
CUT
 10
15.3720
 20
147.5300
 30
0.0000
  0
VERTEX
  8
CUT
 10
15.3450
 20
147.8230
 30
0.0000
  0
VERTEX
  8
CUT
 10
15.3190
 20
148.1170
 30
0.0000
  0
VERTEX
  8
CUT
 10
15.2930
 20
148.4100
 30
0.0000
  0
VERTEX
  8
CUT
 10
14.4320
 20
148.5800
 30
0.0000
  0
VERTEX
  8
CUT
 10
13.5690
 20
148.7690
 30
0.0000
  0
VERTEX
  8
CUT
 10
12.7050
 20
148.9760
 30
0.0000
  0
VERTEX
  8
CUT
 10
11.8410
 20
149.2010
 30
0.0000
  0
VERTEX
  8
CUT
 10
10.9760
 20
149.4420
 30
0.0000
  0
VERTEX
  8
CUT
 10
10.1100
 20
149.6990
 30
0.0000
  0
VERTEX
  8
CUT
 10
9.2440
 20
149.9730
 30
0.0000
  0
VERTEX
  8
CUT
 10
8.3770
 20
150.2610
 30
0.0000
  0
VERTEX
  8
CUT
 10
8.3580
 20
150.5440
 30
0.0000
  0
VERTEX
  8
CUT
 10
8.3390
 20
150.8270
 30
0.0000
  0
VERTEX
  8
CUT
 10
8.3200
 20
151.1100
 30
0.0000
  0
VERTEX
  8
CUT
 10
8.3020
 20
151.3930
 30
0.0000
  0
VERTEX
  8
CUT
 10
8.2840
 20
151.6760
 30
0.0000
  0
VERTEX
  8
CUT
 10
8.2670
 20
151.9590
 30
0.0000
  0
VERTEX
  8
CUT
 10
8.2510
 20
152.2420
 30
0.0000
  0
VERTEX
  8
CUT
 10
8.2350
 20
152.5250
 30
0.0000
  0
VERTEX
  8
CUT
 10
9.0580
 20
152.9200
 30
0.0000
  0
VERTEX
  8
CUT
 10
9.8840
 20
153.3000
 30
0.0000
  0
VERTEX
  8
CUT
 10
10.7100
 20
153.6640
 30
0.0000
  0
VERTEX
  8
CUT
 10
11.5380
 20
154.0120
 30
0.0000
  0
VERTEX
  8
CUT
 10
12.3680
 20
154.3430
 30
0.0000
  0
VERTEX
  8
CUT
 10
13.1990
 20
154.6570
 30
0.0000
  0
VERTEX
  8
CUT
 10
14.0310
 20
154.9520
 30
0.0000
  0
VERTEX
  8
CUT
 10
14.8640
 20
155.2290
 30
0.0000
  0
VERTEX
  8
CUT
 10
14.8530
 20
155.5230
 30
0.0000
  0
VERTEX
  8
CUT
 10
14.8420
 20
155.8170
 30
0.0000
  0
VERTEX
  8
CUT
 10
14.8320
 20
156.1120
 30
0.0000
  0
VERTEX
  8
CUT
 10
14.8220
 20
156.4060
 30
0.0000
  0
VERTEX
  8
CUT
 10
14.8130
 20
156.7010
 30
0.0000
  0
VERTEX
  8
CUT
 10
14.8050
 20
156.9950
 30
0.0000
  0
VERTEX
  8
CUT
 10
14.7970
 20
157.2900
 30
0.0000
  0
VERTEX
  8
CUT
 10
14.7900
 20
157.5840
 30
0.0000
  0
VERTEX
  8
CUT
 10
13.9410
 20
157.8080
 30
0.0000
  0
VERTEX
  8
CUT
 10
13.0920
 20
158.0500
 30
0.0000
  0
VERTEX
  8
CUT
 10
12.2430
 20
158.3110
 30
0.0000
  0
VERTEX
  8
CUT
 10
11.3940
 20
158.5900
 30
0.0000
  0
VERTEX
  8
CUT
 10
10.5460
 20
158.8850
 30
0.0000
  0
VERTEX
  8
CUT
 10
9.6980
 20
159.1960
 30
0.0000
  0
VERTEX
  8
CUT
 10
8.8510
 20
159.5230
 30
0.0000
  0
VERTEX
  8
CUT
 10
8.0040
 20
159.8660
 30
0.0000
  0
VERTEX
  8
CUT
 10
8.0020
 20
160.1490
 30
0.0000
  0
VERTEX
  8
CUT
 10
8.0010
 20
160.4330
 30
0.0000
  0
VERTEX
  8
CUT
 10
8.0000
 20
160.7160
 30
0.0000
  0
VERTEX
  8
CUT
 10
8.0000
 20
161.0000
 30
0.0000
  0
VERTEX
  8
CUT
 10
8.0000
 20
161.2840
 30
0.0000
  0
VERTEX
  8
CUT
 10
8.0010
 20
161.5670
 30
0.0000
  0
VERTEX
  8
CUT
 10
8.0020
 20
161.8510
 30
0.0000
  0
VERTEX
  8
CUT
 10
8.0040
 20
162.1340
 30
0.0000
  0
VERTEX
  8
CUT
 10
8.8510
 20
162.4770
 30
0.0000
  0
VERTEX
  8
CUT
 10
9.6980
 20
162.8040
 30
0.0000
  0
VERTEX
  8
CUT
 10
10.5460
 20
163.1150
 30
0.0000
  0
VERTEX
  8
CUT
 10
11.3940
 20
163.4100
 30
0.0000
  0
VERTEX
  8
CUT
 10
12.2430
 20
163.6890
 30
0.0000
  0
VERTEX
  8
CUT
 10
13.0920
 20
163.9500
 30
0.0000
  0
VERTEX
  8
CUT
 10
13.9410
 20
164.1920
 30
0.0000
  0
VERTEX
  8
CUT
 10
14.7900
 20
164.4160
 30
0.0000
  0
VERTEX
  8
CUT
 10
14.7970
 20
164.7100
 30
0.0000
  0
VERTEX
  8
CUT
 10
14.8050
 20
165.0050
 30
0.0000
  0
VERTEX
  8
CUT
 10
14.8130
 20
165.2990
 30
0.0000
  0
VERTEX
  8
CUT
 10
14.8220
 20
165.5940
 30
0.0000
  0
VERTEX
  8
CUT
 10
14.8320
 20
165.8880
 30
0.0000
  0
VERTEX
  8
CUT
 10
14.8420
 20
166.1830
 30
0.0000
  0
VERTEX
  8
CUT
 10
14.8530
 20
166.4770
 30
0.0000
  0
VERTEX
  8
CUT
 10
14.8640
 20
166.7710
 30
0.0000
  0
VERTEX
  8
CUT
 10
14.0310
 20
167.0480
 30
0.0000
  0
VERTEX
  8
CUT
 10
13.1990
 20
167.3430
 30
0.0000
  0
VERTEX
  8
CUT
 10
12.3680
 20
167.6570
 30
0.0000
  0
VERTEX
  8
CUT
 10
11.5380
 20
167.9880
 30
0.0000
  0
VERTEX
  8
CUT
 10
10.7100
 20
168.3360
 30
0.0000
  0
VERTEX
  8
CUT
 10
9.8840
 20
168.7000
 30
0.0000
  0
VERTEX
  8
CUT
 10
9.0580
 20
169.0800
 30
0.0000
  0
VERTEX
  8
CUT
 10
8.2350
 20
169.4750
 30
0.0000
  0
VERTEX
  8
CUT
 10
8.2510
 20
169.7580
 30
0.0000
  0
VERTEX
  8
CUT
 10
8.2670
 20
170.0410
 30
0.0000
  0
VERTEX
  8
CUT
 10
8.2840
 20
170.3240
 30
0.0000
  0
VERTEX
  8
CUT
 10
8.3020
 20
170.6070
 30
0.0000
  0
VERTEX
  8
CUT
 10
8.3200
 20
170.8900
 30
0.0000
  0
VERTEX
  8
CUT
 10
8.3390
 20
171.1730
 30
0.0000
  0
VERTEX
  8
CUT
 10
8.3580
 20
171.4560
 30
0.0000
  0
VERTEX
  8
CUT
 10
8.3770
 20
171.7390
 30
0.0000
  0
VERTEX
  8
CUT
 10
9.2440
 20
172.0270
 30
0.0000
  0
VERTEX
  8
CUT
 10
10.1100
 20
172.3010
 30
0.0000
  0
VERTEX
  8
CUT
 10
10.9760
 20
172.5580
 30
0.0000
  0
VERTEX
  8
CUT
 10
11.8410
 20
172.7990
 30
0.0000
  0
VERTEX
  8
CUT
 10
12.7050
 20
173.0240
 30
0.0000
  0
VERTEX
  8
CUT
 10
13.5690
 20
173.2310
 30
0.0000
  0
VERTEX
  8
CUT
 10
14.4320
 20
173.4200
 30
0.0000
  0
VERTEX
  8
CUT
 10
15.2930
 20
173.5900
 30
0.0000
  0
VERTEX
  8
CUT
 10
15.3190
 20
173.8830
 30
0.0000
  0
VERTEX
  8
CUT
 10
15.3450
 20
174.1770
 30
0.0000
  0
VERTEX
  8
CUT
 10
15.3720
 20
174.4700
 30
0.0000
  0
VERTEX
  8
CUT
 10
15.3990
 20
174.7630
 30
0.0000
  0
VERTEX
  8
CUT
 10
15.4270
 20
175.0570
 30
0.0000
  0
VERTEX
  8
CUT
 10
15.4560
 20
175.3500
 30
0.0000
  0
VERTEX
  8
CUT
 10
15.4850
 20
175.6430
 30
0.0000
  0
VERTEX
  8
CUT
 10
15.5150
 20
175.9360
 30
0.0000
  0
VERTEX
  8
CUT
 10
14.7000
 20
176.2640
 30
0.0000
  0
VERTEX
  8
CUT
 10
13.8890
 20
176.6120
 30
0.0000
  0
VERTEX
  8
CUT
 10
13.0790
 20
176.9770
 30
0.0000
  0
VERTEX
  8
CUT
 10
12.2720
 20
177.3590
 30
0.0000
  0
VERTEX
  8
CUT
 10
11.4670
 20
177.7580
 30
0.0000
  0
VERTEX
  8
CUT
 10
10.6650
 20
178.1740
 30
0.0000
  0
VERTEX
  8
CUT
 10
9.8660
 20
178.6040
 30
0.0000
  0
VERTEX
  8
CUT
 10
9.0680
 20
179.0500
 30
0.0000
  0
VERTEX
  8
CUT
 10
9.1020
 20
179.3320
 30
0.0000
  0
VERTEX
  8
CUT
 10
9.1360
 20
179.6130
 30
0.0000
  0
VERTEX
  8
CUT
 10
9.1710
 20
179.8950
 30
0.0000
  0
VERTEX
  8
CUT
 10
9.2060
 20
180.1760
 30
0.0000
  0
VERTEX
  8
CUT
 10
9.2420
 20
180.4570
 30
0.0000
  0
VERTEX
  8
CUT
 10
9.2790
 20
180.7390
 30
0.0000
  0
VERTEX
  8
CUT
 10
9.3150
 20
181.0200
 30
0.0000
  0
VERTEX
  8
CUT
 10
9.3530
 20
181.3010
 30
0.0000
  0
VERTEX
  8
CUT
 10
10.2360
 20
181.5340
 30
0.0000
  0
VERTEX
  8
CUT
 10
11.1170
 20
181.7530
 30
0.0000
  0
VERTEX
  8
CUT
 10
11.9980
 20
181.9550
 30
0.0000
  0
VERTEX
  8
CUT
 10
12.8760
 20
182.1420
 30
0.0000
  0
VERTEX
  8
CUT
 10
13.7530
 20
182.3120
 30
0.0000
  0
VERTEX
  8
CUT
 10
14.6280
 20
182.4640
 30
0.0000
  0
VERTEX
  8
CUT
 10
15.5010
 20
182.5990
 30
0.0000
  0
VERTEX
  8
CUT
 10
16.3710
 20
182.7140
 30
0.0000
  0
VERTEX
  8
CUT
 10
16.4150
 20
183.0050
 30
0.0000
  0
VERTEX
  8
CUT
 10
16.4600
 20
183.2960
 30
0.0000
  0
VERTEX
  8
CUT
 10
16.5050
 20
183.5880
 30
0.0000
  0
VERTEX
  8
CUT
 10
16.5510
 20
183.8790
 30
0.0000
  0
VERTEX
  8
CUT
 10
16.5970
 20
184.1690
 30
0.0000
  0
VERTEX
  8
CUT
 10
16.6440
 20
184.4600
 30
0.0000
  0
VERTEX
  8
CUT
 10
16.6910
 20
184.7510
 30
0.0000
  0
VERTEX
  8
CUT
 10
16.7400
 20
185.0420
 30
0.0000
  0
VERTEX
  8
CUT
 10
15.9480
 20
185.4200
 30
0.0000
  0
VERTEX
  8
CUT
 10
15.1590
 20
185.8180
 30
0.0000
  0
VERTEX
  8
CUT
 10
14.3740
 20
186.2330
 30
0.0000
  0
VERTEX
  8
CUT
 10
13.5930
 20
186.6660
 30
0.0000
  0
VERTEX
  8
CUT
 10
12.8150
 20
187.1150
 30
0.0000
  0
VERTEX
  8
CUT
 10
12.0400
 20
187.5790
 30
0.0000
  0
VERTEX
  8
CUT
 10
11.2690
 20
188.0590
 30
0.0000
  0
VERTEX
  8
CUT
 10
10.5020
 20
188.5540
 30
0.0000
  0
VERTEX
  8
CUT
 10
10.5530
 20
188.8330
 30
0.0000
  0
VERTEX
  8
CUT
 10
10.6050
 20
189.1120
 30
0.0000
  0
VERTEX
  8
CUT
 10
10.6570
 20
189.3910
 30
0.0000
  0
VERTEX
  8
CUT
 10
10.7100
 20
189.6690
 30
0.0000
  0
VERTEX
  8
CUT
 10
10.7630
 20
189.9480
 30
0.0000
  0
VERTEX
  8
CUT
 10
10.8170
 20
190.2260
 30
0.0000
  0
VERTEX
  8
CUT
 10
10.8720
 20
190.5050
 30
0.0000
  0
VERTEX
  8
CUT
 10
10.9270
 20
190.7830
 30
0.0000
  0
VERTEX
  8
CUT
 10
11.8230
 20
190.9600
 30
0.0000
  0
VERTEX
  8
CUT
 10
12.7160
 20
191.1230
 30
0.0000
  0
VERTEX
  8
CUT
 10
13.6070
 20
191.2700
 30
0.0000
  0
VERTEX
  8
CUT
 10
14.4960
 20
191.4010
 30
0.0000
  0
VERTEX
  8
CUT
 10
15.3820
 20
191.5150
 30
0.0000
  0
VERTEX
  8
CUT
 10
16.2640
 20
191.6130
 30
0.0000
  0
VERTEX
  8
CUT
 10
17.1440
 20
191.6920
 30
0.0000
  0
VERTEX
  8
CUT
 10
18.0200
 20
191.7520
 30
0.0000
  0
VERTEX
  8
CUT
 10
18.0820
 20
192.0400
 30
0.0000
  0
VERTEX
  8
CUT
 10
18.1450
 20
192.3280
 30
0.0000
  0
VERTEX
  8
CUT
 10
18.2080
 20
192.6160
 30
0.0000
  0
VERTEX
  8
CUT
 10
18.2720
 20
192.9030
 30
0.0000
  0
VERTEX
  8
CUT
 10
18.3370
 20
193.1910
 30
0.0000
  0
VERTEX
  8
CUT
 10
18.4020
 20
193.4780
 30
0.0000
  0
VERTEX
  8
CUT
 10
18.4680
 20
193.7650
 30
0.0000
  0
VERTEX
  8
CUT
 10
18.5340
 20
194.0520
 30
0.0000
  0
VERTEX
  8
CUT
 10
17.7670
 20
194.4800
 30
0.0000
  0
VERTEX
  8
CUT
 10
17.0050
 20
194.9260
 30
0.0000
  0
VERTEX
  8
CUT
 10
16.2480
 20
195.3900
 30
0.0000
  0
VERTEX
  8
CUT
 10
15.4950
 20
195.8710
 30
0.0000
  0
VERTEX
  8
CUT
 10
14.7470
 20
196.3680
 30
0.0000
  0
VERTEX
  8
CUT
 10
14.0030
 20
196.8800
 30
0.0000
  0
VERTEX
  8
CUT
 10
13.2640
 20
197.4080
 30
0.0000
  0
VERTEX
  8
CUT
 10
12.5290
 20
197.9500
 30
0.0000
  0
VERTEX
  8
CUT
 10
12.5980
 20
198.2250
 30
0.0000
  0
VERTEX
  8
CUT
 10
12.6670
 20
198.5000
 30
0.0000
  0
VERTEX
  8
CUT
 10
12.7370
 20
198.7750
 30
0.0000
  0
VERTEX
  8
CUT
 10
12.8070
 20
199.0500
 30
0.0000
  0
VERTEX
  8
CUT
 10
12.8780
 20
199.3240
 30
0.0000
  0
VERTEX
  8
CUT
 10
12.9490
 20
199.5990
 30
0.0000
  0
VERTEX
  8
CUT
 10
13.0210
 20
199.8730
 30
0.0000
  0
VERTEX
  8
CUT
 10
13.0930
 20
200.1470
 30
0.0000
  0
VERTEX
  8
CUT
 10
13.9980
 20
200.2680
 30
0.0000
  0
VERTEX
  8
CUT
 10
14.9000
 20
200.3740
 30
0.0000
  0
VERTEX
  8
CUT
 10
15.7990
 20
200.4650
 30
0.0000
  0
VERTEX
  8
CUT
 10
16.6940
 20
200.5400
 30
0.0000
  0
VERTEX
  8
CUT
 10
17.5850
 20
200.5980
 30
0.0000
  0
VERTEX
  8
CUT
 10
18.4720
 20
200.6400
 30
0.0000
  0
VERTEX
  8
CUT
 10
19.3550
 20
200.6640
 30
0.0000
  0
VERTEX
  8
CUT
 10
20.2330
 20
200.6700
 30
0.0000
  0
VERTEX
  8
CUT
 10
20.3130
 20
200.9530
 30
0.0000
  0
VERTEX
  8
CUT
 10
20.3940
 20
201.2360
 30
0.0000
  0
VERTEX
  8
CUT
 10
20.4750
 20
201.5190
 30
0.0000
  0
VERTEX
  8
CUT
 10
20.5570
 20
201.8020
 30
0.0000
  0
VERTEX
  8
CUT
 10
20.6400
 20
202.0850
 30
0.0000
  0
VERTEX
  8
CUT
 10
20.7230
 20
202.3680
 30
0.0000
  0
VERTEX
  8
CUT
 10
20.8060
 20
202.6500
 30
0.0000
  0
VERTEX
  8
CUT
 10
20.8900
 20
202.9330
 30
0.0000
  0
VERTEX
  8
CUT
 10
20.1520
 20
203.4080
 30
0.0000
  0
VERTEX
  8
CUT
 10
19.4200
 20
203.9010
 30
0.0000
  0
VERTEX
  8
CUT
 10
18.6930
 20
204.4110
 30
0.0000
  0
VERTEX
  8
CUT
 10
17.9720
 20
204.9380
 30
0.0000
  0
VERTEX
  8
CUT
 10
17.2560
 20
205.4810
 30
0.0000
  0
VERTEX
  8
CUT
 10
16.5460
 20
206.0390
 30
0.0000
  0
VERTEX
  8
CUT
 10
15.8410
 20
206.6120
 30
0.0000
  0
VERTEX
  8
CUT
 10
15.1420
 20
207.2000
 30
0.0000
  0
VERTEX
  8
CUT
 10
15.2280
 20
207.4700
 30
0.0000
  0
VERTEX
  8
CUT
 10
15.3140
 20
207.7400
 30
0.0000
  0
VERTEX
  8
CUT
 10
15.4010
 20
208.0100
 30
0.0000
  0
VERTEX
  8
CUT
 10
15.4880
 20
208.2800
 30
0.0000
  0
VERTEX
  8
CUT
 10
15.5760
 20
208.5490
 30
0.0000
  0
VERTEX
  8
CUT
 10
15.6650
 20
208.8190
 30
0.0000
  0
VERTEX
  8
CUT
 10
15.7530
 20
209.0880
 30
0.0000
  0
VERTEX
  8
CUT
 10
15.8430
 20
209.3570
 30
0.0000
  0
VERTEX
  8
CUT
 10
16.7540
 20
209.4210
 30
0.0000
  0
VERTEX
  8
CUT
 10
17.6610
 20
209.4700
 30
0.0000
  0
VERTEX
  8
CUT
 10
18.5630
 20
209.5040
 30
0.0000
  0
VERTEX
  8
CUT
 10
19.4610
 20
209.5230
 30
0.0000
  0
VERTEX
  8
CUT
 10
20.3550
 20
209.5250
 30
0.0000
  0
VERTEX
  8
CUT
 10
21.2430
 20
209.5110
 30
0.0000
  0
VERTEX
  8
CUT
 10
22.1250
 20
209.4800
 30
0.0000
  0
VERTEX
  8
CUT
 10
23.0020
 20
209.4300
 30
0.0000
  0
VERTEX
  8
CUT
 10
23.0990
 20
209.7080
 30
0.0000
  0
VERTEX
  8
CUT
 10
23.1980
 20
209.9860
 30
0.0000
  0
VERTEX
  8
CUT
 10
23.2970
 20
210.2630
 30
0.0000
  0
VERTEX
  8
CUT
 10
23.3960
 20
210.5400
 30
0.0000
  0
VERTEX
  8
CUT
 10
23.4960
 20
210.8170
 30
0.0000
  0
VERTEX
  8
CUT
 10
23.5970
 20
211.0940
 30
0.0000
  0
VERTEX
  8
CUT
 10
23.6980
 20
211.3710
 30
0.0000
  0
VERTEX
  8
CUT
 10
23.8000
 20
211.6470
 30
0.0000
  0
VERTEX
  8
CUT
 10
23.0930
 20
212.1680
 30
0.0000
  0
VERTEX
  8
CUT
 10
22.3930
 20
212.7060
 30
0.0000
  0
VERTEX
  8
CUT
 10
21.7000
 20
213.2610
 30
0.0000
  0
VERTEX
  8
CUT
 10
21.0130
 20
213.8330
 30
0.0000
  0
VERTEX
  8
CUT
 10
20.3330
 20
214.4190
 30
0.0000
  0
VERTEX
  8
CUT
 10
19.6590
 20
215.0210
 30
0.0000
  0
VERTEX
  8
CUT
 10
18.9920
 20
215.6370
 30
0.0000
  0
VERTEX
  8
CUT
 10
18.3310
 20
216.2670
 30
0.0000
  0
VERTEX
  8
CUT
 10
18.4330
 20
216.5310
 30
0.0000
  0
VERTEX
  8
CUT
 10
18.5360
 20
216.7950
 30
0.0000
  0
VERTEX
  8
CUT
 10
18.6400
 20
217.0590
 30
0.0000
  0
VERTEX
  8
CUT
 10
18.7440
 20
217.3230
 30
0.0000
  0
VERTEX
  8
CUT
 10
18.8490
 20
217.5870
 30
0.0000
  0
VERTEX
  8
CUT
 10
18.9540
 20
217.8500
 30
0.0000
  0
VERTEX
  8
CUT
 10
19.0600
 20
218.1130
 30
0.0000
  0
VERTEX
  8
CUT
 10
19.1660
 20
218.3760
 30
0.0000
  0
VERTEX
  8
CUT
 10
20.0790
 20
218.3830
 30
0.0000
  0
VERTEX
  8
CUT
 10
20.9870
 20
218.3750
 30
0.0000
  0
VERTEX
  8
CUT
 10
21.8900
 20
218.3520
 30
0.0000
  0
VERTEX
  8
CUT
 10
22.7880
 20
218.3140
 30
0.0000
  0
VERTEX
  8
CUT
 10
23.6790
 20
218.2610
 30
0.0000
  0
VERTEX
  8
CUT
 10
24.5640
 20
218.1910
 30
0.0000
  0
VERTEX
  8
CUT
 10
25.4430
 20
218.1040
 30
0.0000
  0
VERTEX
  8
CUT
 10
26.3150
 20
218.0000
 30
0.0000
  0
VERTEX
  8
CUT
 10
26.4300
 20
218.2710
 30
0.0000
  0
VERTEX
  8
CUT
 10
26.5450
 20
218.5420
 30
0.0000
  0
VERTEX
  8
CUT
 10
26.6620
 20
218.8120
 30
0.0000
  0
VERTEX
  8
CUT
 10
26.7780
 20
219.0830
 30
0.0000
  0
VERTEX
  8
CUT
 10
26.8960
 20
219.3530
 30
0.0000
  0
VERTEX
  8
CUT
 10
27.0130
 20
219.6230
 30
0.0000
  0
VERTEX
  8
CUT
 10
27.1320
 20
219.8930
 30
0.0000
  0
VERTEX
  8
CUT
 10
27.2510
 20
220.1620
 30
0.0000
  0
VERTEX
  8
CUT
 10
26.5780
 20
220.7260
 30
0.0000
  0
VERTEX
  8
CUT
 10
25.9130
 20
221.3070
 30
0.0000
  0
VERTEX
  8
CUT
 10
25.2560
 20
221.9050
 30
0.0000
  0
VERTEX
  8
CUT
 10
24.6070
 20
222.5180
 30
0.0000
  0
VERTEX
  8
CUT
 10
23.9650
 20
223.1460
 30
0.0000
  0
VERTEX
  8
CUT
 10
23.3300
 20
223.7890
 30
0.0000
  0
VERTEX
  8
CUT
 10
22.7030
 20
224.4460
 30
0.0000
  0
VERTEX
  8
CUT
 10
22.0820
 20
225.1160
 30
0.0000
  0
VERTEX
  8
CUT
 10
22.2010
 20
225.3730
 30
0.0000
  0
VERTEX
  8
CUT
 10
22.3210
 20
225.6310
 30
0.0000
  0
VERTEX
  8
CUT
 10
22.4410
 20
225.8880
 30
0.0000
  0
VERTEX
  8
CUT
 10
22.5610
 20
226.1440
 30
0.0000
  0
VERTEX
  8
CUT
 10
22.6820
 20
226.4010
 30
0.0000
  0
VERTEX
  8
CUT
 10
22.8040
 20
226.6570
 30
0.0000
  0
VERTEX
  8
CUT
 10
22.9260
 20
226.9130
 30
0.0000
  0
VERTEX
  8
CUT
 10
23.0480
 20
227.1690
 30
0.0000
  0
VERTEX
  8
CUT
 10
23.9600
 20
227.1180
 30
0.0000
  0
VERTEX
  8
CUT
 10
24.8660
 20
227.0530
 30
0.0000
  0
VERTEX
  8
CUT
 10
25.7660
 20
226.9740
 30
0.0000
  0
VERTEX
  8
CUT
 10
26.6590
 20
226.8800
 30
0.0000
  0
VERTEX
  8
CUT
 10
27.5450
 20
226.7700
 30
0.0000
  0
VERTEX
  8
CUT
 10
28.4250
 20
226.6450
 30
0.0000
  0
VERTEX
  8
CUT
 10
29.2960
 20
226.5030
 30
0.0000
  0
VERTEX
  8
CUT
 10
30.1600
 20
226.3440
 30
0.0000
  0
VERTEX
  8
CUT
 10
30.2910
 20
226.6070
 30
0.0000
  0
VERTEX
  8
CUT
 10
30.4240
 20
226.8710
 30
0.0000
  0
VERTEX
  8
CUT
 10
30.5570
 20
227.1330
 30
0.0000
  0
VERTEX
  8
CUT
 10
30.6900
 20
227.3960
 30
0.0000
  0
VERTEX
  8
CUT
 10
30.8240
 20
227.6580
 30
0.0000
  0
VERTEX
  8
CUT
 10
30.9590
 20
227.9210
 30
0.0000
  0
VERTEX
  8
CUT
 10
31.0940
 20
228.1820
 30
0.0000
  0
VERTEX
  8
CUT
 10
31.2290
 20
228.4440
 30
0.0000
  0
VERTEX
  8
CUT
 10
30.5930
 20
229.0490
 30
0.0000
  0
VERTEX
  8
CUT
 10
29.9660
 20
229.6710
 30
0.0000
  0
VERTEX
  8
CUT
 10
29.3480
 20
230.3080
 30
0.0000
  0
VERTEX
  8
CUT
 10
28.7380
 20
230.9610
 30
0.0000
  0
VERTEX
  8
CUT
 10
28.1370
 20
231.6280
 30
0.0000
  0
VERTEX
  8
CUT
 10
27.5440
 20
232.3100
 30
0.0000
  0
VERTEX
  8
CUT
 10
26.9590
 20
233.0040
 30
0.0000
  0
VERTEX
  8
CUT
 10
26.3820
 20
233.7120
 30
0.0000
  0
VERTEX
  8
CUT
 10
26.5170
 20
233.9620
 30
0.0000
  0
VERTEX
  8
CUT
 10
26.6530
 20
234.2110
 30
0.0000
  0
VERTEX
  8
CUT
 10
26.7890
 20
234.4600
 30
0.0000
  0
VERTEX
  8
CUT
 10
26.9250
 20
234.7080
 30
0.0000
  0
VERTEX
  8
CUT
 10
27.0620
 20
234.9570
 30
0.0000
  0
VERTEX
  8
CUT
 10
27.1990
 20
235.2050
 30
0.0000
  0
VERTEX
  8
CUT
 10
27.3370
 20
235.4530
 30
0.0000
  0
VERTEX
  8
CUT
 10
27.4750
 20
235.7000
 30
0.0000
  0
VERTEX
  8
CUT
 10
28.3820
 20
235.5920
 30
0.0000
  0
VERTEX
  8
CUT
 10
29.2820
 20
235.4710
 30
0.0000
  0
VERTEX
  8
CUT
 10
30.1750
 20
235.3350
 30
0.0000
  0
VERTEX
  8
CUT
 10
31.0610
 20
235.1850
 30
0.0000
  0
VERTEX
  8
CUT
 10
31.9390
 20
235.0200
 30
0.0000
  0
VERTEX
  8
CUT
 10
32.8080
 20
234.8400
 30
0.0000
  0
VERTEX
  8
CUT
 10
33.6690
 20
234.6440
 30
0.0000
  0
VERTEX
  8
CUT
 10
34.5210
 20
234.4310
 30
0.0000
  0
VERTEX
  8
CUT
 10
34.6690
 20
234.6850
 30
0.0000
  0
VERTEX
  8
CUT
 10
34.8180
 20
234.9400
 30
0.0000
  0
VERTEX
  8
CUT
 10
34.9670
 20
235.1940
 30
0.0000
  0
VERTEX
  8
CUT
 10
35.1160
 20
235.4470
 30
0.0000
  0
VERTEX
  8
CUT
 10
35.2670
 20
235.7010
 30
0.0000
  0
VERTEX
  8
CUT
 10
35.4170
 20
235.9540
 30
0.0000
  0
VERTEX
  8
CUT
 10
35.5690
 20
236.2070
 30
0.0000
  0
VERTEX
  8
CUT
 10
35.7200
 20
236.4590
 30
0.0000
  0
VERTEX
  8
CUT
 10
35.1230
 20
237.1030
 30
0.0000
  0
VERTEX
  8
CUT
 10
34.5370
 20
237.7630
 30
0.0000
  0
VERTEX
  8
CUT
 10
33.9600
 20
238.4380
 30
0.0000
  0
VERTEX
  8
CUT
 10
33.3920
 20
239.1280
 30
0.0000
  0
VERTEX
  8
CUT
 10
32.8340
 20
239.8310
 30
0.0000
  0
VERTEX
  8
CUT
 10
32.2850
 20
240.5490
 30
0.0000
  0
VERTEX
  8
CUT
 10
31.7450
 20
241.2790
 30
0.0000
  0
VERTEX
  8
CUT
 10
31.2140
 20
242.0220
 30
0.0000
  0
VERTEX
  8
CUT
 10
31.3640
 20
242.2620
 30
0.0000
  0
VERTEX
  8
CUT
 10
31.5150
 20
242.5020
 30
0.0000
  0
VERTEX
  8
CUT
 10
31.6660
 20
242.7420
 30
0.0000
  0
VERTEX
  8
CUT
 10
31.8180
 20
242.9810
 30
0.0000
  0
VERTEX
  8
CUT
 10
31.9700
 20
243.2210
 30
0.0000
  0
VERTEX
  8
CUT
 10
32.1230
 20
243.4600
 30
0.0000
  0
VERTEX
  8
CUT
 10
32.2760
 20
243.6990
 30
0.0000
  0
VERTEX
  8
CUT
 10
32.4290
 20
243.9370
 30
0.0000
  0
VERTEX
  8
CUT
 10
33.3280
 20
243.7720
 30
0.0000
  0
VERTEX
  8
CUT
 10
34.2180
 20
243.5950
 30
0.0000
  0
VERTEX
  8
CUT
 10
35.1010
 20
243.4030
 30
0.0000
  0
VERTEX
  8
CUT
 10
35.9750
 20
243.1980
 30
0.0000
  0
VERTEX
  8
CUT
 10
36.8410
 20
242.9780
 30
0.0000
  0
VERTEX
  8
CUT
 10
37.6980
 20
242.7440
 30
0.0000
  0
VERTEX
  8
CUT
 10
38.5440
 20
242.4940
 30
0.0000
  0
VERTEX
  8
CUT
 10
39.3810
 20
242.2270
 30
0.0000
  0
VERTEX
  8
CUT
 10
39.5450
 20
242.4720
 30
0.0000
  0
VERTEX
  8
CUT
 10
39.7090
 20
242.7170
 30
0.0000
  0
VERTEX
  8
CUT
 10
39.8740
 20
242.9610
 30
0.0000
  0
VERTEX
  8
CUT
 10
40.0390
 20
243.2050
 30
0.0000
  0
VERTEX
  8
CUT
 10
40.2050
 20
243.4480
 30
0.0000
  0
VERTEX
  8
CUT
 10
40.3720
 20
243.6910
 30
0.0000
  0
VERTEX
  8
CUT
 10
40.5380
 20
243.9340
 30
0.0000
  0
VERTEX
  8
CUT
 10
40.7060
 20
244.1770
 30
0.0000
  0
VERTEX
  8
CUT
 10
40.1500
 20
244.8570
 30
0.0000
  0
VERTEX
  8
CUT
 10
39.6060
 20
245.5520
 30
0.0000
  0
VERTEX
  8
CUT
 10
39.0730
 20
246.2620
 30
0.0000
  0
VERTEX
  8
CUT
 10
38.5500
 20
246.9860
 30
0.0000
  0
VERTEX
  8
CUT
 10
38.0370
 20
247.7230
 30
0.0000
  0
VERTEX
  8
CUT
 10
37.5340
 20
248.4740
 30
0.0000
  0
VERTEX
  8
CUT
 10
37.0410
 20
249.2360
 30
0.0000
  0
VERTEX
  8
CUT
 10
36.5570
 20
250.0110
 30
0.0000
  0
VERTEX
  8
CUT
 10
36.7220
 20
250.2420
 30
0.0000
  0
VERTEX
  8
CUT
 10
36.8880
 20
250.4720
 30
0.0000
  0
VERTEX
  8
CUT
 10
37.0540
 20
250.7020
 30
0.0000
  0
VERTEX
  8
CUT
 10
37.2200
 20
250.9310
 30
0.0000
  0
VERTEX
  8
CUT
 10
37.3870
 20
251.1600
 30
0.0000
  0
VERTEX
  8
CUT
 10
37.5550
 20
251.3890
 30
0.0000
  0
VERTEX
  8
CUT
 10
37.7220
 20
251.6180
 30
0.0000
  0
VERTEX
  8
CUT
 10
37.8910
 20
251.8460
 30
0.0000
  0
VERTEX
  8
CUT
 10
38.7770
 20
251.6260
 30
0.0000
  0
VERTEX
  8
CUT
 10
39.6550
 20
251.3920
 30
0.0000
  0
VERTEX
  8
CUT
 10
40.5230
 20
251.1460
 30
0.0000
  0
VERTEX
  8
CUT
 10
41.3830
 20
250.8860
 30
0.0000
  0
VERTEX
  8
CUT
 10
42.2330
 20
250.6120
 30
0.0000
  0
VERTEX
  8
CUT
 10
43.0740
 20
250.3240
 30
0.0000
  0
VERTEX
  8
CUT
 10
43.9030
 20
250.0220
 30
0.0000
  0
VERTEX
  8
CUT
 10
44.7210
 20
249.7040
 30
0.0000
  0
VERTEX
  8
CUT
 10
44.9000
 20
249.9380
 30
0.0000
  0
VERTEX
  8
CUT
 10
45.0800
 20
250.1710
 30
0.0000
  0
VERTEX
  8
CUT
 10
45.2600
 20
250.4050
 30
0.0000
  0
VERTEX
  8
CUT
 10
45.4400
 20
250.6380
 30
0.0000
  0
VERTEX
  8
CUT
 10
45.6210
 20
250.8700
 30
0.0000
  0
VERTEX
  8
CUT
 10
45.8020
 20
251.1020
 30
0.0000
  0
VERTEX
  8
CUT
 10
45.9840
 20
251.3340
 30
0.0000
  0
VERTEX
  8
CUT
 10
46.1660
 20
251.5660
 30
0.0000
  0
VERTEX
  8
CUT
 10
45.6540
 20
252.2790
 30
0.0000
  0
VERTEX
  8
CUT
 10
45.1550
 20
253.0080
 30
0.0000
  0
VERTEX
  8
CUT
 10
44.6670
 20
253.7500
 30
0.0000
  0
VERTEX
  8
CUT
 10
44.1910
 20
254.5050
 30
0.0000
  0
VERTEX
  8
CUT
 10
43.7250
 20
255.2730
 30
0.0000
  0
VERTEX
  8
CUT
 10
43.2700
 20
256.0540
 30
0.0000
  0
VERTEX
  8
CUT
 10
42.8260
 20
256.8460
 30
0.0000
  0
VERTEX
  8
CUT
 10
42.3920
 20
257.6490
 30
0.0000
  0
VERTEX
  8
CUT
 10
42.5710
 20
257.8690
 30
0.0000
  0
VERTEX
  8
CUT
 10
42.7510
 20
258.0880
 30
0.0000
  0
VERTEX
  8
CUT
 10
42.9310
 20
258.3070
 30
0.0000
  0
VERTEX
  8
CUT
 10
43.1110
 20
258.5260
 30
0.0000
  0
VERTEX
  8
CUT
 10
43.2920
 20
258.7440
 30
0.0000
  0
VERTEX
  8
CUT
 10
43.4740
 20
258.9620
 30
0.0000
  0
VERTEX
  8
CUT
 10
43.6560
 20
259.1800
 30
0.0000
  0
VERTEX
  8
CUT
 10
43.8380
 20
259.3970
 30
0.0000
  0
VERTEX
  8
CUT
 10
44.7080
 20
259.1210
 30
0.0000
  0
VERTEX
  8
CUT
 10
45.5700
 20
258.8330
 30
0.0000
  0
VERTEX
  8
CUT
 10
46.4220
 20
258.5330
 30
0.0000
  0
VERTEX
  8
CUT
 10
47.2630
 20
258.2190
 30
0.0000
  0
VERTEX
  8
CUT
 10
48.0950
 20
257.8930
 30
0.0000
  0
VERTEX
  8
CUT
 10
48.9150
 20
257.5530
 30
0.0000
  0
VERTEX
  8
CUT
 10
49.7240
 20
257.1990
 30
0.0000
  0
VERTEX
  8
CUT
 10
50.5210
 20
256.8300
 30
0.0000
  0
VERTEX
  8
CUT
 10
50.7140
 20
257.0520
 30
0.0000
  0
VERTEX
  8
CUT
 10
50.9080
 20
257.2740
 30
0.0000
  0
VERTEX
  8
CUT
 10
51.1020
 20
257.4960
 30
0.0000
  0
VERTEX
  8
CUT
 10
51.2960
 20
257.7170
 30
0.0000
  0
VERTEX
  8
CUT
 10
51.4910
 20
257.9380
 30
0.0000
  0
VERTEX
  8
CUT
 10
51.6870
 20
258.1580
 30
0.0000
  0
VERTEX
  8
CUT
 10
51.8830
 20
258.3780
 30
0.0000
  0
VERTEX
  8
CUT
 10
52.0790
 20
258.5980
 30
0.0000
  0
VERTEX
  8
CUT
 10
51.6130
 20
259.3420
 30
0.0000
  0
VERTEX
  8
CUT
 10
51.1610
 20
260.1000
 30
0.0000
  0
VERTEX
  8
CUT
 10
50.7200
 20
260.8710
 30
0.0000
  0
VERTEX
  8
CUT
 10
50.2920
 20
261.6550
 30
0.0000
  0
VERTEX
  8
CUT
 10
49.8760
 20
262.4510
 30
0.0000
  0
VERTEX
  8
CUT
 10
49.4710
 20
263.2580
 30
0.0000
  0
VERTEX
  8
CUT
 10
49.0770
 20
264.0770
 30
0.0000
  0
VERTEX
  8
CUT
 10
48.6940
 20
264.9060
 30
0.0000
  0
VERTEX
  8
CUT
 10
48.8870
 20
265.1140
 30
0.0000
  0
VERTEX
  8
CUT
 10
49.0800
 20
265.3220
 30
0.0000
  0
VERTEX
  8
CUT
 10
49.2740
 20
265.5290
 30
0.0000
  0
VERTEX
  8
CUT
 10
49.4680
 20
265.7360
 30
0.0000
  0
VERTEX
  8
CUT
 10
49.6620
 20
265.9420
 30
0.0000
  0
VERTEX
  8
CUT
 10
49.8570
 20
266.1480
 30
0.0000
  0
VERTEX
  8
CUT
 10
50.0520
 20
266.3540
 30
0.0000
  0
VERTEX
  8
CUT
 10
50.2470
 20
266.5600
 30
0.0000
  0
VERTEX
  8
CUT
 10
51.0990
 20
266.2300
 30
0.0000
  0
VERTEX
  8
CUT
 10
51.9410
 20
265.8880
 30
0.0000
  0
VERTEX
  8
CUT
 10
52.7720
 20
265.5350
 30
0.0000
  0
VERTEX
  8
CUT
 10
53.5920
 20
265.1690
 30
0.0000
  0
VERTEX
  8
CUT
 10
54.4010
 20
264.7910
 30
0.0000
  0
VERTEX
  8
CUT
 10
55.1990
 20
264.4000
 30
0.0000
  0
VERTEX
  8
CUT
 10
55.9840
 20
263.9960
 30
0.0000
  0
VERTEX
  8
CUT
 10
56.7560
 20
263.5780
 30
0.0000
  0
VERTEX
  8
CUT
 10
56.9630
 20
263.7880
 30
0.0000
  0
VERTEX
  8
CUT
 10
57.1700
 20
263.9970
 30
0.0000
  0
VERTEX
  8
CUT
 10
57.3780
 20
264.2060
 30
0.0000
  0
VERTEX
  8
CUT
 10
57.5860
 20
264.4140
 30
0.0000
  0
VERTEX
  8
CUT
 10
57.7940
 20
264.6220
 30
0.0000
  0
VERTEX
  8
CUT
 10
58.0030
 20
264.8300
 30
0.0000
  0
VERTEX
  8
CUT
 10
58.2120
 20
265.0370
 30
0.0000
  0
VERTEX
  8
CUT
 10
58.4220
 20
265.2440
 30
0.0000
  0
VERTEX
  8
CUT
 10
58.0040
 20
266.0160
 30
0.0000
  0
VERTEX
  8
CUT
 10
57.6000
 20
266.8010
 30
0.0000
  0
VERTEX
  8
CUT
 10
57.2090
 20
267.5990
 30
0.0000
  0
VERTEX
  8
CUT
 10
56.8310
 20
268.4080
 30
0.0000
  0
VERTEX
  8
CUT
 10
56.4650
 20
269.2280
 30
0.0000
  0
VERTEX
  8
CUT
 10
56.1120
 20
270.0590
 30
0.0000
  0
VERTEX
  8
CUT
 10
55.7700
 20
270.9010
 30
0.0000
  0
VERTEX
  8
CUT
 10
55.4400
 20
271.7530
 30
0.0000
  0
VERTEX
  8
CUT
 10
55.6460
 20
271.9480
 30
0.0000
  0
VERTEX
  8
CUT
 10
55.8520
 20
272.1430
 30
0.0000
  0
VERTEX
  8
CUT
 10
56.0580
 20
272.3380
 30
0.0000
  0
VERTEX
  8
CUT
 10
56.2640
 20
272.5320
 30
0.0000
  0
VERTEX
  8
CUT
 10
56.4710
 20
272.7260
 30
0.0000
  0
VERTEX
  8
CUT
 10
56.6780
 20
272.9200
 30
0.0000
  0
VERTEX
  8
CUT
 10
56.8860
 20
273.1130
 30
0.0000
  0
VERTEX
  8
CUT
 10
57.0940
 20
273.3060
 30
0.0000
  0
VERTEX
  8
CUT
 10
57.9230
 20
272.9230
 30
0.0000
  0
VERTEX
  8
CUT
 10
58.7420
 20
272.5290
 30
0.0000
  0
VERTEX
  8
CUT
 10
59.5490
 20
272.1240
 30
0.0000
  0
VERTEX
  8
CUT
 10
60.3450
 20
271.7080
 30
0.0000
  0
VERTEX
  8
CUT
 10
61.1290
 20
271.2800
 30
0.0000
  0
VERTEX
  8
CUT
 10
61.9000
 20
270.8390
 30
0.0000
  0
VERTEX
  8
CUT
 10
62.6580
 20
270.3870
 30
0.0000
  0
VERTEX
  8
CUT
 10
63.4020
 20
269.9210
 30
0.0000
  0
VERTEX
  8
CUT
 10
63.6220
 20
270.1170
 30
0.0000
  0
VERTEX
  8
CUT
 10
63.8420
 20
270.3130
 30
0.0000
  0
VERTEX
  8
CUT
 10
64.0620
 20
270.5090
 30
0.0000
  0
VERTEX
  8
CUT
 10
64.2830
 20
270.7040
 30
0.0000
  0
VERTEX
  8
CUT
 10
64.5040
 20
270.8980
 30
0.0000
  0
VERTEX
  8
CUT
 10
64.7260
 20
271.0920
 30
0.0000
  0
VERTEX
  8
CUT
 10
64.9480
 20
271.2860
 30
0.0000
  0
VERTEX
  8
CUT
 10
65.1700
 20
271.4790
 30
0.0000
  0
VERTEX
  8
CUT
 10
64.8010
 20
272.2760
 30
0.0000
  0
VERTEX
  8
CUT
 10
64.4470
 20
273.0850
 30
0.0000
  0
VERTEX
  8
CUT
 10
64.1070
 20
273.9050
 30
0.0000
  0
VERTEX
  8
CUT
 10
63.7810
 20
274.7370
 30
0.0000
  0
VERTEX
  8
CUT
 10
63.4670
 20
275.5780
 30
0.0000
  0
VERTEX
  8
CUT
 10
63.1670
 20
276.4300
 30
0.0000
  0
VERTEX
  8
CUT
 10
62.8790
 20
277.2920
 30
0.0000
  0
VERTEX
  8
CUT
 10
62.6030
 20
278.1620
 30
0.0000
  0
VERTEX
  8
CUT
 10
62.8200
 20
278.3440
 30
0.0000
  0
VERTEX
  8
CUT
 10
63.0380
 20
278.5260
 30
0.0000
  0
VERTEX
  8
CUT
 10
63.2560
 20
278.7080
 30
0.0000
  0
VERTEX
  8
CUT
 10
63.4740
 20
278.8890
 30
0.0000
  0
VERTEX
  8
CUT
 10
63.6930
 20
279.0690
 30
0.0000
  0
VERTEX
  8
CUT
 10
63.9120
 20
279.2490
 30
0.0000
  0
VERTEX
  8
CUT
 10
64.1310
 20
279.4290
 30
0.0000
  0
VERTEX
  8
CUT
 10
64.3510
 20
279.6080
 30
0.0000
  0
VERTEX
  8
CUT
 10
65.1540
 20
279.1740
 30
0.0000
  0
VERTEX
  8
CUT
 10
65.9460
 20
278.7300
 30
0.0000
  0
VERTEX
  8
CUT
 10
66.7270
 20
278.2750
 30
0.0000
  0
VERTEX
  8
CUT
 10
67.4950
 20
277.8090
 30
0.0000
  0
VERTEX
  8
CUT
 10
68.2500
 20
277.3330
 30
0.0000
  0
VERTEX
  8
CUT
 10
68.9920
 20
276.8450
 30
0.0000
  0
VERTEX
  8
CUT
 10
69.7210
 20
276.3460
 30
0.0000
  0
VERTEX
  8
CUT
 10
70.4340
 20
275.8340
 30
0.0000
  0
VERTEX
  8
CUT
 10
70.6660
 20
276.0160
 30
0.0000
  0
VERTEX
  8
CUT
 10
70.8980
 20
276.1980
 30
0.0000
  0
VERTEX
  8
CUT
 10
71.1300
 20
276.3790
 30
0.0000
  0
VERTEX
  8
CUT
 10
71.3620
 20
276.5600
 30
0.0000
  0
VERTEX
  8
CUT
 10
71.5950
 20
276.7400
 30
0.0000
  0
VERTEX
  8
CUT
 10
71.8290
 20
276.9200
 30
0.0000
  0
VERTEX
  8
CUT
 10
72.0620
 20
277.1000
 30
0.0000
  0
VERTEX
  8
CUT
 10
72.2960
 20
277.2790
 30
0.0000
  0
VERTEX
  8
CUT
 10
71.9780
 20
278.0970
 30
0.0000
  0
VERTEX
  8
CUT
 10
71.6760
 20
278.9260
 30
0.0000
  0
VERTEX
  8
CUT
 10
71.3880
 20
279.7670
 30
0.0000
  0
VERTEX
  8
CUT
 10
71.1140
 20
280.6170
 30
0.0000
  0
VERTEX
  8
CUT
 10
70.8540
 20
281.4770
 30
0.0000
  0
VERTEX
  8
CUT
 10
70.6080
 20
282.3450
 30
0.0000
  0
VERTEX
  8
CUT
 10
70.3740
 20
283.2230
 30
0.0000
  0
VERTEX
  8
CUT
 10
70.1540
 20
284.1090
 30
0.0000
  0
VERTEX
  8
CUT
 10
70.3820
 20
284.2780
 30
0.0000
  0
VERTEX
  8
CUT
 10
70.6110
 20
284.4450
 30
0.0000
  0
VERTEX
  8
CUT
 10
70.8400
 20
284.6130
 30
0.0000
  0
VERTEX
  8
CUT
 10
71.0690
 20
284.7800
 30
0.0000
  0
VERTEX
  8
CUT
 10
71.2980
 20
284.9460
 30
0.0000
  0
VERTEX
  8
CUT
 10
71.5280
 20
285.1120
 30
0.0000
  0
VERTEX
  8
CUT
 10
71.7580
 20
285.2780
 30
0.0000
  0
VERTEX
  8
CUT
 10
71.9890
 20
285.4430
 30
0.0000
  0
VERTEX
  8
CUT
 10
72.7640
 20
284.9590
 30
0.0000
  0
VERTEX
  8
CUT
 10
73.5260
 20
284.4660
 30
0.0000
  0
VERTEX
  8
CUT
 10
74.2770
 20
283.9630
 30
0.0000
  0
VERTEX
  8
CUT
 10
75.0140
 20
283.4500
 30
0.0000
  0
VERTEX
  8
CUT
 10
75.7380
 20
282.9270
 30
0.0000
  0
VERTEX
  8
CUT
 10
76.4480
 20
282.3940
 30
0.0000
  0
VERTEX
  8
CUT
 10
77.1430
 20
281.8500
 30
0.0000
  0
VERTEX
  8
CUT
 10
77.8230
 20
281.2940
 30
0.0000
  0
VERTEX
  8
CUT
 10
78.0660
 20
281.4620
 30
0.0000
  0
VERTEX
  8
CUT
 10
78.3090
 20
281.6280
 30
0.0000
  0
VERTEX
  8
CUT
 10
78.5520
 20
281.7950
 30
0.0000
  0
VERTEX
  8
CUT
 10
78.7950
 20
281.9610
 30
0.0000
  0
VERTEX
  8
CUT
 10
79.0390
 20
282.1260
 30
0.0000
  0
VERTEX
  8
CUT
 10
79.2830
 20
282.2910
 30
0.0000
  0
VERTEX
  8
CUT
 10
79.5280
 20
282.4550
 30
0.0000
  0
VERTEX
  8
CUT
 10
79.7730
 20
282.6190
 30
0.0000
  0
VERTEX
  8
CUT
 10
79.5060
 20
283.4560
 30
0.0000
  0
VERTEX
  8
CUT
 10
79.2560
 20
284.3020
 30
0.0000
  0
VERTEX
  8
CUT
 10
79.0220
 20
285.1590
 30
0.0000
  0
VERTEX
  8
CUT
 10
78.8020
 20
286.0250
 30
0.0000
  0
VERTEX
  8
CUT
 10
78.5970
 20
286.8990
 30
0.0000
  0
VERTEX
  8
CUT
 10
78.4050
 20
287.7820
 30
0.0000
  0
VERTEX
  8
CUT
 10
78.2280
 20
288.6720
 30
0.0000
  0
VERTEX
  8
CUT
 10
78.0630
 20
289.5710
 30
0.0000
  0
VERTEX
  8
CUT
 10
78.3010
 20
289.7240
 30
0.0000
  0
VERTEX
  8
CUT
 10
78.5400
 20
289.8770
 30
0.0000
  0
VERTEX
  8
CUT
 10
78.7790
 20
290.0300
 30
0.0000
  0
VERTEX
  8
CUT
 10
79.0190
 20
290.1820
 30
0.0000
  0
VERTEX
  8
CUT
 10
79.2580
 20
290.3340
 30
0.0000
  0
VERTEX
  8
CUT
 10
79.4980
 20
290.4850
 30
0.0000
  0
VERTEX
  8
CUT
 10
79.7380
 20
290.6360
 30
0.0000
  0
VERTEX
  8
CUT
 10
79.9780
 20
290.7860
 30
0.0000
  0
VERTEX
  8
CUT
 10
80.7210
 20
290.2550
 30
0.0000
  0
VERTEX
  8
CUT
 10
81.4510
 20
289.7150
 30
0.0000
  0
VERTEX
  8
CUT
 10
82.1690
 20
289.1660
 30
0.0000
  0
VERTEX
  8
CUT
 10
82.8720
 20
288.6080
 30
0.0000
  0
VERTEX
  8
CUT
 10
83.5620
 20
288.0400
 30
0.0000
  0
VERTEX
  8
CUT
 10
84.2370
 20
287.4630
 30
0.0000
  0
VERTEX
  8
CUT
 10
84.8970
 20
286.8770
 30
0.0000
  0
VERTEX
  8
CUT
 10
85.5410
 20
286.2800
 30
0.0000
  0
VERTEX
  8
CUT
 10
85.7930
 20
286.4310
 30
0.0000
  0
VERTEX
  8
CUT
 10
86.0460
 20
286.5830
 30
0.0000
  0
VERTEX
  8
CUT
 10
86.2990
 20
286.7330
 30
0.0000
  0
VERTEX
  8
CUT
 10
86.5530
 20
286.8840
 30
0.0000
  0
VERTEX
  8
CUT
 10
86.8060
 20
287.0330
 30
0.0000
  0
VERTEX
  8
CUT
 10
87.0600
 20
287.1820
 30
0.0000
  0
VERTEX
  8
CUT
 10
87.3150
 20
287.3310
 30
0.0000
  0
VERTEX
  8
CUT
 10
87.5690
 20
287.4790
 30
0.0000
  0
VERTEX
  8
CUT
 10
87.3560
 20
288.3310
 30
0.0000
  0
VERTEX
  8
CUT
 10
87.1600
 20
289.1920
 30
0.0000
  0
VERTEX
  8
CUT
 10
86.9800
 20
290.0610
 30
0.0000
  0
VERTEX
  8
CUT
 10
86.8150
 20
290.9390
 30
0.0000
  0
VERTEX
  8
CUT
 10
86.6650
 20
291.8250
 30
0.0000
  0
VERTEX
  8
CUT
 10
86.5290
 20
292.7180
 30
0.0000
  0
VERTEX
  8
CUT
 10
86.4080
 20
293.6180
 30
0.0000
  0
VERTEX
  8
CUT
 10
86.3000
 20
294.5250
 30
0.0000
  0
VERTEX
  8
CUT
 10
86.5470
 20
294.6630
 30
0.0000
  0
VERTEX
  8
CUT
 10
86.7950
 20
294.8010
 30
0.0000
  0
VERTEX
  8
CUT
 10
87.0430
 20
294.9380
 30
0.0000
  0
VERTEX
  8
CUT
 10
87.2920
 20
295.0750
 30
0.0000
  0
VERTEX
  8
CUT
 10
87.5400
 20
295.2110
 30
0.0000
  0
VERTEX
  8
CUT
 10
87.7890
 20
295.3470
 30
0.0000
  0
VERTEX
  8
CUT
 10
88.0380
 20
295.4830
 30
0.0000
  0
VERTEX
  8
CUT
 10
88.2880
 20
295.6180
 30
0.0000
  0
VERTEX
  8
CUT
 10
88.9960
 20
295.0410
 30
0.0000
  0
VERTEX
  8
CUT
 10
89.6900
 20
294.4560
 30
0.0000
  0
VERTEX
  8
CUT
 10
90.3720
 20
293.8630
 30
0.0000
  0
VERTEX
  8
CUT
 10
91.0390
 20
293.2620
 30
0.0000
  0
VERTEX
  8
CUT
 10
91.6920
 20
292.6520
 30
0.0000
  0
VERTEX
  8
CUT
 10
92.3290
 20
292.0340
 30
0.0000
  0
VERTEX
  8
CUT
 10
92.9510
 20
291.4070
 30
0.0000
  0
VERTEX
  8
CUT
 10
93.5560
 20
290.7710
 30
0.0000
  0
VERTEX
  8
CUT
 10
93.8180
 20
290.9060
 30
0.0000
  0
VERTEX
  8
CUT
 10
94.0790
 20
291.0410
 30
0.0000
  0
VERTEX
  8
CUT
 10
94.3420
 20
291.1760
 30
0.0000
  0
VERTEX
  8
CUT
 10
94.6040
 20
291.3100
 30
0.0000
  0
VERTEX
  8
CUT
 10
94.8670
 20
291.4430
 30
0.0000
  0
VERTEX
  8
CUT
 10
95.1290
 20
291.5760
 30
0.0000
  0
VERTEX
  8
CUT
 10
95.3930
 20
291.7090
 30
0.0000
  0
VERTEX
  8
CUT
 10
95.6560
 20
291.8400
 30
0.0000
  0
VERTEX
  8
CUT
 10
95.4970
 20
292.7040
 30
0.0000
  0
VERTEX
  8
CUT
 10
95.3550
 20
293.5750
 30
0.0000
  0
VERTEX
  8
CUT
 10
95.2300
 20
294.4550
 30
0.0000
  0
VERTEX
  8
CUT
 10
95.1200
 20
295.3410
 30
0.0000
  0
VERTEX
  8
CUT
 10
95.0260
 20
296.2340
 30
0.0000
  0
VERTEX
  8
CUT
 10
94.9470
 20
297.1340
 30
0.0000
  0
VERTEX
  8
CUT
 10
94.8820
 20
298.0400
 30
0.0000
  0
VERTEX
  8
CUT
 10
94.8310
 20
298.9520
 30
0.0000
  0
VERTEX
  8
CUT
 10
95.0870
 20
299.0740
 30
0.0000
  0
VERTEX
  8
CUT
 10
95.3430
 20
299.1960
 30
0.0000
  0
VERTEX
  8
CUT
 10
95.5990
 20
299.3180
 30
0.0000
  0
VERTEX
  8
CUT
 10
95.8560
 20
299.4390
 30
0.0000
  0
VERTEX
  8
CUT
 10
96.1120
 20
299.5590
 30
0.0000
  0
VERTEX
  8
CUT
 10
96.3690
 20
299.6790
 30
0.0000
  0
VERTEX
  8
CUT
 10
96.6270
 20
299.7990
 30
0.0000
  0
VERTEX
  8
CUT
 10
96.8840
 20
299.9180
 30
0.0000
  0
VERTEX
  8
CUT
 10
97.5540
 20
299.2970
 30
0.0000
  0
VERTEX
  8
CUT
 10
98.2110
 20
298.6700
 30
0.0000
  0
VERTEX
  8
CUT
 10
98.8540
 20
298.0350
 30
0.0000
  0
VERTEX
  8
CUT
 10
99.4820
 20
297.3930
 30
0.0000
  0
VERTEX
  8
CUT
 10
100.0950
 20
296.7440
 30
0.0000
  0
VERTEX
  8
CUT
 10
100.6930
 20
296.0870
 30
0.0000
  0
VERTEX
  8
CUT
 10
101.2740
 20
295.4220
 30
0.0000
  0
VERTEX
  8
CUT
 10
101.8380
 20
294.7490
 30
0.0000
  0
VERTEX
  8
CUT
 10
102.1070
 20
294.8680
 30
0.0000
  0
VERTEX
  8
CUT
 10
102.3770
 20
294.9870
 30
0.0000
  0
VERTEX
  8
CUT
 10
102.6470
 20
295.1040
 30
0.0000
  0
VERTEX
  8
CUT
 10
102.9170
 20
295.2220
 30
0.0000
  0
VERTEX
  8
CUT
 10
103.1880
 20
295.3380
 30
0.0000
  0
VERTEX
  8
CUT
 10
103.4580
 20
295.4550
 30
0.0000
  0
VERTEX
  8
CUT
 10
103.7290
 20
295.5700
 30
0.0000
  0
VERTEX
  8
CUT
 10
104.0000
 20
295.6850
 30
0.0000
  0
VERTEX
  8
CUT
 10
103.8960
 20
296.5570
 30
0.0000
  0
VERTEX
  8
CUT
 10
103.8090
 20
297.4360
 30
0.0000
  0
VERTEX
  8
CUT
 10
103.7390
 20
298.3210
 30
0.0000
  0
VERTEX
  8
CUT
 10
103.6860
 20
299.2120
 30
0.0000
  0
VERTEX
  8
CUT
 10
103.6480
 20
300.1100
 30
0.0000
  0
VERTEX
  8
CUT
 10
103.6250
 20
301.0130
 30
0.0000
  0
VERTEX
  8
CUT
 10
103.6170
 20
301.9210
 30
0.0000
  0
VERTEX
  8
CUT
 10
103.6240
 20
302.8340
 30
0.0000
  0
VERTEX
  8
CUT
 10
103.8870
 20
302.9400
 30
0.0000
  0
VERTEX
  8
CUT
 10
104.1500
 20
303.0460
 30
0.0000
  0
VERTEX
  8
CUT
 10
104.4130
 20
303.1510
 30
0.0000
  0
VERTEX
  8
CUT
 10
104.6770
 20
303.2560
 30
0.0000
  0
VERTEX
  8
CUT
 10
104.9410
 20
303.3600
 30
0.0000
  0
VERTEX
  8
CUT
 10
105.2050
 20
303.4640
 30
0.0000
  0
VERTEX
  8
CUT
 10
105.4690
 20
303.5670
 30
0.0000
  0
VERTEX
  8
CUT
 10
105.7330
 20
303.6690
 30
0.0000
  0
VERTEX
  8
CUT
 10
106.3630
 20
303.0080
 30
0.0000
  0
VERTEX
  8
CUT
 10
106.9790
 20
302.3410
 30
0.0000
  0
VERTEX
  8
CUT
 10
107.5810
 20
301.6670
 30
0.0000
  0
VERTEX
  8
CUT
 10
108.1670
 20
300.9870
 30
0.0000
  0
VERTEX
  8
CUT
 10
108.7390
 20
300.3000
 30
0.0000
  0
VERTEX
  8
CUT
 10
109.2940
 20
299.6070
 30
0.0000
  0
VERTEX
  8
CUT
 10
109.8320
 20
298.9070
 30
0.0000
  0
VERTEX
  8
CUT
 10
110.3530
 20
298.2000
 30
0.0000
  0
VERTEX
  8
CUT
 10
110.6290
 20
298.3020
 30
0.0000
  0
VERTEX
  8
CUT
 10
110.9060
 20
298.4030
 30
0.0000
  0
VERTEX
  8
CUT
 10
111.1830
 20
298.5040
 30
0.0000
  0
VERTEX
  8
CUT
 10
111.4600
 20
298.6040
 30
0.0000
  0
VERTEX
  8
CUT
 10
111.7370
 20
298.7030
 30
0.0000
  0
VERTEX
  8
CUT
 10
112.0140
 20
298.8020
 30
0.0000
  0
VERTEX
  8
CUT
 10
112.2920
 20
298.9010
 30
0.0000
  0
VERTEX
  8
CUT
 10
112.5700
 20
298.9980
 30
0.0000
  0
VERTEX
  8
CUT
 10
112.5200
 20
299.8750
 30
0.0000
  0
VERTEX
  8
CUT
 10
112.4890
 20
300.7570
 30
0.0000
  0
VERTEX
  8
CUT
 10
112.4750
 20
301.6450
 30
0.0000
  0
VERTEX
  8
CUT
 10
112.4770
 20
302.5390
 30
0.0000
  0
VERTEX
  8
CUT
 10
112.4960
 20
303.4370
 30
0.0000
  0
VERTEX
  8
CUT
 10
112.5300
 20
304.3390
 30
0.0000
  0
VERTEX
  8
CUT
 10
112.5790
 20
305.2460
 30
0.0000
  0
VERTEX
  8
CUT
 10
112.6430
 20
306.1570
 30
0.0000
  0
VERTEX
  8
CUT
 10
112.9120
 20
306.2470
 30
0.0000
  0
VERTEX
  8
CUT
 10
113.1810
 20
306.3350
 30
0.0000
  0
VERTEX
  8
CUT
 10
113.4510
 20
306.4240
 30
0.0000
  0
VERTEX
  8
CUT
 10
113.7200
 20
306.5120
 30
0.0000
  0
VERTEX
  8
CUT
 10
113.9900
 20
306.5990
 30
0.0000
  0
VERTEX
  8
CUT
 10
114.2600
 20
306.6860
 30
0.0000
  0
VERTEX
  8
CUT
 10
114.5300
 20
306.7720
 30
0.0000
  0
VERTEX
  8
CUT
 10
114.8000
 20
306.8580
 30
0.0000
  0
VERTEX
  8
CUT
 10
115.3880
 20
306.1590
 30
0.0000
  0
VERTEX
  8
CUT
 10
115.9610
 20
305.4540
 30
0.0000
  0
VERTEX
  8
CUT
 10
116.5190
 20
304.7440
 30
0.0000
  0
VERTEX
  8
CUT
 10
117.0620
 20
304.0280
 30
0.0000
  0
VERTEX
  8
CUT
 10
117.5890
 20
303.3070
 30
0.0000
  0
VERTEX
  8
CUT
 10
118.0990
 20
302.5800
 30
0.0000
  0
VERTEX
  8
CUT
 10
118.5920
 20
301.8480
 30
0.0000
  0
VERTEX
  8
CUT
 10
119.0670
 20
301.1100
 30
0.0000
  0
VERTEX
  8
CUT
 10
119.3500
 20
301.1940
 30
0.0000
  0
VERTEX
  8
CUT
 10
119.6320
 20
301.2770
 30
0.0000
  0
VERTEX
  8
CUT
 10
119.9150
 20
301.3600
 30
0.0000
  0
VERTEX
  8
CUT
 10
120.1980
 20
301.4430
 30
0.0000
  0
VERTEX
  8
CUT
 10
120.4810
 20
301.5250
 30
0.0000
  0
VERTEX
  8
CUT
 10
120.7640
 20
301.6060
 30
0.0000
  0
VERTEX
  8
CUT
 10
121.0470
 20
301.6870
 30
0.0000
  0
VERTEX
  8
CUT
 10
121.3300
 20
301.7670
 30
0.0000
  0
VERTEX
  8
CUT
 10
121.3360
 20
302.6450
 30
0.0000
  0
VERTEX
  8
CUT
 10
121.3600
 20
303.5280
 30
0.0000
  0
VERTEX
  8
CUT
 10
121.4020
 20
304.4150
 30
0.0000
  0
VERTEX
  8
CUT
 10
121.4600
 20
305.3060
 30
0.0000
  0
VERTEX
  8
CUT
 10
121.5350
 20
306.2010
 30
0.0000
  0
VERTEX
  8
CUT
 10
121.6260
 20
307.1000
 30
0.0000
  0
VERTEX
  8
CUT
 10
121.7320
 20
308.0020
 30
0.0000
  0
VERTEX
  8
CUT
 10
121.8530
 20
308.9070
 30
0.0000
  0
VERTEX
  8
CUT
 10
122.1270
 20
308.9790
 30
0.0000
  0
VERTEX
  8
CUT
 10
122.4010
 20
309.0510
 30
0.0000
  0
VERTEX
  8
CUT
 10
122.6760
 20
309.1220
 30
0.0000
  0
VERTEX
  8
CUT
 10
122.9500
 20
309.1930
 30
0.0000
  0
VERTEX
  8
CUT
 10
123.2250
 20
309.2630
 30
0.0000
  0
VERTEX
  8
CUT
 10
123.5000
 20
309.3330
 30
0.0000
  0
VERTEX
  8
CUT
 10
123.7750
 20
309.4020
 30
0.0000
  0
VERTEX
  8
CUT
 10
124.0500
 20
309.4710
 30
0.0000
  0
VERTEX
  8
CUT
 10
124.5920
 20
308.7360
 30
0.0000
  0
VERTEX
  8
CUT
 10
125.1200
 20
307.9970
 30
0.0000
  0
VERTEX
  8
CUT
 10
125.6320
 20
307.2530
 30
0.0000
  0
VERTEX
  8
CUT
 10
126.1290
 20
306.5050
 30
0.0000
  0
VERTEX
  8
CUT
 10
126.6100
 20
305.7520
 30
0.0000
  0
VERTEX
  8
CUT
 10
127.0740
 20
304.9950
 30
0.0000
  0
VERTEX
  8
CUT
 10
127.5200
 20
304.2330
 30
0.0000
  0
VERTEX
  8
CUT
 10
127.9480
 20
303.4660
 30
0.0000
  0
VERTEX
  8
CUT
 10
128.2350
 20
303.5320
 30
0.0000
  0
VERTEX
  8
CUT
 10
128.5220
 20
303.5980
 30
0.0000
  0
VERTEX
  8
CUT
 10
128.8090
 20
303.6630
 30
0.0000
  0
VERTEX
  8
CUT
 10
129.0970
 20
303.7280
 30
0.0000
  0
VERTEX
  8
CUT
 10
129.3840
 20
303.7920
 30
0.0000
  0
VERTEX
  8
CUT
 10
129.6720
 20
303.8550
 30
0.0000
  0
VERTEX
  8
CUT
 10
129.9600
 20
303.9180
 30
0.0000
  0
VERTEX
  8
CUT
 10
130.2480
 20
303.9800
 30
0.0000
  0
VERTEX
  8
CUT
 10
130.3080
 20
304.8560
 30
0.0000
  0
VERTEX
  8
CUT
 10
130.3870
 20
305.7360
 30
0.0000
  0
VERTEX
  8
CUT
 10
130.4850
 20
306.6180
 30
0.0000
  0
VERTEX
  8
CUT
 10
130.5990
 20
307.5040
 30
0.0000
  0
VERTEX
  8
CUT
 10
130.7300
 20
308.3930
 30
0.0000
  0
VERTEX
  8
CUT
 10
130.8770
 20
309.2840
 30
0.0000
  0
VERTEX
  8
CUT
 10
131.0400
 20
310.1770
 30
0.0000
  0
VERTEX
  8
CUT
 10
131.2170
 20
311.0730
 30
0.0000
  0
VERTEX
  8
CUT
 10
131.4950
 20
311.1280
 30
0.0000
  0
VERTEX
  8
CUT
 10
131.7740
 20
311.1830
 30
0.0000
  0
VERTEX
  8
CUT
 10
132.0520
 20
311.2370
 30
0.0000
  0
VERTEX
  8
CUT
 10
132.3310
 20
311.2900
 30
0.0000
  0
VERTEX
  8
CUT
 10
132.6090
 20
311.3430
 30
0.0000
  0
VERTEX
  8
CUT
 10
132.8880
 20
311.3950
 30
0.0000
  0
VERTEX
  8
CUT
 10
133.1670
 20
311.4470
 30
0.0000
  0
VERTEX
  8
CUT
 10
133.4460
 20
311.4980
 30
0.0000
  0
VERTEX
  8
CUT
 10
133.9410
 20
310.7310
 30
0.0000
  0
VERTEX
  8
CUT
 10
134.4210
 20
309.9600
 30
0.0000
  0
VERTEX
  8
CUT
 10
134.8850
 20
309.1850
 30
0.0000
  0
VERTEX
  8
CUT
 10
135.3340
 20
308.4070
 30
0.0000
  0
VERTEX
  8
CUT
 10
135.7670
 20
307.6260
 30
0.0000
  0
VERTEX
  8
CUT
 10
136.1820
 20
306.8410
 30
0.0000
  0
VERTEX
  8
CUT
 10
136.5800
 20
306.0520
 30
0.0000
  0
VERTEX
  8
CUT
 10
136.9580
 20
305.2600
 30
0.0000
  0
VERTEX
  8
CUT
 10
137.2490
 20
305.3090
 30
0.0000
  0
VERTEX
  8
CUT
 10
137.5400
 20
305.3560
 30
0.0000
  0
VERTEX
  8
CUT
 10
137.8310
 20
305.4030
 30
0.0000
  0
VERTEX
  8
CUT
 10
138.1210
 20
305.4490
 30
0.0000
  0
VERTEX
  8
CUT
 10
138.4120
 20
305.4950
 30
0.0000
  0
VERTEX
  8
CUT
 10
138.7040
 20
305.5400
 30
0.0000
  0
VERTEX
  8
CUT
 10
138.9950
 20
305.5850
 30
0.0000
  0
VERTEX
  8
CUT
 10
139.2860
 20
305.6290
 30
0.0000
  0
VERTEX
  8
CUT
 10
139.4010
 20
306.4990
 30
0.0000
  0
VERTEX
  8
CUT
 10
139.5360
 20
307.3720
 30
0.0000
  0
VERTEX
  8
CUT
 10
139.6880
 20
308.2470
 30
0.0000
  0
VERTEX
  8
CUT
 10
139.8580
 20
309.1240
 30
0.0000
  0
VERTEX
  8
CUT
 10
140.0450
 20
310.0020
 30
0.0000
  0
VERTEX
  8
CUT
 10
140.2470
 20
310.8830
 30
0.0000
  0
VERTEX
  8
CUT
 10
140.4660
 20
311.7640
 30
0.0000
  0
VERTEX
  8
CUT
 10
140.6990
 20
312.6470
 30
0.0000
  0
VERTEX
  8
CUT
 10
140.9800
 20
312.6850
 30
0.0000
  0
VERTEX
  8
CUT
 10
141.2610
 20
312.7210
 30
0.0000
  0
VERTEX
  8
CUT
 10
141.5430
 20
312.7580
 30
0.0000
  0
VERTEX
  8
CUT
 10
141.8240
 20
312.7940
 30
0.0000
  0
VERTEX
  8
CUT
 10
142.1050
 20
312.8290
 30
0.0000
  0
VERTEX
  8
CUT
 10
142.3870
 20
312.8640
 30
0.0000
  0
VERTEX
  8
CUT
 10
142.6680
 20
312.8980
 30
0.0000
  0
VERTEX
  8
CUT
 10
142.9500
 20
312.9320
 30
0.0000
  0
VERTEX
  8
CUT
 10
143.3960
 20
312.1340
 30
0.0000
  0
VERTEX
  8
CUT
 10
143.8260
 20
311.3350
 30
0.0000
  0
VERTEX
  8
CUT
 10
144.2420
 20
310.5330
 30
0.0000
  0
VERTEX
  8
CUT
 10
144.6410
 20
309.7280
 30
0.0000
  0
VERTEX
  8
CUT
 10
145.0230
 20
308.9210
 30
0.0000
  0
VERTEX
  8
CUT
 10
145.3880
 20
308.1110
 30
0.0000
  0
VERTEX
  8
CUT
 10
145.7360
 20
307.3000
 30
0.0000
  0
VERTEX
  8
CUT
 10
146.0640
 20
306.4850
 30
0.0000
  0
VERTEX
  8
CUT
 10
146.3570
 20
306.5150
 30
0.0000
  0
VERTEX
  8
CUT
 10
146.6500
 20
306.5440
 30
0.0000
  0
VERTEX
  8
CUT
 10
146.9430
 20
306.5730
 30
0.0000
  0
VERTEX
  8
CUT
 10
147.2370
 20
306.6010
 30
0.0000
  0
VERTEX
  8
CUT
 10
147.5300
 20
306.6280
 30
0.0000
  0
VERTEX
  8
CUT
 10
147.8230
 20
306.6550
 30
0.0000
  0
VERTEX
  8
CUT
 10
148.1170
 20
306.6810
 30
0.0000
  0
VERTEX
  8
CUT
 10
148.4100
 20
306.7070
 30
0.0000
  0
VERTEX
  8
CUT
 10
148.5800
 20
307.5680
 30
0.0000
  0
VERTEX
  8
CUT
 10
148.7690
 20
308.4310
 30
0.0000
  0
VERTEX
  8
CUT
 10
148.9760
 20
309.2950
 30
0.0000
  0
VERTEX
  8
CUT
 10
149.2010
 20
310.1590
 30
0.0000
  0
VERTEX
  8
CUT
 10
149.4420
 20
311.0240
 30
0.0000
  0
VERTEX
  8
CUT
 10
149.6990
 20
311.8900
 30
0.0000
  0
VERTEX
  8
CUT
 10
149.9730
 20
312.7560
 30
0.0000
  0
VERTEX
  8
CUT
 10
150.2610
 20
313.6230
 30
0.0000
  0
VERTEX
  8
CUT
 10
150.5440
 20
313.6420
 30
0.0000
  0
VERTEX
  8
CUT
 10
150.8270
 20
313.6610
 30
0.0000
  0
VERTEX
  8
CUT
 10
151.1100
 20
313.6800
 30
0.0000
  0
VERTEX
  8
CUT
 10
151.3930
 20
313.6980
 30
0.0000
  0
VERTEX
  8
CUT
 10
151.6760
 20
313.7160
 30
0.0000
  0
VERTEX
  8
CUT
 10
151.9590
 20
313.7330
 30
0.0000
  0
VERTEX
  8
CUT
 10
152.2420
 20
313.7490
 30
0.0000
  0
VERTEX
  8
CUT
 10
152.5250
 20
313.7650
 30
0.0000
  0
VERTEX
  8
CUT
 10
152.9200
 20
312.9420
 30
0.0000
  0
VERTEX
  8
CUT
 10
153.3000
 20
312.1160
 30
0.0000
  0
VERTEX
  8
CUT
 10
153.6640
 20
311.2900
 30
0.0000
  0
VERTEX
  8
CUT
 10
154.0120
 20
310.4620
 30
0.0000
  0
VERTEX
  8
CUT
 10
154.3430
 20
309.6320
 30
0.0000
  0
VERTEX
  8
CUT
 10
154.6570
 20
308.8010
 30
0.0000
  0
VERTEX
  8
CUT
 10
154.9520
 20
307.9690
 30
0.0000
  0
VERTEX
  8
CUT
 10
155.2290
 20
307.1360
 30
0.0000
  0
VERTEX
  8
CUT
 10
155.5230
 20
307.1470
 30
0.0000
  0
VERTEX
  8
CUT
 10
155.8170
 20
307.1580
 30
0.0000
  0
VERTEX
  8
CUT
 10
156.1120
 20
307.1680
 30
0.0000
  0
VERTEX
  8
CUT
 10
156.4060
 20
307.1780
 30
0.0000
  0
VERTEX
  8
CUT
 10
156.7010
 20
307.1870
 30
0.0000
  0
VERTEX
  8
CUT
 10
156.9950
 20
307.1950
 30
0.0000
  0
VERTEX
  8
CUT
 10
157.2900
 20
307.2030
 30
0.0000
  0
VERTEX
  8
CUT
 10
157.5840
 20
307.2100
 30
0.0000
  0
VERTEX
  8
CUT
 10
157.8080
 20
308.0590
 30
0.0000
  0
VERTEX
  8
CUT
 10
158.0500
 20
308.9080
 30
0.0000
  0
VERTEX
  8
CUT
 10
158.3110
 20
309.7570
 30
0.0000
  0
VERTEX
  8
CUT
 10
158.5900
 20
310.6060
 30
0.0000
  0
VERTEX
  8
CUT
 10
158.8850
 20
311.4540
 30
0.0000
  0
VERTEX
  8
CUT
 10
159.1960
 20
312.3020
 30
0.0000
  0
VERTEX
  8
CUT
 10
159.5230
 20
313.1490
 30
0.0000
  0
VERTEX
  8
CUT
 10
159.8660
 20
313.9960
 30
0.0000
  0
VERTEX
  8
CUT
 10
160.1490
 20
313.9980
 30
0.0000
  0
VERTEX
  8
CUT
 10
160.4330
 20
313.9990
 30
0.0000
  0
VERTEX
  8
CUT
 10
160.7160
 20
314.0000
 30
0.0000
  0
VERTEX
  8
CUT
 10
161.0000
 20
314.0000
 30
0.0000
  0
VERTEX
  8
CUT
 10
161.2840
 20
314.0000
 30
0.0000
  0
VERTEX
  8
CUT
 10
161.5670
 20
313.9990
 30
0.0000
  0
VERTEX
  8
CUT
 10
161.8510
 20
313.9980
 30
0.0000
  0
VERTEX
  8
CUT
 10
162.1340
 20
313.9960
 30
0.0000
  0
VERTEX
  8
CUT
 10
162.4770
 20
313.1490
 30
0.0000
  0
VERTEX
  8
CUT
 10
162.8040
 20
312.3020
 30
0.0000
  0
VERTEX
  8
CUT
 10
163.1150
 20
311.4540
 30
0.0000
  0
VERTEX
  8
CUT
 10
163.4100
 20
310.6060
 30
0.0000
  0
VERTEX
  8
CUT
 10
163.6890
 20
309.7570
 30
0.0000
  0
VERTEX
  8
CUT
 10
163.9500
 20
308.9080
 30
0.0000
  0
VERTEX
  8
CUT
 10
164.1920
 20
308.0590
 30
0.0000
  0
VERTEX
  8
CUT
 10
164.4160
 20
307.2100
 30
0.0000
  0
VERTEX
  8
CUT
 10
164.7100
 20
307.2030
 30
0.0000
  0
VERTEX
  8
CUT
 10
165.0050
 20
307.1950
 30
0.0000
  0
VERTEX
  8
CUT
 10
165.2990
 20
307.1870
 30
0.0000
  0
VERTEX
  8
CUT
 10
165.5940
 20
307.1780
 30
0.0000
  0
VERTEX
  8
CUT
 10
165.8880
 20
307.1680
 30
0.0000
  0
VERTEX
  8
CUT
 10
166.1830
 20
307.1580
 30
0.0000
  0
VERTEX
  8
CUT
 10
166.4770
 20
307.1470
 30
0.0000
  0
VERTEX
  8
CUT
 10
166.7710
 20
307.1360
 30
0.0000
  0
VERTEX
  8
CUT
 10
167.0480
 20
307.9690
 30
0.0000
  0
VERTEX
  8
CUT
 10
167.3430
 20
308.8010
 30
0.0000
  0
VERTEX
  8
CUT
 10
167.6570
 20
309.6320
 30
0.0000
  0
VERTEX
  8
CUT
 10
167.9880
 20
310.4620
 30
0.0000
  0
VERTEX
  8
CUT
 10
168.3360
 20
311.2900
 30
0.0000
  0
VERTEX
  8
CUT
 10
168.7000
 20
312.1160
 30
0.0000
  0
VERTEX
  8
CUT
 10
169.0800
 20
312.9420
 30
0.0000
  0
VERTEX
  8
CUT
 10
169.4750
 20
313.7650
 30
0.0000
  0
VERTEX
  8
CUT
 10
169.7580
 20
313.7490
 30
0.0000
  0
VERTEX
  8
CUT
 10
170.0410
 20
313.7330
 30
0.0000
  0
VERTEX
  8
CUT
 10
170.3240
 20
313.7160
 30
0.0000
  0
VERTEX
  8
CUT
 10
170.6070
 20
313.6980
 30
0.0000
  0
VERTEX
  8
CUT
 10
170.8900
 20
313.6800
 30
0.0000
  0
VERTEX
  8
CUT
 10
171.1730
 20
313.6610
 30
0.0000
  0
VERTEX
  8
CUT
 10
171.4560
 20
313.6420
 30
0.0000
  0
VERTEX
  8
CUT
 10
171.7390
 20
313.6230
 30
0.0000
  0
VERTEX
  8
CUT
 10
172.0270
 20
312.7560
 30
0.0000
  0
VERTEX
  8
CUT
 10
172.3010
 20
311.8900
 30
0.0000
  0
VERTEX
  8
CUT
 10
172.5580
 20
311.0240
 30
0.0000
  0
VERTEX
  8
CUT
 10
172.7990
 20
310.1590
 30
0.0000
  0
VERTEX
  8
CUT
 10
173.0240
 20
309.2950
 30
0.0000
  0
VERTEX
  8
CUT
 10
173.2310
 20
308.4310
 30
0.0000
  0
VERTEX
  8
CUT
 10
173.4200
 20
307.5680
 30
0.0000
  0
VERTEX
  8
CUT
 10
173.5900
 20
306.7070
 30
0.0000
  0
VERTEX
  8
CUT
 10
173.8830
 20
306.6810
 30
0.0000
  0
VERTEX
  8
CUT
 10
174.1770
 20
306.6550
 30
0.0000
  0
VERTEX
  8
CUT
 10
174.4700
 20
306.6280
 30
0.0000
  0
VERTEX
  8
CUT
 10
174.7630
 20
306.6010
 30
0.0000
  0
VERTEX
  8
CUT
 10
175.0570
 20
306.5730
 30
0.0000
  0
VERTEX
  8
CUT
 10
175.3500
 20
306.5440
 30
0.0000
  0
VERTEX
  8
CUT
 10
175.6430
 20
306.5150
 30
0.0000
  0
VERTEX
  8
CUT
 10
175.9360
 20
306.4850
 30
0.0000
  0
VERTEX
  8
CUT
 10
176.2640
 20
307.3000
 30
0.0000
  0
VERTEX
  8
CUT
 10
176.6120
 20
308.1110
 30
0.0000
  0
VERTEX
  8
CUT
 10
176.9770
 20
308.9210
 30
0.0000
  0
VERTEX
  8
CUT
 10
177.3590
 20
309.7280
 30
0.0000
  0
VERTEX
  8
CUT
 10
177.7580
 20
310.5330
 30
0.0000
  0
VERTEX
  8
CUT
 10
178.1740
 20
311.3350
 30
0.0000
  0
VERTEX
  8
CUT
 10
178.6040
 20
312.1340
 30
0.0000
  0
VERTEX
  8
CUT
 10
179.0500
 20
312.9320
 30
0.0000
  0
VERTEX
  8
CUT
 10
179.3320
 20
312.8980
 30
0.0000
  0
VERTEX
  8
CUT
 10
179.6130
 20
312.8640
 30
0.0000
  0
VERTEX
  8
CUT
 10
179.8950
 20
312.8290
 30
0.0000
  0
VERTEX
  8
CUT
 10
180.1760
 20
312.7940
 30
0.0000
  0
VERTEX
  8
CUT
 10
180.4570
 20
312.7580
 30
0.0000
  0
VERTEX
  8
CUT
 10
180.7390
 20
312.7210
 30
0.0000
  0
VERTEX
  8
CUT
 10
181.0200
 20
312.6850
 30
0.0000
  0
VERTEX
  8
CUT
 10
181.3010
 20
312.6470
 30
0.0000
  0
VERTEX
  8
CUT
 10
181.5340
 20
311.7640
 30
0.0000
  0
VERTEX
  8
CUT
 10
181.7530
 20
310.8830
 30
0.0000
  0
VERTEX
  8
CUT
 10
181.9550
 20
310.0020
 30
0.0000
  0
VERTEX
  8
CUT
 10
182.1420
 20
309.1240
 30
0.0000
  0
VERTEX
  8
CUT
 10
182.3120
 20
308.2470
 30
0.0000
  0
VERTEX
  8
CUT
 10
182.4640
 20
307.3720
 30
0.0000
  0
VERTEX
  8
CUT
 10
182.5990
 20
306.4990
 30
0.0000
  0
VERTEX
  8
CUT
 10
182.7140
 20
305.6290
 30
0.0000
  0
VERTEX
  8
CUT
 10
183.0050
 20
305.5850
 30
0.0000
  0
VERTEX
  8
CUT
 10
183.2960
 20
305.5400
 30
0.0000
  0
VERTEX
  8
CUT
 10
183.5880
 20
305.4950
 30
0.0000
  0
VERTEX
  8
CUT
 10
183.8790
 20
305.4490
 30
0.0000
  0
VERTEX
  8
CUT
 10
184.1690
 20
305.4030
 30
0.0000
  0
VERTEX
  8
CUT
 10
184.4600
 20
305.3560
 30
0.0000
  0
VERTEX
  8
CUT
 10
184.7510
 20
305.3090
 30
0.0000
  0
VERTEX
  8
CUT
 10
185.0420
 20
305.2600
 30
0.0000
  0
VERTEX
  8
CUT
 10
185.4200
 20
306.0520
 30
0.0000
  0
VERTEX
  8
CUT
 10
185.8180
 20
306.8410
 30
0.0000
  0
VERTEX
  8
CUT
 10
186.2330
 20
307.6260
 30
0.0000
  0
VERTEX
  8
CUT
 10
186.6660
 20
308.4070
 30
0.0000
  0
VERTEX
  8
CUT
 10
187.1150
 20
309.1850
 30
0.0000
  0
VERTEX
  8
CUT
 10
187.5790
 20
309.9600
 30
0.0000
  0
VERTEX
  8
CUT
 10
188.0590
 20
310.7310
 30
0.0000
  0
VERTEX
  8
CUT
 10
188.5540
 20
311.4980
 30
0.0000
  0
VERTEX
  8
CUT
 10
188.8330
 20
311.4470
 30
0.0000
  0
VERTEX
  8
CUT
 10
189.1120
 20
311.3950
 30
0.0000
  0
VERTEX
  8
CUT
 10
189.3910
 20
311.3430
 30
0.0000
  0
VERTEX
  8
CUT
 10
189.6690
 20
311.2900
 30
0.0000
  0
VERTEX
  8
CUT
 10
189.9480
 20
311.2370
 30
0.0000
  0
VERTEX
  8
CUT
 10
190.2260
 20
311.1830
 30
0.0000
  0
VERTEX
  8
CUT
 10
190.5050
 20
311.1280
 30
0.0000
  0
VERTEX
  8
CUT
 10
190.7830
 20
311.0730
 30
0.0000
  0
VERTEX
  8
CUT
 10
190.9600
 20
310.1770
 30
0.0000
  0
VERTEX
  8
CUT
 10
191.1230
 20
309.2840
 30
0.0000
  0
VERTEX
  8
CUT
 10
191.2700
 20
308.3930
 30
0.0000
  0
VERTEX
  8
CUT
 10
191.4010
 20
307.5040
 30
0.0000
  0
VERTEX
  8
CUT
 10
191.5150
 20
306.6180
 30
0.0000
  0
VERTEX
  8
CUT
 10
191.6130
 20
305.7360
 30
0.0000
  0
VERTEX
  8
CUT
 10
191.6920
 20
304.8560
 30
0.0000
  0
VERTEX
  8
CUT
 10
191.7520
 20
303.9800
 30
0.0000
  0
VERTEX
  8
CUT
 10
192.0400
 20
303.9180
 30
0.0000
  0
VERTEX
  8
CUT
 10
192.3280
 20
303.8550
 30
0.0000
  0
VERTEX
  8
CUT
 10
192.6160
 20
303.7920
 30
0.0000
  0
VERTEX
  8
CUT
 10
192.9030
 20
303.7280
 30
0.0000
  0
VERTEX
  8
CUT
 10
193.1910
 20
303.6630
 30
0.0000
  0
VERTEX
  8
CUT
 10
193.4780
 20
303.5980
 30
0.0000
  0
VERTEX
  8
CUT
 10
193.7650
 20
303.5320
 30
0.0000
  0
VERTEX
  8
CUT
 10
194.0520
 20
303.4660
 30
0.0000
  0
VERTEX
  8
CUT
 10
194.4800
 20
304.2330
 30
0.0000
  0
VERTEX
  8
CUT
 10
194.9260
 20
304.9950
 30
0.0000
  0
VERTEX
  8
CUT
 10
195.3900
 20
305.7520
 30
0.0000
  0
VERTEX
  8
CUT
 10
195.8710
 20
306.5050
 30
0.0000
  0
VERTEX
  8
CUT
 10
196.3680
 20
307.2530
 30
0.0000
  0
VERTEX
  8
CUT
 10
196.8800
 20
307.9970
 30
0.0000
  0
VERTEX
  8
CUT
 10
197.4080
 20
308.7360
 30
0.0000
  0
VERTEX
  8
CUT
 10
197.9500
 20
309.4710
 30
0.0000
  0
VERTEX
  8
CUT
 10
198.2250
 20
309.4020
 30
0.0000
  0
VERTEX
  8
CUT
 10
198.5000
 20
309.3330
 30
0.0000
  0
VERTEX
  8
CUT
 10
198.7750
 20
309.2630
 30
0.0000
  0
VERTEX
  8
CUT
 10
199.0500
 20
309.1930
 30
0.0000
  0
VERTEX
  8
CUT
 10
199.3240
 20
309.1220
 30
0.0000
  0
VERTEX
  8
CUT
 10
199.5990
 20
309.0510
 30
0.0000
  0
VERTEX
  8
CUT
 10
199.8730
 20
308.9790
 30
0.0000
  0
VERTEX
  8
CUT
 10
200.1470
 20
308.9070
 30
0.0000
  0
VERTEX
  8
CUT
 10
200.2680
 20
308.0020
 30
0.0000
  0
VERTEX
  8
CUT
 10
200.3740
 20
307.1000
 30
0.0000
  0
VERTEX
  8
CUT
 10
200.4650
 20
306.2010
 30
0.0000
  0
VERTEX
  8
CUT
 10
200.5400
 20
305.3060
 30
0.0000
  0
VERTEX
  8
CUT
 10
200.5980
 20
304.4150
 30
0.0000
  0
VERTEX
  8
CUT
 10
200.6400
 20
303.5280
 30
0.0000
  0
VERTEX
  8
CUT
 10
200.6640
 20
302.6450
 30
0.0000
  0
VERTEX
  8
CUT
 10
200.6700
 20
301.7670
 30
0.0000
  0
VERTEX
  8
CUT
 10
200.9530
 20
301.6870
 30
0.0000
  0
VERTEX
  8
CUT
 10
201.2360
 20
301.6060
 30
0.0000
  0
VERTEX
  8
CUT
 10
201.5190
 20
301.5250
 30
0.0000
  0
VERTEX
  8
CUT
 10
201.8020
 20
301.4430
 30
0.0000
  0
VERTEX
  8
CUT
 10
202.0850
 20
301.3600
 30
0.0000
  0
VERTEX
  8
CUT
 10
202.3680
 20
301.2770
 30
0.0000
  0
VERTEX
  8
CUT
 10
202.6500
 20
301.1940
 30
0.0000
  0
VERTEX
  8
CUT
 10
202.9330
 20
301.1100
 30
0.0000
  0
VERTEX
  8
CUT
 10
203.4080
 20
301.8480
 30
0.0000
  0
VERTEX
  8
CUT
 10
203.9010
 20
302.5800
 30
0.0000
  0
VERTEX
  8
CUT
 10
204.4110
 20
303.3070
 30
0.0000
  0
VERTEX
  8
CUT
 10
204.9380
 20
304.0280
 30
0.0000
  0
VERTEX
  8
CUT
 10
205.4810
 20
304.7440
 30
0.0000
  0
VERTEX
  8
CUT
 10
206.0390
 20
305.4540
 30
0.0000
  0
VERTEX
  8
CUT
 10
206.6120
 20
306.1590
 30
0.0000
  0
VERTEX
  8
CUT
 10
207.2000
 20
306.8580
 30
0.0000
  0
VERTEX
  8
CUT
 10
207.4700
 20
306.7720
 30
0.0000
  0
VERTEX
  8
CUT
 10
207.7400
 20
306.6860
 30
0.0000
  0
VERTEX
  8
CUT
 10
208.0100
 20
306.5990
 30
0.0000
  0
VERTEX
  8
CUT
 10
208.2800
 20
306.5120
 30
0.0000
  0
VERTEX
  8
CUT
 10
208.5490
 20
306.4240
 30
0.0000
  0
VERTEX
  8
CUT
 10
208.8190
 20
306.3350
 30
0.0000
  0
VERTEX
  8
CUT
 10
209.0880
 20
306.2470
 30
0.0000
  0
VERTEX
  8
CUT
 10
209.3570
 20
306.1570
 30
0.0000
  0
VERTEX
  8
CUT
 10
209.4210
 20
305.2460
 30
0.0000
  0
VERTEX
  8
CUT
 10
209.4700
 20
304.3390
 30
0.0000
  0
VERTEX
  8
CUT
 10
209.5040
 20
303.4370
 30
0.0000
  0
VERTEX
  8
CUT
 10
209.5230
 20
302.5390
 30
0.0000
  0
VERTEX
  8
CUT
 10
209.5250
 20
301.6450
 30
0.0000
  0
VERTEX
  8
CUT
 10
209.5110
 20
300.7570
 30
0.0000
  0
VERTEX
  8
CUT
 10
209.4800
 20
299.8750
 30
0.0000
  0
VERTEX
  8
CUT
 10
209.4300
 20
298.9980
 30
0.0000
  0
VERTEX
  8
CUT
 10
209.7080
 20
298.9010
 30
0.0000
  0
VERTEX
  8
CUT
 10
209.9860
 20
298.8020
 30
0.0000
  0
VERTEX
  8
CUT
 10
210.2630
 20
298.7030
 30
0.0000
  0
VERTEX
  8
CUT
 10
210.5400
 20
298.6040
 30
0.0000
  0
VERTEX
  8
CUT
 10
210.8170
 20
298.5040
 30
0.0000
  0
VERTEX
  8
CUT
 10
211.0940
 20
298.4030
 30
0.0000
  0
VERTEX
  8
CUT
 10
211.3710
 20
298.3020
 30
0.0000
  0
VERTEX
  8
CUT
 10
211.6470
 20
298.2000
 30
0.0000
  0
VERTEX
  8
CUT
 10
212.1680
 20
298.9070
 30
0.0000
  0
VERTEX
  8
CUT
 10
212.7060
 20
299.6070
 30
0.0000
  0
VERTEX
  8
CUT
 10
213.2610
 20
300.3000
 30
0.0000
  0
VERTEX
  8
CUT
 10
213.8330
 20
300.9870
 30
0.0000
  0
VERTEX
  8
CUT
 10
214.4190
 20
301.6670
 30
0.0000
  0
VERTEX
  8
CUT
 10
215.0210
 20
302.3410
 30
0.0000
  0
VERTEX
  8
CUT
 10
215.6370
 20
303.0080
 30
0.0000
  0
VERTEX
  8
CUT
 10
216.2670
 20
303.6690
 30
0.0000
  0
VERTEX
  8
CUT
 10
216.5310
 20
303.5670
 30
0.0000
  0
VERTEX
  8
CUT
 10
216.7950
 20
303.4640
 30
0.0000
  0
VERTEX
  8
CUT
 10
217.0590
 20
303.3600
 30
0.0000
  0
VERTEX
  8
CUT
 10
217.3230
 20
303.2560
 30
0.0000
  0
VERTEX
  8
CUT
 10
217.5870
 20
303.1510
 30
0.0000
  0
VERTEX
  8
CUT
 10
217.8500
 20
303.0460
 30
0.0000
  0
VERTEX
  8
CUT
 10
218.1130
 20
302.9400
 30
0.0000
  0
VERTEX
  8
CUT
 10
218.3760
 20
302.8340
 30
0.0000
  0
VERTEX
  8
CUT
 10
218.3830
 20
301.9210
 30
0.0000
  0
VERTEX
  8
CUT
 10
218.3750
 20
301.0130
 30
0.0000
  0
VERTEX
  8
CUT
 10
218.3520
 20
300.1100
 30
0.0000
  0
VERTEX
  8
CUT
 10
218.3140
 20
299.2120
 30
0.0000
  0
VERTEX
  8
CUT
 10
218.2610
 20
298.3210
 30
0.0000
  0
VERTEX
  8
CUT
 10
218.1910
 20
297.4360
 30
0.0000
  0
VERTEX
  8
CUT
 10
218.1040
 20
296.5570
 30
0.0000
  0
VERTEX
  8
CUT
 10
218.0000
 20
295.6850
 30
0.0000
  0
VERTEX
  8
CUT
 10
218.2710
 20
295.5700
 30
0.0000
  0
VERTEX
  8
CUT
 10
218.5420
 20
295.4550
 30
0.0000
  0
VERTEX
  8
CUT
 10
218.8120
 20
295.3380
 30
0.0000
  0
VERTEX
  8
CUT
 10
219.0830
 20
295.2220
 30
0.0000
  0
VERTEX
  8
CUT
 10
219.3530
 20
295.1040
 30
0.0000
  0
VERTEX
  8
CUT
 10
219.6230
 20
294.9870
 30
0.0000
  0
VERTEX
  8
CUT
 10
219.8930
 20
294.8680
 30
0.0000
  0
VERTEX
  8
CUT
 10
220.1620
 20
294.7490
 30
0.0000
  0
VERTEX
  8
CUT
 10
220.7260
 20
295.4220
 30
0.0000
  0
VERTEX
  8
CUT
 10
221.3070
 20
296.0870
 30
0.0000
  0
VERTEX
  8
CUT
 10
221.9050
 20
296.7440
 30
0.0000
  0
VERTEX
  8
CUT
 10
222.5180
 20
297.3930
 30
0.0000
  0
VERTEX
  8
CUT
 10
223.1460
 20
298.0350
 30
0.0000
  0
VERTEX
  8
CUT
 10
223.7890
 20
298.6700
 30
0.0000
  0
VERTEX
  8
CUT
 10
224.4460
 20
299.2970
 30
0.0000
  0
VERTEX
  8
CUT
 10
225.1160
 20
299.9180
 30
0.0000
  0
VERTEX
  8
CUT
 10
225.3730
 20
299.7990
 30
0.0000
  0
VERTEX
  8
CUT
 10
225.6310
 20
299.6790
 30
0.0000
  0
VERTEX
  8
CUT
 10
225.8880
 20
299.5590
 30
0.0000
  0
VERTEX
  8
CUT
 10
226.1440
 20
299.4390
 30
0.0000
  0
VERTEX
  8
CUT
 10
226.4010
 20
299.3180
 30
0.0000
  0
VERTEX
  8
CUT
 10
226.6570
 20
299.1960
 30
0.0000
  0
VERTEX
  8
CUT
 10
226.9130
 20
299.0740
 30
0.0000
  0
VERTEX
  8
CUT
 10
227.1690
 20
298.9520
 30
0.0000
  0
VERTEX
  8
CUT
 10
227.1180
 20
298.0400
 30
0.0000
  0
VERTEX
  8
CUT
 10
227.0530
 20
297.1340
 30
0.0000
  0
VERTEX
  8
CUT
 10
226.9740
 20
296.2340
 30
0.0000
  0
VERTEX
  8
CUT
 10
226.8800
 20
295.3410
 30
0.0000
  0
VERTEX
  8
CUT
 10
226.7700
 20
294.4550
 30
0.0000
  0
VERTEX
  8
CUT
 10
226.6450
 20
293.5750
 30
0.0000
  0
VERTEX
  8
CUT
 10
226.5030
 20
292.7040
 30
0.0000
  0
VERTEX
  8
CUT
 10
226.3440
 20
291.8400
 30
0.0000
  0
VERTEX
  8
CUT
 10
226.6070
 20
291.7090
 30
0.0000
  0
VERTEX
  8
CUT
 10
226.8710
 20
291.5760
 30
0.0000
  0
VERTEX
  8
CUT
 10
227.1330
 20
291.4430
 30
0.0000
  0
VERTEX
  8
CUT
 10
227.3960
 20
291.3100
 30
0.0000
  0
VERTEX
  8
CUT
 10
227.6580
 20
291.1760
 30
0.0000
  0
VERTEX
  8
CUT
 10
227.9210
 20
291.0410
 30
0.0000
  0
VERTEX
  8
CUT
 10
228.1820
 20
290.9060
 30
0.0000
  0
VERTEX
  8
CUT
 10
228.4440
 20
290.7710
 30
0.0000
  0
VERTEX
  8
CUT
 10
229.0490
 20
291.4070
 30
0.0000
  0
VERTEX
  8
CUT
 10
229.6710
 20
292.0340
 30
0.0000
  0
VERTEX
  8
CUT
 10
230.3080
 20
292.6520
 30
0.0000
  0
VERTEX
  8
CUT
 10
230.9610
 20
293.2620
 30
0.0000
  0
VERTEX
  8
CUT
 10
231.6280
 20
293.8630
 30
0.0000
  0
VERTEX
  8
CUT
 10
232.3100
 20
294.4560
 30
0.0000
  0
VERTEX
  8
CUT
 10
233.0040
 20
295.0410
 30
0.0000
  0
VERTEX
  8
CUT
 10
233.7120
 20
295.6180
 30
0.0000
  0
VERTEX
  8
CUT
 10
233.9620
 20
295.4830
 30
0.0000
  0
VERTEX
  8
CUT
 10
234.2110
 20
295.3470
 30
0.0000
  0
VERTEX
  8
CUT
 10
234.4600
 20
295.2110
 30
0.0000
  0
VERTEX
  8
CUT
 10
234.7080
 20
295.0750
 30
0.0000
  0
VERTEX
  8
CUT
 10
234.9570
 20
294.9380
 30
0.0000
  0
VERTEX
  8
CUT
 10
235.2050
 20
294.8010
 30
0.0000
  0
VERTEX
  8
CUT
 10
235.4530
 20
294.6630
 30
0.0000
  0
VERTEX
  8
CUT
 10
235.7000
 20
294.5250
 30
0.0000
  0
VERTEX
  8
CUT
 10
235.5920
 20
293.6180
 30
0.0000
  0
VERTEX
  8
CUT
 10
235.4710
 20
292.7180
 30
0.0000
  0
VERTEX
  8
CUT
 10
235.3350
 20
291.8250
 30
0.0000
  0
VERTEX
  8
CUT
 10
235.1850
 20
290.9390
 30
0.0000
  0
VERTEX
  8
CUT
 10
235.0200
 20
290.0610
 30
0.0000
  0
VERTEX
  8
CUT
 10
234.8400
 20
289.1920
 30
0.0000
  0
VERTEX
  8
CUT
 10
234.6440
 20
288.3310
 30
0.0000
  0
VERTEX
  8
CUT
 10
234.4310
 20
287.4790
 30
0.0000
  0
VERTEX
  8
CUT
 10
234.6850
 20
287.3310
 30
0.0000
  0
VERTEX
  8
CUT
 10
234.9400
 20
287.1820
 30
0.0000
  0
VERTEX
  8
CUT
 10
235.1940
 20
287.0330
 30
0.0000
  0
VERTEX
  8
CUT
 10
235.4470
 20
286.8840
 30
0.0000
  0
VERTEX
  8
CUT
 10
235.7010
 20
286.7330
 30
0.0000
  0
VERTEX
  8
CUT
 10
235.9540
 20
286.5830
 30
0.0000
  0
VERTEX
  8
CUT
 10
236.2070
 20
286.4310
 30
0.0000
  0
VERTEX
  8
CUT
 10
236.4590
 20
286.2800
 30
0.0000
  0
VERTEX
  8
CUT
 10
237.1030
 20
286.8770
 30
0.0000
  0
VERTEX
  8
CUT
 10
237.7630
 20
287.4630
 30
0.0000
  0
VERTEX
  8
CUT
 10
238.4380
 20
288.0400
 30
0.0000
  0
VERTEX
  8
CUT
 10
239.1280
 20
288.6080
 30
0.0000
  0
VERTEX
  8
CUT
 10
239.8310
 20
289.1660
 30
0.0000
  0
VERTEX
  8
CUT
 10
240.5490
 20
289.7150
 30
0.0000
  0
VERTEX
  8
CUT
 10
241.2790
 20
290.2550
 30
0.0000
  0
VERTEX
  8
CUT
 10
242.0220
 20
290.7860
 30
0.0000
  0
VERTEX
  8
CUT
 10
242.2620
 20
290.6360
 30
0.0000
  0
VERTEX
  8
CUT
 10
242.5020
 20
290.4850
 30
0.0000
  0
VERTEX
  8
CUT
 10
242.7420
 20
290.3340
 30
0.0000
  0
VERTEX
  8
CUT
 10
242.9810
 20
290.1820
 30
0.0000
  0
VERTEX
  8
CUT
 10
243.2210
 20
290.0300
 30
0.0000
  0
VERTEX
  8
CUT
 10
243.4600
 20
289.8770
 30
0.0000
  0
VERTEX
  8
CUT
 10
243.6990
 20
289.7240
 30
0.0000
  0
VERTEX
  8
CUT
 10
243.9370
 20
289.5710
 30
0.0000
  0
VERTEX
  8
CUT
 10
243.7720
 20
288.6720
 30
0.0000
  0
VERTEX
  8
CUT
 10
243.5950
 20
287.7820
 30
0.0000
  0
VERTEX
  8
CUT
 10
243.4030
 20
286.8990
 30
0.0000
  0
VERTEX
  8
CUT
 10
243.1980
 20
286.0250
 30
0.0000
  0
VERTEX
  8
CUT
 10
242.9780
 20
285.1590
 30
0.0000
  0
VERTEX
  8
CUT
 10
242.7440
 20
284.3020
 30
0.0000
  0
VERTEX
  8
CUT
 10
242.4940
 20
283.4560
 30
0.0000
  0
VERTEX
  8
CUT
 10
242.2270
 20
282.6190
 30
0.0000
  0
VERTEX
  8
CUT
 10
242.4720
 20
282.4550
 30
0.0000
  0
VERTEX
  8
CUT
 10
242.7170
 20
282.2910
 30
0.0000
  0
VERTEX
  8
CUT
 10
242.9610
 20
282.1260
 30
0.0000
  0
VERTEX
  8
CUT
 10
243.2050
 20
281.9610
 30
0.0000
  0
VERTEX
  8
CUT
 10
243.4480
 20
281.7950
 30
0.0000
  0
VERTEX
  8
CUT
 10
243.6910
 20
281.6280
 30
0.0000
  0
VERTEX
  8
CUT
 10
243.9340
 20
281.4620
 30
0.0000
  0
VERTEX
  8
CUT
 10
244.1770
 20
281.2940
 30
0.0000
  0
VERTEX
  8
CUT
 10
244.8570
 20
281.8500
 30
0.0000
  0
VERTEX
  8
CUT
 10
245.5520
 20
282.3940
 30
0.0000
  0
VERTEX
  8
CUT
 10
246.2620
 20
282.9270
 30
0.0000
  0
VERTEX
  8
CUT
 10
246.9860
 20
283.4500
 30
0.0000
  0
VERTEX
  8
CUT
 10
247.7230
 20
283.9630
 30
0.0000
  0
VERTEX
  8
CUT
 10
248.4740
 20
284.4660
 30
0.0000
  0
VERTEX
  8
CUT
 10
249.2360
 20
284.9590
 30
0.0000
  0
VERTEX
  8
CUT
 10
250.0110
 20
285.4430
 30
0.0000
  0
VERTEX
  8
CUT
 10
250.2420
 20
285.2780
 30
0.0000
  0
VERTEX
  8
CUT
 10
250.4720
 20
285.1120
 30
0.0000
  0
VERTEX
  8
CUT
 10
250.7020
 20
284.9460
 30
0.0000
  0
VERTEX
  8
CUT
 10
250.9310
 20
284.7800
 30
0.0000
  0
VERTEX
  8
CUT
 10
251.1600
 20
284.6130
 30
0.0000
  0
VERTEX
  8
CUT
 10
251.3890
 20
284.4450
 30
0.0000
  0
VERTEX
  8
CUT
 10
251.6180
 20
284.2780
 30
0.0000
  0
VERTEX
  8
CUT
 10
251.8460
 20
284.1090
 30
0.0000
  0
VERTEX
  8
CUT
 10
251.6260
 20
283.2230
 30
0.0000
  0
VERTEX
  8
CUT
 10
251.3920
 20
282.3450
 30
0.0000
  0
VERTEX
  8
CUT
 10
251.1460
 20
281.4770
 30
0.0000
  0
VERTEX
  8
CUT
 10
250.8860
 20
280.6170
 30
0.0000
  0
VERTEX
  8
CUT
 10
250.6120
 20
279.7670
 30
0.0000
  0
VERTEX
  8
CUT
 10
250.3240
 20
278.9260
 30
0.0000
  0
VERTEX
  8
CUT
 10
250.0220
 20
278.0970
 30
0.0000
  0
VERTEX
  8
CUT
 10
249.7040
 20
277.2790
 30
0.0000
  0
VERTEX
  8
CUT
 10
249.9380
 20
277.1000
 30
0.0000
  0
VERTEX
  8
CUT
 10
250.1710
 20
276.9200
 30
0.0000
  0
VERTEX
  8
CUT
 10
250.4050
 20
276.7400
 30
0.0000
  0
VERTEX
  8
CUT
 10
250.6380
 20
276.5600
 30
0.0000
  0
VERTEX
  8
CUT
 10
250.8700
 20
276.3790
 30
0.0000
  0
VERTEX
  8
CUT
 10
251.1020
 20
276.1980
 30
0.0000
  0
VERTEX
  8
CUT
 10
251.3340
 20
276.0160
 30
0.0000
  0
VERTEX
  8
CUT
 10
251.5660
 20
275.8340
 30
0.0000
  0
VERTEX
  8
CUT
 10
252.2790
 20
276.3460
 30
0.0000
  0
VERTEX
  8
CUT
 10
253.0080
 20
276.8450
 30
0.0000
  0
VERTEX
  8
CUT
 10
253.7500
 20
277.3330
 30
0.0000
  0
VERTEX
  8
CUT
 10
254.5050
 20
277.8090
 30
0.0000
  0
VERTEX
  8
CUT
 10
255.2730
 20
278.2750
 30
0.0000
  0
VERTEX
  8
CUT
 10
256.0540
 20
278.7300
 30
0.0000
  0
VERTEX
  8
CUT
 10
256.8460
 20
279.1740
 30
0.0000
  0
VERTEX
  8
CUT
 10
257.6490
 20
279.6080
 30
0.0000
  0
VERTEX
  8
CUT
 10
257.8690
 20
279.4290
 30
0.0000
  0
VERTEX
  8
CUT
 10
258.0880
 20
279.2490
 30
0.0000
  0
VERTEX
  8
CUT
 10
258.3070
 20
279.0690
 30
0.0000
  0
VERTEX
  8
CUT
 10
258.5260
 20
278.8890
 30
0.0000
  0
VERTEX
  8
CUT
 10
258.7440
 20
278.7080
 30
0.0000
  0
VERTEX
  8
CUT
 10
258.9620
 20
278.5260
 30
0.0000
  0
VERTEX
  8
CUT
 10
259.1800
 20
278.3440
 30
0.0000
  0
VERTEX
  8
CUT
 10
259.3970
 20
278.1620
 30
0.0000
  0
VERTEX
  8
CUT
 10
259.1210
 20
277.2920
 30
0.0000
  0
VERTEX
  8
CUT
 10
258.8330
 20
276.4300
 30
0.0000
  0
VERTEX
  8
CUT
 10
258.5330
 20
275.5780
 30
0.0000
  0
VERTEX
  8
CUT
 10
258.2190
 20
274.7370
 30
0.0000
  0
VERTEX
  8
CUT
 10
257.8930
 20
273.9050
 30
0.0000
  0
VERTEX
  8
CUT
 10
257.5530
 20
273.0850
 30
0.0000
  0
VERTEX
  8
CUT
 10
257.1990
 20
272.2760
 30
0.0000
  0
VERTEX
  8
CUT
 10
256.8300
 20
271.4790
 30
0.0000
  0
VERTEX
  8
CUT
 10
257.0520
 20
271.2860
 30
0.0000
  0
VERTEX
  8
CUT
 10
257.2740
 20
271.0920
 30
0.0000
  0
VERTEX
  8
CUT
 10
257.4960
 20
270.8980
 30
0.0000
  0
VERTEX
  8
CUT
 10
257.7170
 20
270.7040
 30
0.0000
  0
VERTEX
  8
CUT
 10
257.9380
 20
270.5090
 30
0.0000
  0
VERTEX
  8
CUT
 10
258.1580
 20
270.3130
 30
0.0000
  0
VERTEX
  8
CUT
 10
258.3780
 20
270.1170
 30
0.0000
  0
VERTEX
  8
CUT
 10
258.5980
 20
269.9210
 30
0.0000
  0
VERTEX
  8
CUT
 10
259.3420
 20
270.3870
 30
0.0000
  0
VERTEX
  8
CUT
 10
260.1000
 20
270.8390
 30
0.0000
  0
VERTEX
  8
CUT
 10
260.8710
 20
271.2800
 30
0.0000
  0
VERTEX
  8
CUT
 10
261.6550
 20
271.7080
 30
0.0000
  0
VERTEX
  8
CUT
 10
262.4510
 20
272.1240
 30
0.0000
  0
VERTEX
  8
CUT
 10
263.2580
 20
272.5290
 30
0.0000
  0
VERTEX
  8
CUT
 10
264.0770
 20
272.9230
 30
0.0000
  0
VERTEX
  8
CUT
 10
264.9060
 20
273.3060
 30
0.0000
  0
VERTEX
  8
CUT
 10
265.1140
 20
273.1130
 30
0.0000
  0
VERTEX
  8
CUT
 10
265.3220
 20
272.9200
 30
0.0000
  0
VERTEX
  8
CUT
 10
265.5290
 20
272.7260
 30
0.0000
  0
VERTEX
  8
CUT
 10
265.7360
 20
272.5320
 30
0.0000
  0
VERTEX
  8
CUT
 10
265.9420
 20
272.3380
 30
0.0000
  0
VERTEX
  8
CUT
 10
266.1480
 20
272.1430
 30
0.0000
  0
VERTEX
  8
CUT
 10
266.3540
 20
271.9480
 30
0.0000
  0
VERTEX
  8
CUT
 10
266.5600
 20
271.7530
 30
0.0000
  0
VERTEX
  8
CUT
 10
266.2300
 20
270.9010
 30
0.0000
  0
VERTEX
  8
CUT
 10
265.8880
 20
270.0590
 30
0.0000
  0
VERTEX
  8
CUT
 10
265.5350
 20
269.2280
 30
0.0000
  0
VERTEX
  8
CUT
 10
265.1690
 20
268.4080
 30
0.0000
  0
VERTEX
  8
CUT
 10
264.7910
 20
267.5990
 30
0.0000
  0
VERTEX
  8
CUT
 10
264.4000
 20
266.8010
 30
0.0000
  0
VERTEX
  8
CUT
 10
263.9960
 20
266.0160
 30
0.0000
  0
VERTEX
  8
CUT
 10
263.5780
 20
265.2440
 30
0.0000
  0
VERTEX
  8
CUT
 10
263.7880
 20
265.0370
 30
0.0000
  0
VERTEX
  8
CUT
 10
263.9970
 20
264.8300
 30
0.0000
  0
VERTEX
  8
CUT
 10
264.2060
 20
264.6220
 30
0.0000
  0
VERTEX
  8
CUT
 10
264.4140
 20
264.4140
 30
0.0000
  0
VERTEX
  8
CUT
 10
264.6220
 20
264.2060
 30
0.0000
  0
VERTEX
  8
CUT
 10
264.8300
 20
263.9970
 30
0.0000
  0
VERTEX
  8
CUT
 10
265.0370
 20
263.7880
 30
0.0000
  0
VERTEX
  8
CUT
 10
265.2440
 20
263.5780
 30
0.0000
  0
VERTEX
  8
CUT
 10
266.0160
 20
263.9960
 30
0.0000
  0
VERTEX
  8
CUT
 10
266.8010
 20
264.4000
 30
0.0000
  0
VERTEX
  8
CUT
 10
267.5990
 20
264.7910
 30
0.0000
  0
VERTEX
  8
CUT
 10
268.4080
 20
265.1690
 30
0.0000
  0
VERTEX
  8
CUT
 10
269.2280
 20
265.5350
 30
0.0000
  0
VERTEX
  8
CUT
 10
270.0590
 20
265.8880
 30
0.0000
  0
VERTEX
  8
CUT
 10
270.9010
 20
266.2300
 30
0.0000
  0
VERTEX
  8
CUT
 10
271.7530
 20
266.5600
 30
0.0000
  0
VERTEX
  8
CUT
 10
271.9480
 20
266.3540
 30
0.0000
  0
VERTEX
  8
CUT
 10
272.1430
 20
266.1480
 30
0.0000
  0
VERTEX
  8
CUT
 10
272.3380
 20
265.9420
 30
0.0000
  0
VERTEX
  8
CUT
 10
272.5320
 20
265.7360
 30
0.0000
  0
VERTEX
  8
CUT
 10
272.7260
 20
265.5290
 30
0.0000
  0
VERTEX
  8
CUT
 10
272.9200
 20
265.3220
 30
0.0000
  0
VERTEX
  8
CUT
 10
273.1130
 20
265.1140
 30
0.0000
  0
VERTEX
  8
CUT
 10
273.3060
 20
264.9060
 30
0.0000
  0
VERTEX
  8
CUT
 10
272.9230
 20
264.0770
 30
0.0000
  0
VERTEX
  8
CUT
 10
272.5290
 20
263.2580
 30
0.0000
  0
VERTEX
  8
CUT
 10
272.1240
 20
262.4510
 30
0.0000
  0
VERTEX
  8
CUT
 10
271.7080
 20
261.6550
 30
0.0000
  0
VERTEX
  8
CUT
 10
271.2800
 20
260.8710
 30
0.0000
  0
VERTEX
  8
CUT
 10
270.8390
 20
260.1000
 30
0.0000
  0
VERTEX
  8
CUT
 10
270.3870
 20
259.3420
 30
0.0000
  0
VERTEX
  8
CUT
 10
269.9210
 20
258.5980
 30
0.0000
  0
VERTEX
  8
CUT
 10
270.1170
 20
258.3780
 30
0.0000
  0
VERTEX
  8
CUT
 10
270.3130
 20
258.1580
 30
0.0000
  0
VERTEX
  8
CUT
 10
270.5090
 20
257.9380
 30
0.0000
  0
VERTEX
  8
CUT
 10
270.7040
 20
257.7170
 30
0.0000
  0
VERTEX
  8
CUT
 10
270.8980
 20
257.4960
 30
0.0000
  0
VERTEX
  8
CUT
 10
271.0920
 20
257.2740
 30
0.0000
  0
VERTEX
  8
CUT
 10
271.2860
 20
257.0520
 30
0.0000
  0
VERTEX
  8
CUT
 10
271.4790
 20
256.8300
 30
0.0000
  0
VERTEX
  8
CUT
 10
272.2760
 20
257.1990
 30
0.0000
  0
VERTEX
  8
CUT
 10
273.0850
 20
257.5530
 30
0.0000
  0
VERTEX
  8
CUT
 10
273.9050
 20
257.8930
 30
0.0000
  0
VERTEX
  8
CUT
 10
274.7370
 20
258.2190
 30
0.0000
  0
VERTEX
  8
CUT
 10
275.5780
 20
258.5330
 30
0.0000
  0
VERTEX
  8
CUT
 10
276.4300
 20
258.8330
 30
0.0000
  0
VERTEX
  8
CUT
 10
277.2920
 20
259.1210
 30
0.0000
  0
VERTEX
  8
CUT
 10
278.1620
 20
259.3970
 30
0.0000
  0
VERTEX
  8
CUT
 10
278.3440
 20
259.1800
 30
0.0000
  0
VERTEX
  8
CUT
 10
278.5260
 20
258.9620
 30
0.0000
  0
VERTEX
  8
CUT
 10
278.7080
 20
258.7440
 30
0.0000
  0
VERTEX
  8
CUT
 10
278.8890
 20
258.5260
 30
0.0000
  0
VERTEX
  8
CUT
 10
279.0690
 20
258.3070
 30
0.0000
  0
VERTEX
  8
CUT
 10
279.2490
 20
258.0880
 30
0.0000
  0
VERTEX
  8
CUT
 10
279.4290
 20
257.8690
 30
0.0000
  0
VERTEX
  8
CUT
 10
279.6080
 20
257.6490
 30
0.0000
  0
VERTEX
  8
CUT
 10
279.1740
 20
256.8460
 30
0.0000
  0
VERTEX
  8
CUT
 10
278.7300
 20
256.0540
 30
0.0000
  0
VERTEX
  8
CUT
 10
278.2750
 20
255.2730
 30
0.0000
  0
VERTEX
  8
CUT
 10
277.8090
 20
254.5050
 30
0.0000
  0
VERTEX
  8
CUT
 10
277.3330
 20
253.7500
 30
0.0000
  0
VERTEX
  8
CUT
 10
276.8450
 20
253.0080
 30
0.0000
  0
VERTEX
  8
CUT
 10
276.3460
 20
252.2790
 30
0.0000
  0
VERTEX
  8
CUT
 10
275.8340
 20
251.5660
 30
0.0000
  0
VERTEX
  8
CUT
 10
276.0160
 20
251.3340
 30
0.0000
  0
VERTEX
  8
CUT
 10
276.1980
 20
251.1020
 30
0.0000
  0
VERTEX
  8
CUT
 10
276.3790
 20
250.8700
 30
0.0000
  0
VERTEX
  8
CUT
 10
276.5600
 20
250.6380
 30
0.0000
  0
VERTEX
  8
CUT
 10
276.7400
 20
250.4050
 30
0.0000
  0
VERTEX
  8
CUT
 10
276.9200
 20
250.1710
 30
0.0000
  0
VERTEX
  8
CUT
 10
277.1000
 20
249.9380
 30
0.0000
  0
VERTEX
  8
CUT
 10
277.2790
 20
249.7040
 30
0.0000
  0
VERTEX
  8
CUT
 10
278.0970
 20
250.0220
 30
0.0000
  0
VERTEX
  8
CUT
 10
278.9260
 20
250.3240
 30
0.0000
  0
VERTEX
  8
CUT
 10
279.7670
 20
250.6120
 30
0.0000
  0
VERTEX
  8
CUT
 10
280.6170
 20
250.8860
 30
0.0000
  0
VERTEX
  8
CUT
 10
281.4770
 20
251.1460
 30
0.0000
  0
VERTEX
  8
CUT
 10
282.3450
 20
251.3920
 30
0.0000
  0
VERTEX
  8
CUT
 10
283.2230
 20
251.6260
 30
0.0000
  0
VERTEX
  8
CUT
 10
284.1090
 20
251.8460
 30
0.0000
  0
VERTEX
  8
CUT
 10
284.2780
 20
251.6180
 30
0.0000
  0
VERTEX
  8
CUT
 10
284.4450
 20
251.3890
 30
0.0000
  0
VERTEX
  8
CUT
 10
284.6130
 20
251.1600
 30
0.0000
  0
VERTEX
  8
CUT
 10
284.7800
 20
250.9310
 30
0.0000
  0
VERTEX
  8
CUT
 10
284.9460
 20
250.7020
 30
0.0000
  0
VERTEX
  8
CUT
 10
285.1120
 20
250.4720
 30
0.0000
  0
VERTEX
  8
CUT
 10
285.2780
 20
250.2420
 30
0.0000
  0
VERTEX
  8
CUT
 10
285.4430
 20
250.0110
 30
0.0000
  0
VERTEX
  8
CUT
 10
284.9590
 20
249.2360
 30
0.0000
  0
VERTEX
  8
CUT
 10
284.4660
 20
248.4740
 30
0.0000
  0
VERTEX
  8
CUT
 10
283.9630
 20
247.7230
 30
0.0000
  0
VERTEX
  8
CUT
 10
283.4500
 20
246.9860
 30
0.0000
  0
VERTEX
  8
CUT
 10
282.9270
 20
246.2620
 30
0.0000
  0
VERTEX
  8
CUT
 10
282.3940
 20
245.5520
 30
0.0000
  0
VERTEX
  8
CUT
 10
281.8500
 20
244.8570
 30
0.0000
  0
VERTEX
  8
CUT
 10
281.2940
 20
244.1770
 30
0.0000
  0
VERTEX
  8
CUT
 10
281.4620
 20
243.9340
 30
0.0000
  0
VERTEX
  8
CUT
 10
281.6280
 20
243.6910
 30
0.0000
  0
VERTEX
  8
CUT
 10
281.7950
 20
243.4480
 30
0.0000
  0
VERTEX
  8
CUT
 10
281.9610
 20
243.2050
 30
0.0000
  0
VERTEX
  8
CUT
 10
282.1260
 20
242.9610
 30
0.0000
  0
VERTEX
  8
CUT
 10
282.2910
 20
242.7170
 30
0.0000
  0
VERTEX
  8
CUT
 10
282.4550
 20
242.4720
 30
0.0000
  0
VERTEX
  8
CUT
 10
282.6190
 20
242.2270
 30
0.0000
  0
VERTEX
  8
CUT
 10
283.4560
 20
242.4940
 30
0.0000
  0
VERTEX
  8
CUT
 10
284.3020
 20
242.7440
 30
0.0000
  0
VERTEX
  8
CUT
 10
285.1590
 20
242.9780
 30
0.0000
  0
VERTEX
  8
CUT
 10
286.0250
 20
243.1980
 30
0.0000
  0
VERTEX
  8
CUT
 10
286.8990
 20
243.4030
 30
0.0000
  0
VERTEX
  8
CUT
 10
287.7820
 20
243.5950
 30
0.0000
  0
VERTEX
  8
CUT
 10
288.6720
 20
243.7720
 30
0.0000
  0
VERTEX
  8
CUT
 10
289.5710
 20
243.9370
 30
0.0000
  0
VERTEX
  8
CUT
 10
289.7240
 20
243.6990
 30
0.0000
  0
VERTEX
  8
CUT
 10
289.8770
 20
243.4600
 30
0.0000
  0
VERTEX
  8
CUT
 10
290.0300
 20
243.2210
 30
0.0000
  0
VERTEX
  8
CUT
 10
290.1820
 20
242.9810
 30
0.0000
  0
VERTEX
  8
CUT
 10
290.3340
 20
242.7420
 30
0.0000
  0
VERTEX
  8
CUT
 10
290.4850
 20
242.5020
 30
0.0000
  0
VERTEX
  8
CUT
 10
290.6360
 20
242.2620
 30
0.0000
  0
VERTEX
  8
CUT
 10
290.7860
 20
242.0220
 30
0.0000
  0
VERTEX
  8
CUT
 10
290.2550
 20
241.2790
 30
0.0000
  0
VERTEX
  8
CUT
 10
289.7150
 20
240.5490
 30
0.0000
  0
VERTEX
  8
CUT
 10
289.1660
 20
239.8310
 30
0.0000
  0
VERTEX
  8
CUT
 10
288.6080
 20
239.1280
 30
0.0000
  0
VERTEX
  8
CUT
 10
288.0400
 20
238.4380
 30
0.0000
  0
VERTEX
  8
CUT
 10
287.4630
 20
237.7630
 30
0.0000
  0
VERTEX
  8
CUT
 10
286.8770
 20
237.1030
 30
0.0000
  0
VERTEX
  8
CUT
 10
286.2800
 20
236.4590
 30
0.0000
  0
VERTEX
  8
CUT
 10
286.4310
 20
236.2070
 30
0.0000
  0
VERTEX
  8
CUT
 10
286.5830
 20
235.9540
 30
0.0000
  0
VERTEX
  8
CUT
 10
286.7330
 20
235.7010
 30
0.0000
  0
VERTEX
  8
CUT
 10
286.8840
 20
235.4470
 30
0.0000
  0
VERTEX
  8
CUT
 10
287.0330
 20
235.1940
 30
0.0000
  0
VERTEX
  8
CUT
 10
287.1820
 20
234.9400
 30
0.0000
  0
VERTEX
  8
CUT
 10
287.3310
 20
234.6850
 30
0.0000
  0
VERTEX
  8
CUT
 10
287.4790
 20
234.4310
 30
0.0000
  0
VERTEX
  8
CUT
 10
288.3310
 20
234.6440
 30
0.0000
  0
VERTEX
  8
CUT
 10
289.1920
 20
234.8400
 30
0.0000
  0
VERTEX
  8
CUT
 10
290.0610
 20
235.0200
 30
0.0000
  0
VERTEX
  8
CUT
 10
290.9390
 20
235.1850
 30
0.0000
  0
VERTEX
  8
CUT
 10
291.8250
 20
235.3350
 30
0.0000
  0
VERTEX
  8
CUT
 10
292.7180
 20
235.4710
 30
0.0000
  0
VERTEX
  8
CUT
 10
293.6180
 20
235.5920
 30
0.0000
  0
VERTEX
  8
CUT
 10
294.5250
 20
235.7000
 30
0.0000
  0
VERTEX
  8
CUT
 10
294.6630
 20
235.4530
 30
0.0000
  0
VERTEX
  8
CUT
 10
294.8010
 20
235.2050
 30
0.0000
  0
VERTEX
  8
CUT
 10
294.9380
 20
234.9570
 30
0.0000
  0
VERTEX
  8
CUT
 10
295.0750
 20
234.7080
 30
0.0000
  0
VERTEX
  8
CUT
 10
295.2110
 20
234.4600
 30
0.0000
  0
VERTEX
  8
CUT
 10
295.3470
 20
234.2110
 30
0.0000
  0
VERTEX
  8
CUT
 10
295.4830
 20
233.9620
 30
0.0000
  0
VERTEX
  8
CUT
 10
295.6180
 20
233.7120
 30
0.0000
  0
VERTEX
  8
CUT
 10
295.0410
 20
233.0040
 30
0.0000
  0
VERTEX
  8
CUT
 10
294.4560
 20
232.3100
 30
0.0000
  0
VERTEX
  8
CUT
 10
293.8630
 20
231.6280
 30
0.0000
  0
VERTEX
  8
CUT
 10
293.2620
 20
230.9610
 30
0.0000
  0
VERTEX
  8
CUT
 10
292.6520
 20
230.3080
 30
0.0000
  0
VERTEX
  8
CUT
 10
292.0340
 20
229.6710
 30
0.0000
  0
VERTEX
  8
CUT
 10
291.4070
 20
229.0490
 30
0.0000
  0
VERTEX
  8
CUT
 10
290.7710
 20
228.4440
 30
0.0000
  0
VERTEX
  8
CUT
 10
290.9060
 20
228.1820
 30
0.0000
  0
VERTEX
  8
CUT
 10
291.0410
 20
227.9210
 30
0.0000
  0
VERTEX
  8
CUT
 10
291.1760
 20
227.6580
 30
0.0000
  0
VERTEX
  8
CUT
 10
291.3100
 20
227.3960
 30
0.0000
  0
VERTEX
  8
CUT
 10
291.4430
 20
227.1330
 30
0.0000
  0
VERTEX
  8
CUT
 10
291.5760
 20
226.8710
 30
0.0000
  0
VERTEX
  8
CUT
 10
291.7090
 20
226.6070
 30
0.0000
  0
VERTEX
  8
CUT
 10
291.8400
 20
226.3440
 30
0.0000
  0
VERTEX
  8
CUT
 10
292.7040
 20
226.5030
 30
0.0000
  0
VERTEX
  8
CUT
 10
293.5750
 20
226.6450
 30
0.0000
  0
VERTEX
  8
CUT
 10
294.4550
 20
226.7700
 30
0.0000
  0
VERTEX
  8
CUT
 10
295.3410
 20
226.8800
 30
0.0000
  0
VERTEX
  8
CUT
 10
296.2340
 20
226.9740
 30
0.0000
  0
VERTEX
  8
CUT
 10
297.1340
 20
227.0530
 30
0.0000
  0
VERTEX
  8
CUT
 10
298.0400
 20
227.1180
 30
0.0000
  0
VERTEX
  8
CUT
 10
298.9520
 20
227.1690
 30
0.0000
  0
VERTEX
  8
CUT
 10
299.0740
 20
226.9130
 30
0.0000
  0
VERTEX
  8
CUT
 10
299.1960
 20
226.6570
 30
0.0000
  0
VERTEX
  8
CUT
 10
299.3180
 20
226.4010
 30
0.0000
  0
VERTEX
  8
CUT
 10
299.4390
 20
226.1440
 30
0.0000
  0
VERTEX
  8
CUT
 10
299.5590
 20
225.8880
 30
0.0000
  0
VERTEX
  8
CUT
 10
299.6790
 20
225.6310
 30
0.0000
  0
VERTEX
  8
CUT
 10
299.7990
 20
225.3730
 30
0.0000
  0
VERTEX
  8
CUT
 10
299.9180
 20
225.1160
 30
0.0000
  0
VERTEX
  8
CUT
 10
299.2970
 20
224.4460
 30
0.0000
  0
VERTEX
  8
CUT
 10
298.6700
 20
223.7890
 30
0.0000
  0
VERTEX
  8
CUT
 10
298.0350
 20
223.1460
 30
0.0000
  0
VERTEX
  8
CUT
 10
297.3930
 20
222.5180
 30
0.0000
  0
VERTEX
  8
CUT
 10
296.7440
 20
221.9050
 30
0.0000
  0
VERTEX
  8
CUT
 10
296.0870
 20
221.3070
 30
0.0000
  0
VERTEX
  8
CUT
 10
295.4220
 20
220.7260
 30
0.0000
  0
VERTEX
  8
CUT
 10
294.7490
 20
220.1620
 30
0.0000
  0
VERTEX
  8
CUT
 10
294.8680
 20
219.8930
 30
0.0000
  0
VERTEX
  8
CUT
 10
294.9870
 20
219.6230
 30
0.0000
  0
VERTEX
  8
CUT
 10
295.1040
 20
219.3530
 30
0.0000
  0
VERTEX
  8
CUT
 10
295.2220
 20
219.0830
 30
0.0000
  0
VERTEX
  8
CUT
 10
295.3380
 20
218.8120
 30
0.0000
  0
VERTEX
  8
CUT
 10
295.4550
 20
218.5420
 30
0.0000
  0
VERTEX
  8
CUT
 10
295.5700
 20
218.2710
 30
0.0000
  0
VERTEX
  8
CUT
 10
295.6850
 20
218.0000
 30
0.0000
  0
VERTEX
  8
CUT
 10
296.5570
 20
218.1040
 30
0.0000
  0
VERTEX
  8
CUT
 10
297.4360
 20
218.1910
 30
0.0000
  0
VERTEX
  8
CUT
 10
298.3210
 20
218.2610
 30
0.0000
  0
VERTEX
  8
CUT
 10
299.2120
 20
218.3140
 30
0.0000
  0
VERTEX
  8
CUT
 10
300.1100
 20
218.3520
 30
0.0000
  0
VERTEX
  8
CUT
 10
301.0130
 20
218.3750
 30
0.0000
  0
VERTEX
  8
CUT
 10
301.9210
 20
218.3830
 30
0.0000
  0
VERTEX
  8
CUT
 10
302.8340
 20
218.3760
 30
0.0000
  0
VERTEX
  8
CUT
 10
302.9400
 20
218.1130
 30
0.0000
  0
VERTEX
  8
CUT
 10
303.0460
 20
217.8500
 30
0.0000
  0
VERTEX
  8
CUT
 10
303.1510
 20
217.5870
 30
0.0000
  0
VERTEX
  8
CUT
 10
303.2560
 20
217.3230
 30
0.0000
  0
VERTEX
  8
CUT
 10
303.3600
 20
217.0590
 30
0.0000
  0
VERTEX
  8
CUT
 10
303.4640
 20
216.7950
 30
0.0000
  0
VERTEX
  8
CUT
 10
303.5670
 20
216.5310
 30
0.0000
  0
VERTEX
  8
CUT
 10
303.6690
 20
216.2670
 30
0.0000
  0
VERTEX
  8
CUT
 10
303.0080
 20
215.6370
 30
0.0000
  0
VERTEX
  8
CUT
 10
302.3410
 20
215.0210
 30
0.0000
  0
VERTEX
  8
CUT
 10
301.6670
 20
214.4190
 30
0.0000
  0
VERTEX
  8
CUT
 10
300.9870
 20
213.8330
 30
0.0000
  0
VERTEX
  8
CUT
 10
300.3000
 20
213.2610
 30
0.0000
  0
VERTEX
  8
CUT
 10
299.6070
 20
212.7060
 30
0.0000
  0
VERTEX
  8
CUT
 10
298.9070
 20
212.1680
 30
0.0000
  0
VERTEX
  8
CUT
 10
298.2000
 20
211.6470
 30
0.0000
  0
VERTEX
  8
CUT
 10
298.3020
 20
211.3710
 30
0.0000
  0
VERTEX
  8
CUT
 10
298.4030
 20
211.0940
 30
0.0000
  0
VERTEX
  8
CUT
 10
298.5040
 20
210.8170
 30
0.0000
  0
VERTEX
  8
CUT
 10
298.6040
 20
210.5400
 30
0.0000
  0
VERTEX
  8
CUT
 10
298.7030
 20
210.2630
 30
0.0000
  0
VERTEX
  8
CUT
 10
298.8020
 20
209.9860
 30
0.0000
  0
VERTEX
  8
CUT
 10
298.9010
 20
209.7080
 30
0.0000
  0
VERTEX
  8
CUT
 10
298.9980
 20
209.4300
 30
0.0000
  0
VERTEX
  8
CUT
 10
299.8750
 20
209.4800
 30
0.0000
  0
VERTEX
  8
CUT
 10
300.7570
 20
209.5110
 30
0.0000
  0
VERTEX
  8
CUT
 10
301.6450
 20
209.5250
 30
0.0000
  0
VERTEX
  8
CUT
 10
302.5390
 20
209.5230
 30
0.0000
  0
VERTEX
  8
CUT
 10
303.4370
 20
209.5040
 30
0.0000
  0
VERTEX
  8
CUT
 10
304.3390
 20
209.4700
 30
0.0000
  0
VERTEX
  8
CUT
 10
305.2460
 20
209.4210
 30
0.0000
  0
VERTEX
  8
CUT
 10
306.1570
 20
209.3570
 30
0.0000
  0
VERTEX
  8
CUT
 10
306.2470
 20
209.0880
 30
0.0000
  0
VERTEX
  8
CUT
 10
306.3350
 20
208.8190
 30
0.0000
  0
VERTEX
  8
CUT
 10
306.4240
 20
208.5490
 30
0.0000
  0
VERTEX
  8
CUT
 10
306.5120
 20
208.2800
 30
0.0000
  0
VERTEX
  8
CUT
 10
306.5990
 20
208.0100
 30
0.0000
  0
VERTEX
  8
CUT
 10
306.6860
 20
207.7400
 30
0.0000
  0
VERTEX
  8
CUT
 10
306.7720
 20
207.4700
 30
0.0000
  0
VERTEX
  8
CUT
 10
306.8580
 20
207.2000
 30
0.0000
  0
VERTEX
  8
CUT
 10
306.1590
 20
206.6120
 30
0.0000
  0
VERTEX
  8
CUT
 10
305.4540
 20
206.0390
 30
0.0000
  0
VERTEX
  8
CUT
 10
304.7440
 20
205.4810
 30
0.0000
  0
VERTEX
  8
CUT
 10
304.0280
 20
204.9380
 30
0.0000
  0
VERTEX
  8
CUT
 10
303.3070
 20
204.4110
 30
0.0000
  0
VERTEX
  8
CUT
 10
302.5800
 20
203.9010
 30
0.0000
  0
VERTEX
  8
CUT
 10
301.8480
 20
203.4080
 30
0.0000
  0
VERTEX
  8
CUT
 10
301.1100
 20
202.9330
 30
0.0000
  0
VERTEX
  8
CUT
 10
301.1940
 20
202.6500
 30
0.0000
  0
VERTEX
  8
CUT
 10
301.2770
 20
202.3680
 30
0.0000
  0
VERTEX
  8
CUT
 10
301.3600
 20
202.0850
 30
0.0000
  0
VERTEX
  8
CUT
 10
301.4430
 20
201.8020
 30
0.0000
  0
VERTEX
  8
CUT
 10
301.5250
 20
201.5190
 30
0.0000
  0
VERTEX
  8
CUT
 10
301.6060
 20
201.2360
 30
0.0000
  0
VERTEX
  8
CUT
 10
301.6870
 20
200.9530
 30
0.0000
  0
VERTEX
  8
CUT
 10
301.7670
 20
200.6700
 30
0.0000
  0
VERTEX
  8
CUT
 10
302.6450
 20
200.6640
 30
0.0000
  0
VERTEX
  8
CUT
 10
303.5280
 20
200.6400
 30
0.0000
  0
VERTEX
  8
CUT
 10
304.4150
 20
200.5980
 30
0.0000
  0
VERTEX
  8
CUT
 10
305.3060
 20
200.5400
 30
0.0000
  0
VERTEX
  8
CUT
 10
306.2010
 20
200.4650
 30
0.0000
  0
VERTEX
  8
CUT
 10
307.1000
 20
200.3740
 30
0.0000
  0
VERTEX
  8
CUT
 10
308.0020
 20
200.2680
 30
0.0000
  0
VERTEX
  8
CUT
 10
308.9070
 20
200.1470
 30
0.0000
  0
VERTEX
  8
CUT
 10
308.9790
 20
199.8730
 30
0.0000
  0
VERTEX
  8
CUT
 10
309.0510
 20
199.5990
 30
0.0000
  0
VERTEX
  8
CUT
 10
309.1220
 20
199.3240
 30
0.0000
  0
VERTEX
  8
CUT
 10
309.1930
 20
199.0500
 30
0.0000
  0
VERTEX
  8
CUT
 10
309.2630
 20
198.7750
 30
0.0000
  0
VERTEX
  8
CUT
 10
309.3330
 20
198.5000
 30
0.0000
  0
VERTEX
  8
CUT
 10
309.4020
 20
198.2250
 30
0.0000
  0
VERTEX
  8
CUT
 10
309.4710
 20
197.9500
 30
0.0000
  0
VERTEX
  8
CUT
 10
308.7360
 20
197.4080
 30
0.0000
  0
VERTEX
  8
CUT
 10
307.9970
 20
196.8800
 30
0.0000
  0
VERTEX
  8
CUT
 10
307.2530
 20
196.3680
 30
0.0000
  0
VERTEX
  8
CUT
 10
306.5050
 20
195.8710
 30
0.0000
  0
VERTEX
  8
CUT
 10
305.7520
 20
195.3900
 30
0.0000
  0
VERTEX
  8
CUT
 10
304.9950
 20
194.9260
 30
0.0000
  0
VERTEX
  8
CUT
 10
304.2330
 20
194.4800
 30
0.0000
  0
VERTEX
  8
CUT
 10
303.4660
 20
194.0520
 30
0.0000
  0
VERTEX
  8
CUT
 10
303.5320
 20
193.7650
 30
0.0000
  0
VERTEX
  8
CUT
 10
303.5980
 20
193.4780
 30
0.0000
  0
VERTEX
  8
CUT
 10
303.6630
 20
193.1910
 30
0.0000
  0
VERTEX
  8
CUT
 10
303.7280
 20
192.9030
 30
0.0000
  0
VERTEX
  8
CUT
 10
303.7920
 20
192.6160
 30
0.0000
  0
VERTEX
  8
CUT
 10
303.8550
 20
192.3280
 30
0.0000
  0
VERTEX
  8
CUT
 10
303.9180
 20
192.0400
 30
0.0000
  0
VERTEX
  8
CUT
 10
303.9800
 20
191.7520
 30
0.0000
  0
VERTEX
  8
CUT
 10
304.8560
 20
191.6920
 30
0.0000
  0
VERTEX
  8
CUT
 10
305.7360
 20
191.6130
 30
0.0000
  0
VERTEX
  8
CUT
 10
306.6180
 20
191.5150
 30
0.0000
  0
VERTEX
  8
CUT
 10
307.5040
 20
191.4010
 30
0.0000
  0
VERTEX
  8
CUT
 10
308.3930
 20
191.2700
 30
0.0000
  0
VERTEX
  8
CUT
 10
309.2840
 20
191.1230
 30
0.0000
  0
VERTEX
  8
CUT
 10
310.1770
 20
190.9600
 30
0.0000
  0
VERTEX
  8
CUT
 10
311.0730
 20
190.7830
 30
0.0000
  0
VERTEX
  8
CUT
 10
311.1280
 20
190.5050
 30
0.0000
  0
VERTEX
  8
CUT
 10
311.1830
 20
190.2260
 30
0.0000
  0
VERTEX
  8
CUT
 10
311.2370
 20
189.9480
 30
0.0000
  0
VERTEX
  8
CUT
 10
311.2900
 20
189.6690
 30
0.0000
  0
VERTEX
  8
CUT
 10
311.3430
 20
189.3910
 30
0.0000
  0
VERTEX
  8
CUT
 10
311.3950
 20
189.1120
 30
0.0000
  0
VERTEX
  8
CUT
 10
311.4470
 20
188.8330
 30
0.0000
  0
VERTEX
  8
CUT
 10
311.4980
 20
188.5540
 30
0.0000
  0
VERTEX
  8
CUT
 10
310.7310
 20
188.0590
 30
0.0000
  0
VERTEX
  8
CUT
 10
309.9600
 20
187.5790
 30
0.0000
  0
VERTEX
  8
CUT
 10
309.1850
 20
187.1150
 30
0.0000
  0
VERTEX
  8
CUT
 10
308.4070
 20
186.6660
 30
0.0000
  0
VERTEX
  8
CUT
 10
307.6260
 20
186.2330
 30
0.0000
  0
VERTEX
  8
CUT
 10
306.8410
 20
185.8180
 30
0.0000
  0
VERTEX
  8
CUT
 10
306.0520
 20
185.4200
 30
0.0000
  0
VERTEX
  8
CUT
 10
305.2600
 20
185.0420
 30
0.0000
  0
VERTEX
  8
CUT
 10
305.3090
 20
184.7510
 30
0.0000
  0
VERTEX
  8
CUT
 10
305.3560
 20
184.4600
 30
0.0000
  0
VERTEX
  8
CUT
 10
305.4030
 20
184.1690
 30
0.0000
  0
VERTEX
  8
CUT
 10
305.4490
 20
183.8790
 30
0.0000
  0
VERTEX
  8
CUT
 10
305.4950
 20
183.5880
 30
0.0000
  0
VERTEX
  8
CUT
 10
305.5400
 20
183.2960
 30
0.0000
  0
VERTEX
  8
CUT
 10
305.5850
 20
183.0050
 30
0.0000
  0
VERTEX
  8
CUT
 10
305.6290
 20
182.7140
 30
0.0000
  0
VERTEX
  8
CUT
 10
306.4990
 20
182.5990
 30
0.0000
  0
VERTEX
  8
CUT
 10
307.3720
 20
182.4640
 30
0.0000
  0
VERTEX
  8
CUT
 10
308.2470
 20
182.3120
 30
0.0000
  0
VERTEX
  8
CUT
 10
309.1240
 20
182.1420
 30
0.0000
  0
VERTEX
  8
CUT
 10
310.0020
 20
181.9550
 30
0.0000
  0
VERTEX
  8
CUT
 10
310.8830
 20
181.7530
 30
0.0000
  0
VERTEX
  8
CUT
 10
311.7640
 20
181.5340
 30
0.0000
  0
VERTEX
  8
CUT
 10
312.6470
 20
181.3010
 30
0.0000
  0
VERTEX
  8
CUT
 10
312.6850
 20
181.0200
 30
0.0000
  0
VERTEX
  8
CUT
 10
312.7210
 20
180.7390
 30
0.0000
  0
VERTEX
  8
CUT
 10
312.7580
 20
180.4570
 30
0.0000
  0
VERTEX
  8
CUT
 10
312.7940
 20
180.1760
 30
0.0000
  0
VERTEX
  8
CUT
 10
312.8290
 20
179.8950
 30
0.0000
  0
VERTEX
  8
CUT
 10
312.8640
 20
179.6130
 30
0.0000
  0
VERTEX
  8
CUT
 10
312.8980
 20
179.3320
 30
0.0000
  0
VERTEX
  8
CUT
 10
312.9320
 20
179.0500
 30
0.0000
  0
VERTEX
  8
CUT
 10
312.1340
 20
178.6040
 30
0.0000
  0
VERTEX
  8
CUT
 10
311.3350
 20
178.1740
 30
0.0000
  0
VERTEX
  8
CUT
 10
310.5330
 20
177.7580
 30
0.0000
  0
VERTEX
  8
CUT
 10
309.7280
 20
177.3590
 30
0.0000
  0
VERTEX
  8
CUT
 10
308.9210
 20
176.9770
 30
0.0000
  0
VERTEX
  8
CUT
 10
308.1110
 20
176.6120
 30
0.0000
  0
VERTEX
  8
CUT
 10
307.3000
 20
176.2640
 30
0.0000
  0
VERTEX
  8
CUT
 10
306.4850
 20
175.9360
 30
0.0000
  0
VERTEX
  8
CUT
 10
306.5150
 20
175.6430
 30
0.0000
  0
VERTEX
  8
CUT
 10
306.5440
 20
175.3500
 30
0.0000
  0
VERTEX
  8
CUT
 10
306.5730
 20
175.0570
 30
0.0000
  0
VERTEX
  8
CUT
 10
306.6010
 20
174.7630
 30
0.0000
  0
VERTEX
  8
CUT
 10
306.6280
 20
174.4700
 30
0.0000
  0
VERTEX
  8
CUT
 10
306.6550
 20
174.1770
 30
0.0000
  0
VERTEX
  8
CUT
 10
306.6810
 20
173.8830
 30
0.0000
  0
VERTEX
  8
CUT
 10
306.7070
 20
173.5900
 30
0.0000
  0
VERTEX
  8
CUT
 10
307.5680
 20
173.4200
 30
0.0000
  0
VERTEX
  8
CUT
 10
308.4310
 20
173.2310
 30
0.0000
  0
VERTEX
  8
CUT
 10
309.2950
 20
173.0240
 30
0.0000
  0
VERTEX
  8
CUT
 10
310.1590
 20
172.7990
 30
0.0000
  0
VERTEX
  8
CUT
 10
311.0240
 20
172.5580
 30
0.0000
  0
VERTEX
  8
CUT
 10
311.8900
 20
172.3010
 30
0.0000
  0
VERTEX
  8
CUT
 10
312.7560
 20
172.0270
 30
0.0000
  0
VERTEX
  8
CUT
 10
313.6230
 20
171.7390
 30
0.0000
  0
VERTEX
  8
CUT
 10
313.6420
 20
171.4560
 30
0.0000
  0
VERTEX
  8
CUT
 10
313.6610
 20
171.1730
 30
0.0000
  0
VERTEX
  8
CUT
 10
313.6800
 20
170.8900
 30
0.0000
  0
VERTEX
  8
CUT
 10
313.6980
 20
170.6070
 30
0.0000
  0
VERTEX
  8
CUT
 10
313.7160
 20
170.3240
 30
0.0000
  0
VERTEX
  8
CUT
 10
313.7330
 20
170.0410
 30
0.0000
  0
VERTEX
  8
CUT
 10
313.7490
 20
169.7580
 30
0.0000
  0
VERTEX
  8
CUT
 10
313.7650
 20
169.4750
 30
0.0000
  0
VERTEX
  8
CUT
 10
312.9420
 20
169.0800
 30
0.0000
  0
VERTEX
  8
CUT
 10
312.1160
 20
168.7000
 30
0.0000
  0
VERTEX
  8
CUT
 10
311.2900
 20
168.3360
 30
0.0000
  0
VERTEX
  8
CUT
 10
310.4620
 20
167.9880
 30
0.0000
  0
VERTEX
  8
CUT
 10
309.6320
 20
167.6570
 30
0.0000
  0
VERTEX
  8
CUT
 10
308.8010
 20
167.3430
 30
0.0000
  0
VERTEX
  8
CUT
 10
307.9690
 20
167.0480
 30
0.0000
  0
VERTEX
  8
CUT
 10
307.1360
 20
166.7710
 30
0.0000
  0
VERTEX
  8
CUT
 10
307.1470
 20
166.4770
 30
0.0000
  0
VERTEX
  8
CUT
 10
307.1580
 20
166.1830
 30
0.0000
  0
VERTEX
  8
CUT
 10
307.1680
 20
165.8880
 30
0.0000
  0
VERTEX
  8
CUT
 10
307.1780
 20
165.5940
 30
0.0000
  0
VERTEX
  8
CUT
 10
307.1870
 20
165.2990
 30
0.0000
  0
VERTEX
  8
CUT
 10
307.1950
 20
165.0050
 30
0.0000
  0
VERTEX
  8
CUT
 10
307.2030
 20
164.7100
 30
0.0000
  0
SEQEND
  8
CUT
  0
CIRCLE
  8
CUT
 10
161.0000
 20
161.0000
 30
0.0000
 40
5.2500
  0
CIRCLE
  8
ENGRAVE
 10
161.0000
 20
161.0000
 30
0.0000
 40
105.0000
  0
POLYLINE
  8
ENGRAVE
 66
1
 10
0.0000
 20
0.0000
 30
0.0000
 70
1
  0
VERTEX
  8
ENGRAVE
 10
61.0000
 20
261.0000
 30
0.0000
  0
VERTEX
  8
ENGRAVE
 10
261.0000
 20
261.0000
 30
0.0000
  0
VERTEX
  8
ENGRAVE
 10
261.0000
 20
61.0000
 30
0.0000
  0
VERTEX
  8
ENGRAVE
 10
61.0000
 20
61.0000
 30
0.0000
  0
SEQEND
  8
ENGRAVE
  0
TEXT
  8
LABELS
 10
161.0000
 20
51.0000
 30
0.0000
 40
6
  1
draaitafel z100
 72
1
 11
161.0000
 21
51.0000
 31
0.0000
  0
POLYLINE
  8
CUT
 66
1
 10
0.0000
 20
0.0000
 30
0.0000
 70
1
  0
VERTEX
  8
CUT
 10
417.1640
 20
265.7610
 30
0.0000
  0
VERTEX
  8
CUT
 10
418.0170
 20
265.8140
 30
0.0000
  0
VERTEX
  8
CUT
 10
418.7580
 20
265.7710
 30
0.0000
  0
VERTEX
  8
CUT
 10
419.5030
 20
265.6510
 30
0.0000
  0
VERTEX
  8
CUT
 10
420.2510
 20
265.4790
 30
0.0000
  0
VERTEX
  8
CUT
 10
420.9990
 20
265.2640
 30
0.0000
  0
VERTEX
  8
CUT
 10
421.7480
 20
265.0090
 30
0.0000
  0
VERTEX
  8
CUT
 10
422.4970
 20
264.7180
 30
0.0000
  0
VERTEX
  8
CUT
 10
423.2440
 20
264.3930
 30
0.0000
  0
VERTEX
  8
CUT
 10
423.9890
 20
264.0350
 30
0.0000
  0
VERTEX
  8
CUT
 10
423.9940
 20
263.7760
 30
0.0000
  0
VERTEX
  8
CUT
 10
423.9970
 20
263.5170
 30
0.0000
  0
VERTEX
  8
CUT
 10
423.9990
 20
263.2590
 30
0.0000
  0
VERTEX
  8
CUT
 10
424.0000
 20
263.0000
 30
0.0000
  0
VERTEX
  8
CUT
 10
423.9990
 20
262.7410
 30
0.0000
  0
VERTEX
  8
CUT
 10
423.9970
 20
262.4830
 30
0.0000
  0
VERTEX
  8
CUT
 10
423.9940
 20
262.2240
 30
0.0000
  0
VERTEX
  8
CUT
 10
423.9890
 20
261.9650
 30
0.0000
  0
VERTEX
  8
CUT
 10
423.2440
 20
261.6070
 30
0.0000
  0
VERTEX
  8
CUT
 10
422.4970
 20
261.2820
 30
0.0000
  0
VERTEX
  8
CUT
 10
421.7480
 20
260.9910
 30
0.0000
  0
VERTEX
  8
CUT
 10
420.9990
 20
260.7360
 30
0.0000
  0
VERTEX
  8
CUT
 10
420.2510
 20
260.5210
 30
0.0000
  0
VERTEX
  8
CUT
 10
419.5030
 20
260.3490
 30
0.0000
  0
VERTEX
  8
CUT
 10
418.7580
 20
260.2290
 30
0.0000
  0
VERTEX
  8
CUT
 10
418.0170
 20
260.1860
 30
0.0000
  0
VERTEX
  8
CUT
 10
417.1640
 20
260.2390
 30
0.0000
  0
VERTEX
  8
CUT
 10
417.1370
 20
259.8450
 30
0.0000
  0
VERTEX
  8
CUT
 10
417.1070
 20
259.4500
 30
0.0000
  0
VERTEX
  8
CUT
 10
417.0740
 20
259.0560
 30
0.0000
  0
VERTEX
  8
CUT
 10
417.0370
 20
258.6630
 30
0.0000
  0
VERTEX
  8
CUT
 10
416.9960
 20
258.2690
 30
0.0000
  0
VERTEX
  8
CUT
 10
416.9520
 20
257.8760
 30
0.0000
  0
VERTEX
  8
CUT
 10
416.9050
 20
257.4840
 30
0.0000
  0
VERTEX
  8
CUT
 10
416.8540
 20
257.0920
 30
0.0000
  0
VERTEX
  8
CUT
 10
417.7010
 20
256.9780
 30
0.0000
  0
VERTEX
  8
CUT
 10
418.4200
 20
256.7900
 30
0.0000
  0
VERTEX
  8
CUT
 10
419.1270
 20
256.5280
 30
0.0000
  0
VERTEX
  8
CUT
 10
419.8270
 20
256.2130
 30
0.0000
  0
VERTEX
  8
CUT
 10
420.5190
 20
255.8560
 30
0.0000
  0
VERTEX
  8
CUT
 10
421.2030
 20
255.4600
 30
0.0000
  0
VERTEX
  8
CUT
 10
421.8810
 20
255.0290
 30
0.0000
  0
VERTEX
  8
CUT
 10
422.5500
 20
254.5640
 30
0.0000
  0
VERTEX
  8
CUT
 10
423.2120
 20
254.0670
 30
0.0000
  0
VERTEX
  8
CUT
 10
423.1660
 20
253.8130
 30
0.0000
  0
VERTEX
  8
CUT
 10
423.1180
 20
253.5580
 30
0.0000
  0
VERTEX
  8
CUT
 10
423.0700
 20
253.3040
 30
0.0000
  0
VERTEX
  8
CUT
 10
423.0200
 20
253.0500
 30
0.0000
  0
VERTEX
  8
CUT
 10
422.9690
 20
252.7970
 30
0.0000
  0
VERTEX
  8
CUT
 10
422.9170
 20
252.5430
 30
0.0000
  0
VERTEX
  8
CUT
 10
422.8630
 20
252.2900
 30
0.0000
  0
VERTEX
  8
CUT
 10
422.8080
 20
252.0370
 30
0.0000
  0
VERTEX
  8
CUT
 10
422.0070
 20
251.8320
 30
0.0000
  0
VERTEX
  8
CUT
 10
421.2100
 20
251.6590
 30
0.0000
  0
VERTEX
  8
CUT
 10
420.4190
 20
251.5190
 30
0.0000
  0
VERTEX
  8
CUT
 10
419.6350
 20
251.4160
 30
0.0000
  0
VERTEX
  8
CUT
 10
418.8590
 20
251.3500
 30
0.0000
  0
VERTEX
  8
CUT
 10
418.0930
 20
251.3280
 30
0.0000
  0
VERTEX
  8
CUT
 10
417.3390
 20
251.3560
 30
0.0000
  0
VERTEX
  8
CUT
 10
416.6030
 20
251.4580
 30
0.0000
  0
VERTEX
  8
CUT
 10
415.7770
 20
251.6760
 30
0.0000
  0
VERTEX
  8
CUT
 10
415.6740
 20
251.2950
 30
0.0000
  0
VERTEX
  8
CUT
 10
415.5670
 20
250.9140
 30
0.0000
  0
VERTEX
  8
CUT
 10
415.4580
 20
250.5340
 30
0.0000
  0
VERTEX
  8
CUT
 10
415.3450
 20
250.1550
 30
0.0000
  0
VERTEX
  8
CUT
 10
415.2280
 20
249.7770
 30
0.0000
  0
VERTEX
  8
CUT
 10
415.1080
 20
249.4000
 30
0.0000
  0
VERTEX
  8
CUT
 10
414.9850
 20
249.0240
 30
0.0000
  0
VERTEX
  8
CUT
 10
414.8590
 20
248.6500
 30
0.0000
  0
VERTEX
  8
CUT
 10
415.6680
 20
248.3720
 30
0.0000
  0
VERTEX
  8
CUT
 10
416.3350
 20
248.0490
 30
0.0000
  0
VERTEX
  8
CUT
 10
416.9780
 20
247.6530
 30
0.0000
  0
VERTEX
  8
CUT
 10
417.6030
 20
247.2080
 30
0.0000
  0
VERTEX
  8
CUT
 10
418.2120
 20
246.7230
 30
0.0000
  0
VERTEX
  8
CUT
 10
418.8060
 20
246.2010
 30
0.0000
  0
VERTEX
  8
CUT
 10
419.3860
 20
245.6460
 30
0.0000
  0
VERTEX
  8
CUT
 10
419.9520
 20
245.0590
 30
0.0000
  0
VERTEX
  8
CUT
 10
420.5040
 20
244.4430
 30
0.0000
  0
VERTEX
  8
CUT
 10
420.4090
 20
244.2020
 30
0.0000
  0
VERTEX
  8
CUT
 10
420.3130
 20
243.9620
 30
0.0000
  0
VERTEX
  8
CUT
 10
420.2160
 20
243.7220
 30
0.0000
  0
VERTEX
  8
CUT
 10
420.1180
 20
243.4830
 30
0.0000
  0
VERTEX
  8
CUT
 10
420.0180
 20
243.2440
 30
0.0000
  0
VERTEX
  8
CUT
 10
419.9170
 20
243.0060
 30
0.0000
  0
VERTEX
  8
CUT
 10
419.8150
 20
242.7680
 30
0.0000
  0
VERTEX
  8
CUT
 10
419.7120
 20
242.5310
 30
0.0000
  0
VERTEX
  8
CUT
 10
418.8860
 20
242.4860
 30
0.0000
  0
VERTEX
  8
CUT
 10
418.0710
 20
242.4710
 30
0.0000
  0
VERTEX
  8
CUT
 10
417.2690
 20
242.4890
 30
0.0000
  0
VERTEX
  8
CUT
 10
416.4790
 20
242.5400
 30
0.0000
  0
VERTEX
  8
CUT
 10
415.7050
 20
242.6280
 30
0.0000
  0
VERTEX
  8
CUT
 10
414.9490
 20
242.7550
 30
0.0000
  0
VERTEX
  8
CUT
 10
414.2150
 20
242.9290
 30
0.0000
  0
VERTEX
  8
CUT
 10
413.5140
 20
243.1730
 30
0.0000
  0
VERTEX
  8
CUT
 10
412.7460
 20
243.5490
 30
0.0000
  0
VERTEX
  8
CUT
 10
412.5700
 20
243.1940
 30
0.0000
  0
VERTEX
  8
CUT
 10
412.3920
 20
242.8410
 30
0.0000
  0
VERTEX
  8
CUT
 10
412.2100
 20
242.4900
 30
0.0000
  0
VERTEX
  8
CUT
 10
412.0250
 20
242.1410
 30
0.0000
  0
VERTEX
  8
CUT
 10
411.8370
 20
241.7930
 30
0.0000
  0
VERTEX
  8
CUT
 10
411.6460
 20
241.4470
 30
0.0000
  0
VERTEX
  8
CUT
 10
411.4520
 20
241.1020
 30
0.0000
  0
VERTEX
  8
CUT
 10
411.2550
 20
240.7590
 30
0.0000
  0
VERTEX
  8
CUT
 10
411.9940
 20
240.3290
 30
0.0000
  0
VERTEX
  8
CUT
 10
412.5860
 20
239.8820
 30
0.0000
  0
VERTEX
  8
CUT
 10
413.1390
 20
239.3680
 30
0.0000
  0
VERTEX
  8
CUT
 10
413.6650
 20
238.8100
 30
0.0000
  0
VERTEX
  8
CUT
 10
414.1680
 20
238.2150
 30
0.0000
  0
VERTEX
  8
CUT
 10
414.6490
 20
237.5870
 30
0.0000
  0
VERTEX
  8
CUT
 10
415.1090
 20
236.9300
 30
0.0000
  0
VERTEX
  8
CUT
 10
415.5500
 20
236.2440
 30
0.0000
  0
VERTEX
  8
CUT
 10
415.9710
 20
235.5320
 30
0.0000
  0
VERTEX
  8
CUT
 10
415.8310
 20
235.3150
 30
0.0000
  0
VERTEX
  8
CUT
 10
415.6900
 20
235.0980
 30
0.0000
  0
VERTEX
  8
CUT
 10
415.5480
 20
234.8810
 30
0.0000
  0
VERTEX
  8
CUT
 10
415.4050
 20
234.6660
 30
0.0000
  0
VERTEX
  8
CUT
 10
415.2610
 20
234.4510
 30
0.0000
  0
VERTEX
  8
CUT
 10
415.1150
 20
234.2370
 30
0.0000
  0
VERTEX
  8
CUT
 10
414.9690
 20
234.0240
 30
0.0000
  0
VERTEX
  8
CUT
 10
414.8210
 20
233.8110
 30
0.0000
  0
VERTEX
  8
CUT
 10
414.0020
 20
233.9280
 30
0.0000
  0
VERTEX
  8
CUT
 10
413.2000
 20
234.0730
 30
0.0000
  0
VERTEX
  8
CUT
 10
412.4160
 20
234.2470
 30
0.0000
  0
VERTEX
  8
CUT
 10
411.6520
 20
234.4510
 30
0.0000
  0
VERTEX
  8
CUT
 10
410.9100
 20
234.6880
 30
0.0000
  0
VERTEX
  8
CUT
 10
410.1930
 20
234.9600
 30
0.0000
  0
VERTEX
  8
CUT
 10
409.5070
 20
235.2740
 30
0.0000
  0
VERTEX
  8
CUT
 10
408.8670
 20
235.6500
 30
0.0000
  0
VERTEX
  8
CUT
 10
408.1870
 20
236.1680
 30
0.0000
  0
VERTEX
  8
CUT
 10
407.9460
 20
235.8550
 30
0.0000
  0
VERTEX
  8
CUT
 10
407.7020
 20
235.5440
 30
0.0000
  0
VERTEX
  8
CUT
 10
407.4550
 20
235.2350
 30
0.0000
  0
VERTEX
  8
CUT
 10
407.2060
 20
234.9280
 30
0.0000
  0
VERTEX
  8
CUT
 10
406.9530
 20
234.6240
 30
0.0000
  0
VERTEX
  8
CUT
 10
406.6990
 20
234.3210
 30
0.0000
  0
VERTEX
  8
CUT
 10
406.4410
 20
234.0210
 30
0.0000
  0
VERTEX
  8
CUT
 10
406.1810
 20
233.7240
 30
0.0000
  0
VERTEX
  8
CUT
 10
406.8220
 20
233.1580
 30
0.0000
  0
VERTEX
  8
CUT
 10
407.3150
 20
232.6030
 30
0.0000
  0
VERTEX
  8
CUT
 10
407.7570
 20
231.9920
 30
0.0000
  0
VERTEX
  8
CUT
 10
408.1640
 20
231.3420
 30
0.0000
  0
VERTEX
  8
CUT
 10
408.5410
 20
230.6600
 30
0.0000
  0
VERTEX
  8
CUT
 10
408.8910
 20
229.9500
 30
0.0000
  0
VERTEX
  8
CUT
 10
409.2140
 20
229.2150
 30
0.0000
  0
VERTEX
  8
CUT
 10
409.5130
 20
228.4570
 30
0.0000
  0
VERTEX
  8
CUT
 10
409.7870
 20
227.6770
 30
0.0000
  0
VERTEX
  8
CUT
 10
409.6070
 20
227.4910
 30
0.0000
  0
VERTEX
  8
CUT
 10
409.4260
 20
227.3050
 30
0.0000
  0
VERTEX
  8
CUT
 10
409.2450
 20
227.1210
 30
0.0000
  0
VERTEX
  8
CUT
 10
409.0620
 20
226.9380
 30
0.0000
  0
VERTEX
  8
CUT
 10
408.8790
 20
226.7550
 30
0.0000
  0
VERTEX
  8
CUT
 10
408.6950
 20
226.5740
 30
0.0000
  0
VERTEX
  8
CUT
 10
408.5090
 20
226.3930
 30
0.0000
  0
VERTEX
  8
CUT
 10
408.3230
 20
226.2130
 30
0.0000
  0
VERTEX
  8
CUT
 10
407.5430
 20
226.4870
 30
0.0000
  0
VERTEX
  8
CUT
 10
406.7850
 20
226.7860
 30
0.0000
  0
VERTEX
  8
CUT
 10
406.0500
 20
227.1090
 30
0.0000
  0
VERTEX
  8
CUT
 10
405.3400
 20
227.4590
 30
0.0000
  0
VERTEX
  8
CUT
 10
404.6580
 20
227.8360
 30
0.0000
  0
VERTEX
  8
CUT
 10
404.0080
 20
228.2430
 30
0.0000
  0
VERTEX
  8
CUT
 10
403.3970
 20
228.6850
 30
0.0000
  0
VERTEX
  8
CUT
 10
402.8420
 20
229.1780
 30
0.0000
  0
VERTEX
  8
CUT
 10
402.2760
 20
229.8190
 30
0.0000
  0
VERTEX
  8
CUT
 10
401.9790
 20
229.5590
 30
0.0000
  0
VERTEX
  8
CUT
 10
401.6790
 20
229.3010
 30
0.0000
  0
VERTEX
  8
CUT
 10
401.3760
 20
229.0470
 30
0.0000
  0
VERTEX
  8
CUT
 10
401.0720
 20
228.7940
 30
0.0000
  0
VERTEX
  8
CUT
 10
400.7650
 20
228.5450
 30
0.0000
  0
VERTEX
  8
CUT
 10
400.4560
 20
228.2980
 30
0.0000
  0
VERTEX
  8
CUT
 10
400.1450
 20
228.0540
 30
0.0000
  0
VERTEX
  8
CUT
 10
399.8320
 20
227.8130
 30
0.0000
  0
VERTEX
  8
CUT
 10
400.3500
 20
227.1330
 30
0.0000
  0
VERTEX
  8
CUT
 10
400.7260
 20
226.4930
 30
0.0000
  0
VERTEX
  8
CUT
 10
401.0400
 20
225.8070
 30
0.0000
  0
VERTEX
  8
CUT
 10
401.3120
 20
225.0900
 30
0.0000
  0
VERTEX
  8
CUT
 10
401.5490
 20
224.3480
 30
0.0000
  0
VERTEX
  8
CUT
 10
401.7530
 20
223.5840
 30
0.0000
  0
VERTEX
  8
CUT
 10
401.9270
 20
222.8000
 30
0.0000
  0
VERTEX
  8
CUT
 10
402.0720
 20
221.9980
 30
0.0000
  0
VERTEX
  8
CUT
 10
402.1890
 20
221.1790
 30
0.0000
  0
VERTEX
  8
CUT
 10
401.9760
 20
221.0310
 30
0.0000
  0
VERTEX
  8
CUT
 10
401.7630
 20
220.8850
 30
0.0000
  0
VERTEX
  8
CUT
 10
401.5490
 20
220.7390
 30
0.0000
  0
VERTEX
  8
CUT
 10
401.3340
 20
220.5950
 30
0.0000
  0
VERTEX
  8
CUT
 10
401.1190
 20
220.4520
 30
0.0000
  0
VERTEX
  8
CUT
 10
400.9020
 20
220.3100
 30
0.0000
  0
VERTEX
  8
CUT
 10
400.6850
 20
220.1690
 30
0.0000
  0
VERTEX
  8
CUT
 10
400.4680
 20
220.0290
 30
0.0000
  0
VERTEX
  8
CUT
 10
399.7560
 20
220.4500
 30
0.0000
  0
VERTEX
  8
CUT
 10
399.0700
 20
220.8910
 30
0.0000
  0
VERTEX
  8
CUT
 10
398.4130
 20
221.3510
 30
0.0000
  0
VERTEX
  8
CUT
 10
397.7850
 20
221.8320
 30
0.0000
  0
VERTEX
  8
CUT
 10
397.1900
 20
222.3350
 30
0.0000
  0
VERTEX
  8
CUT
 10
396.6320
 20
222.8610
 30
0.0000
  0
VERTEX
  8
CUT
 10
396.1180
 20
223.4140
 30
0.0000
  0
VERTEX
  8
CUT
 10
395.6710
 20
224.0060
 30
0.0000
  0
VERTEX
  8
CUT
 10
395.2410
 20
224.7450
 30
0.0000
  0
VERTEX
  8
CUT
 10
394.8980
 20
224.5480
 30
0.0000
  0
VERTEX
  8
CUT
 10
394.5530
 20
224.3540
 30
0.0000
  0
VERTEX
  8
CUT
 10
394.2070
 20
224.1630
 30
0.0000
  0
VERTEX
  8
CUT
 10
393.8590
 20
223.9750
 30
0.0000
  0
VERTEX
  8
CUT
 10
393.5100
 20
223.7900
 30
0.0000
  0
VERTEX
  8
CUT
 10
393.1590
 20
223.6080
 30
0.0000
  0
VERTEX
  8
CUT
 10
392.8060
 20
223.4300
 30
0.0000
  0
VERTEX
  8
CUT
 10
392.4510
 20
223.2540
 30
0.0000
  0
VERTEX
  8
CUT
 10
392.8270
 20
222.4860
 30
0.0000
  0
VERTEX
  8
CUT
 10
393.0710
 20
221.7850
 30
0.0000
  0
VERTEX
  8
CUT
 10
393.2450
 20
221.0510
 30
0.0000
  0
VERTEX
  8
CUT
 10
393.3720
 20
220.2950
 30
0.0000
  0
VERTEX
  8
CUT
 10
393.4600
 20
219.5210
 30
0.0000
  0
VERTEX
  8
CUT
 10
393.5110
 20
218.7310
 30
0.0000
  0
VERTEX
  8
CUT
 10
393.5290
 20
217.9290
 30
0.0000
  0
VERTEX
  8
CUT
 10
393.5140
 20
217.1140
 30
0.0000
  0
VERTEX
  8
CUT
 10
393.4690
 20
216.2880
 30
0.0000
  0
VERTEX
  8
CUT
 10
393.2320
 20
216.1850
 30
0.0000
  0
VERTEX
  8
CUT
 10
392.9940
 20
216.0830
 30
0.0000
  0
VERTEX
  8
CUT
 10
392.7560
 20
215.9820
 30
0.0000
  0
VERTEX
  8
CUT
 10
392.5170
 20
215.8820
 30
0.0000
  0
VERTEX
  8
CUT
 10
392.2780
 20
215.7840
 30
0.0000
  0
VERTEX
  8
CUT
 10
392.0380
 20
215.6870
 30
0.0000
  0
VERTEX
  8
CUT
 10
391.7980
 20
215.5910
 30
0.0000
  0
VERTEX
  8
CUT
 10
391.5570
 20
215.4960
 30
0.0000
  0
VERTEX
  8
CUT
 10
390.9410
 20
216.0480
 30
0.0000
  0
VERTEX
  8
CUT
 10
390.3540
 20
216.6140
 30
0.0000
  0
VERTEX
  8
CUT
 10
389.7990
 20
217.1940
 30
0.0000
  0
VERTEX
  8
CUT
 10
389.2770
 20
217.7880
 30
0.0000
  0
VERTEX
  8
CUT
 10
388.7920
 20
218.3970
 30
0.0000
  0
VERTEX
  8
CUT
 10
388.3470
 20
219.0220
 30
0.0000
  0
VERTEX
  8
CUT
 10
387.9510
 20
219.6650
 30
0.0000
  0
VERTEX
  8
CUT
 10
387.6280
 20
220.3320
 30
0.0000
  0
VERTEX
  8
CUT
 10
387.3500
 20
221.1410
 30
0.0000
  0
VERTEX
  8
CUT
 10
386.9760
 20
221.0150
 30
0.0000
  0
VERTEX
  8
CUT
 10
386.6000
 20
220.8920
 30
0.0000
  0
VERTEX
  8
CUT
 10
386.2230
 20
220.7720
 30
0.0000
  0
VERTEX
  8
CUT
 10
385.8450
 20
220.6550
 30
0.0000
  0
VERTEX
  8
CUT
 10
385.4660
 20
220.5420
 30
0.0000
  0
VERTEX
  8
CUT
 10
385.0860
 20
220.4330
 30
0.0000
  0
VERTEX
  8
CUT
 10
384.7050
 20
220.3260
 30
0.0000
  0
VERTEX
  8
CUT
 10
384.3240
 20
220.2230
 30
0.0000
  0
VERTEX
  8
CUT
 10
384.5420
 20
219.3970
 30
0.0000
  0
VERTEX
  8
CUT
 10
384.6440
 20
218.6610
 30
0.0000
  0
VERTEX
  8
CUT
 10
384.6720
 20
217.9070
 30
0.0000
  0
VERTEX
  8
CUT
 10
384.6500
 20
217.1410
 30
0.0000
  0
VERTEX
  8
CUT
 10
384.5840
 20
216.3650
 30
0.0000
  0
VERTEX
  8
CUT
 10
384.4810
 20
215.5810
 30
0.0000
  0
VERTEX
  8
CUT
 10
384.3410
 20
214.7900
 30
0.0000
  0
VERTEX
  8
CUT
 10
384.1680
 20
213.9930
 30
0.0000
  0
VERTEX
  8
CUT
 10
383.9630
 20
213.1920
 30
0.0000
  0
VERTEX
  8
CUT
 10
383.7100
 20
213.1370
 30
0.0000
  0
VERTEX
  8
CUT
 10
383.4570
 20
213.0830
 30
0.0000
  0
VERTEX
  8
CUT
 10
383.2030
 20
213.0310
 30
0.0000
  0
VERTEX
  8
CUT
 10
382.9500
 20
212.9800
 30
0.0000
  0
VERTEX
  8
CUT
 10
382.6960
 20
212.9300
 30
0.0000
  0
VERTEX
  8
CUT
 10
382.4420
 20
212.8820
 30
0.0000
  0
VERTEX
  8
CUT
 10
382.1870
 20
212.8340
 30
0.0000
  0
VERTEX
  8
CUT
 10
381.9330
 20
212.7880
 30
0.0000
  0
VERTEX
  8
CUT
 10
381.4360
 20
213.4500
 30
0.0000
  0
VERTEX
  8
CUT
 10
380.9710
 20
214.1190
 30
0.0000
  0
VERTEX
  8
CUT
 10
380.5400
 20
214.7970
 30
0.0000
  0
VERTEX
  8
CUT
 10
380.1440
 20
215.4810
 30
0.0000
  0
VERTEX
  8
CUT
 10
379.7870
 20
216.1730
 30
0.0000
  0
VERTEX
  8
CUT
 10
379.4720
 20
216.8730
 30
0.0000
  0
VERTEX
  8
CUT
 10
379.2100
 20
217.5800
 30
0.0000
  0
VERTEX
  8
CUT
 10
379.0220
 20
218.2990
 30
0.0000
  0
VERTEX
  8
CUT
 10
378.9080
 20
219.1460
 30
0.0000
  0
VERTEX
  8
CUT
 10
378.5160
 20
219.0950
 30
0.0000
  0
VERTEX
  8
CUT
 10
378.1240
 20
219.0480
 30
0.0000
  0
VERTEX
  8
CUT
 10
377.7310
 20
219.0040
 30
0.0000
  0
VERTEX
  8
CUT
 10
377.3370
 20
218.9630
 30
0.0000
  0
VERTEX
  8
CUT
 10
376.9440
 20
218.9260
 30
0.0000
  0
VERTEX
  8
CUT
 10
376.5500
 20
218.8930
 30
0.0000
  0
VERTEX
  8
CUT
 10
376.1550
 20
218.8630
 30
0.0000
  0
VERTEX
  8
CUT
 10
375.7610
 20
218.8360
 30
0.0000
  0
VERTEX
  8
CUT
 10
375.8140
 20
217.9830
 30
0.0000
  0
VERTEX
  8
CUT
 10
375.7710
 20
217.2420
 30
0.0000
  0
VERTEX
  8
CUT
 10
375.6510
 20
216.4970
 30
0.0000
  0
VERTEX
  8
CUT
 10
375.4790
 20
215.7490
 30
0.0000
  0
VERTEX
  8
CUT
 10
375.2640
 20
215.0010
 30
0.0000
  0
VERTEX
  8
CUT
 10
375.0090
 20
214.2520
 30
0.0000
  0
VERTEX
  8
CUT
 10
374.7180
 20
213.5030
 30
0.0000
  0
VERTEX
  8
CUT
 10
374.3930
 20
212.7560
 30
0.0000
  0
VERTEX
  8
CUT
 10
374.0350
 20
212.0110
 30
0.0000
  0
VERTEX
  8
CUT
 10
373.7760
 20
212.0060
 30
0.0000
  0
VERTEX
  8
CUT
 10
373.5170
 20
212.0030
 30
0.0000
  0
VERTEX
  8
CUT
 10
373.2590
 20
212.0010
 30
0.0000
  0
VERTEX
  8
CUT
 10
373.0000
 20
212.0000
 30
0.0000
  0
VERTEX
  8
CUT
 10
372.7410
 20
212.0010
 30
0.0000
  0
VERTEX
  8
CUT
 10
372.4830
 20
212.0030
 30
0.0000
  0
VERTEX
  8
CUT
 10
372.2240
 20
212.0060
 30
0.0000
  0
VERTEX
  8
CUT
 10
371.9650
 20
212.0110
 30
0.0000
  0
VERTEX
  8
CUT
 10
371.6070
 20
212.7560
 30
0.0000
  0
VERTEX
  8
CUT
 10
371.2820
 20
213.5030
 30
0.0000
  0
VERTEX
  8
CUT
 10
370.9910
 20
214.2520
 30
0.0000
  0
VERTEX
  8
CUT
 10
370.7360
 20
215.0010
 30
0.0000
  0
VERTEX
  8
CUT
 10
370.5210
 20
215.7490
 30
0.0000
  0
VERTEX
  8
CUT
 10
370.3490
 20
216.4970
 30
0.0000
  0
VERTEX
  8
CUT
 10
370.2290
 20
217.2420
 30
0.0000
  0
VERTEX
  8
CUT
 10
370.1860
 20
217.9830
 30
0.0000
  0
VERTEX
  8
CUT
 10
370.2390
 20
218.8360
 30
0.0000
  0
VERTEX
  8
CUT
 10
369.8450
 20
218.8630
 30
0.0000
  0
VERTEX
  8
CUT
 10
369.4500
 20
218.8930
 30
0.0000
  0
VERTEX
  8
CUT
 10
369.0560
 20
218.9260
 30
0.0000
  0
VERTEX
  8
CUT
 10
368.6630
 20
218.9630
 30
0.0000
  0
VERTEX
  8
CUT
 10
368.2690
 20
219.0040
 30
0.0000
  0
VERTEX
  8
CUT
 10
367.8760
 20
219.0480
 30
0.0000
  0
VERTEX
  8
CUT
 10
367.4840
 20
219.0950
 30
0.0000
  0
VERTEX
  8
CUT
 10
367.0920
 20
219.1460
 30
0.0000
  0
VERTEX
  8
CUT
 10
366.9780
 20
218.2990
 30
0.0000
  0
VERTEX
  8
CUT
 10
366.7900
 20
217.5800
 30
0.0000
  0
VERTEX
  8
CUT
 10
366.5280
 20
216.8730
 30
0.0000
  0
VERTEX
  8
CUT
 10
366.2130
 20
216.1730
 30
0.0000
  0
VERTEX
  8
CUT
 10
365.8560
 20
215.4810
 30
0.0000
  0
VERTEX
  8
CUT
 10
365.4600
 20
214.7970
 30
0.0000
  0
VERTEX
  8
CUT
 10
365.0290
 20
214.1190
 30
0.0000
  0
VERTEX
  8
CUT
 10
364.5640
 20
213.4500
 30
0.0000
  0
VERTEX
  8
CUT
 10
364.0670
 20
212.7880
 30
0.0000
  0
VERTEX
  8
CUT
 10
363.8130
 20
212.8340
 30
0.0000
  0
VERTEX
  8
CUT
 10
363.5580
 20
212.8820
 30
0.0000
  0
VERTEX
  8
CUT
 10
363.3040
 20
212.9300
 30
0.0000
  0
VERTEX
  8
CUT
 10
363.0500
 20
212.9800
 30
0.0000
  0
VERTEX
  8
CUT
 10
362.7970
 20
213.0310
 30
0.0000
  0
VERTEX
  8
CUT
 10
362.5430
 20
213.0830
 30
0.0000
  0
VERTEX
  8
CUT
 10
362.2900
 20
213.1370
 30
0.0000
  0
VERTEX
  8
CUT
 10
362.0370
 20
213.1920
 30
0.0000
  0
VERTEX
  8
CUT
 10
361.8320
 20
213.9930
 30
0.0000
  0
VERTEX
  8
CUT
 10
361.6590
 20
214.7900
 30
0.0000
  0
VERTEX
  8
CUT
 10
361.5190
 20
215.5810
 30
0.0000
  0
VERTEX
  8
CUT
 10
361.4160
 20
216.3650
 30
0.0000
  0
VERTEX
  8
CUT
 10
361.3500
 20
217.1410
 30
0.0000
  0
VERTEX
  8
CUT
 10
361.3280
 20
217.9070
 30
0.0000
  0
VERTEX
  8
CUT
 10
361.3560
 20
218.6610
 30
0.0000
  0
VERTEX
  8
CUT
 10
361.4580
 20
219.3970
 30
0.0000
  0
VERTEX
  8
CUT
 10
361.6760
 20
220.2230
 30
0.0000
  0
VERTEX
  8
CUT
 10
361.2950
 20
220.3260
 30
0.0000
  0
VERTEX
  8
CUT
 10
360.9140
 20
220.4330
 30
0.0000
  0
VERTEX
  8
CUT
 10
360.5340
 20
220.5420
 30
0.0000
  0
VERTEX
  8
CUT
 10
360.1550
 20
220.6550
 30
0.0000
  0
VERTEX
  8
CUT
 10
359.7770
 20
220.7720
 30
0.0000
  0
VERTEX
  8
CUT
 10
359.4000
 20
220.8920
 30
0.0000
  0
VERTEX
  8
CUT
 10
359.0240
 20
221.0150
 30
0.0000
  0
VERTEX
  8
CUT
 10
358.6500
 20
221.1410
 30
0.0000
  0
VERTEX
  8
CUT
 10
358.3720
 20
220.3320
 30
0.0000
  0
VERTEX
  8
CUT
 10
358.0490
 20
219.6650
 30
0.0000
  0
VERTEX
  8
CUT
 10
357.6530
 20
219.0220
 30
0.0000
  0
VERTEX
  8
CUT
 10
357.2080
 20
218.3970
 30
0.0000
  0
VERTEX
  8
CUT
 10
356.7230
 20
217.7880
 30
0.0000
  0
VERTEX
  8
CUT
 10
356.2010
 20
217.1940
 30
0.0000
  0
VERTEX
  8
CUT
 10
355.6460
 20
216.6140
 30
0.0000
  0
VERTEX
  8
CUT
 10
355.0590
 20
216.0480
 30
0.0000
  0
VERTEX
  8
CUT
 10
354.4430
 20
215.4960
 30
0.0000
  0
VERTEX
  8
CUT
 10
354.2020
 20
215.5910
 30
0.0000
  0
VERTEX
  8
CUT
 10
353.9620
 20
215.6870
 30
0.0000
  0
VERTEX
  8
CUT
 10
353.7220
 20
215.7840
 30
0.0000
  0
VERTEX
  8
CUT
 10
353.4830
 20
215.8820
 30
0.0000
  0
VERTEX
  8
CUT
 10
353.2440
 20
215.9820
 30
0.0000
  0
VERTEX
  8
CUT
 10
353.0060
 20
216.0830
 30
0.0000
  0
VERTEX
  8
CUT
 10
352.7680
 20
216.1850
 30
0.0000
  0
VERTEX
  8
CUT
 10
352.5310
 20
216.2880
 30
0.0000
  0
VERTEX
  8
CUT
 10
352.4860
 20
217.1140
 30
0.0000
  0
VERTEX
  8
CUT
 10
352.4710
 20
217.9290
 30
0.0000
  0
VERTEX
  8
CUT
 10
352.4890
 20
218.7310
 30
0.0000
  0
VERTEX
  8
CUT
 10
352.5400
 20
219.5210
 30
0.0000
  0
VERTEX
  8
CUT
 10
352.6280
 20
220.2950
 30
0.0000
  0
VERTEX
  8
CUT
 10
352.7550
 20
221.0510
 30
0.0000
  0
VERTEX
  8
CUT
 10
352.9290
 20
221.7850
 30
0.0000
  0
VERTEX
  8
CUT
 10
353.1730
 20
222.4860
 30
0.0000
  0
VERTEX
  8
CUT
 10
353.5490
 20
223.2540
 30
0.0000
  0
VERTEX
  8
CUT
 10
353.1940
 20
223.4300
 30
0.0000
  0
VERTEX
  8
CUT
 10
352.8410
 20
223.6080
 30
0.0000
  0
VERTEX
  8
CUT
 10
352.4900
 20
223.7900
 30
0.0000
  0
VERTEX
  8
CUT
 10
352.1410
 20
223.9750
 30
0.0000
  0
VERTEX
  8
CUT
 10
351.7930
 20
224.1630
 30
0.0000
  0
VERTEX
  8
CUT
 10
351.4470
 20
224.3540
 30
0.0000
  0
VERTEX
  8
CUT
 10
351.1020
 20
224.5480
 30
0.0000
  0
VERTEX
  8
CUT
 10
350.7590
 20
224.7450
 30
0.0000
  0
VERTEX
  8
CUT
 10
350.3290
 20
224.0060
 30
0.0000
  0
VERTEX
  8
CUT
 10
349.8820
 20
223.4140
 30
0.0000
  0
VERTEX
  8
CUT
 10
349.3680
 20
222.8610
 30
0.0000
  0
VERTEX
  8
CUT
 10
348.8100
 20
222.3350
 30
0.0000
  0
VERTEX
  8
CUT
 10
348.2150
 20
221.8320
 30
0.0000
  0
VERTEX
  8
CUT
 10
347.5870
 20
221.3510
 30
0.0000
  0
VERTEX
  8
CUT
 10
346.9300
 20
220.8910
 30
0.0000
  0
VERTEX
  8
CUT
 10
346.2440
 20
220.4500
 30
0.0000
  0
VERTEX
  8
CUT
 10
345.5320
 20
220.0290
 30
0.0000
  0
VERTEX
  8
CUT
 10
345.3150
 20
220.1690
 30
0.0000
  0
VERTEX
  8
CUT
 10
345.0980
 20
220.3100
 30
0.0000
  0
VERTEX
  8
CUT
 10
344.8810
 20
220.4520
 30
0.0000
  0
VERTEX
  8
CUT
 10
344.6660
 20
220.5950
 30
0.0000
  0
VERTEX
  8
CUT
 10
344.4510
 20
220.7390
 30
0.0000
  0
VERTEX
  8
CUT
 10
344.2370
 20
220.8850
 30
0.0000
  0
VERTEX
  8
CUT
 10
344.0240
 20
221.0310
 30
0.0000
  0
VERTEX
  8
CUT
 10
343.8110
 20
221.1790
 30
0.0000
  0
VERTEX
  8
CUT
 10
343.9280
 20
221.9980
 30
0.0000
  0
VERTEX
  8
CUT
 10
344.0730
 20
222.8000
 30
0.0000
  0
VERTEX
  8
CUT
 10
344.2470
 20
223.5840
 30
0.0000
  0
VERTEX
  8
CUT
 10
344.4510
 20
224.3480
 30
0.0000
  0
VERTEX
  8
CUT
 10
344.6880
 20
225.0900
 30
0.0000
  0
VERTEX
  8
CUT
 10
344.9600
 20
225.8070
 30
0.0000
  0
VERTEX
  8
CUT
 10
345.2740
 20
226.4930
 30
0.0000
  0
VERTEX
  8
CUT
 10
345.6500
 20
227.1330
 30
0.0000
  0
VERTEX
  8
CUT
 10
346.1680
 20
227.8130
 30
0.0000
  0
VERTEX
  8
CUT
 10
345.8550
 20
228.0540
 30
0.0000
  0
VERTEX
  8
CUT
 10
345.5440
 20
228.2980
 30
0.0000
  0
VERTEX
  8
CUT
 10
345.2350
 20
228.5450
 30
0.0000
  0
VERTEX
  8
CUT
 10
344.9280
 20
228.7940
 30
0.0000
  0
VERTEX
  8
CUT
 10
344.6240
 20
229.0470
 30
0.0000
  0
VERTEX
  8
CUT
 10
344.3210
 20
229.3010
 30
0.0000
  0
VERTEX
  8
CUT
 10
344.0210
 20
229.5590
 30
0.0000
  0
VERTEX
  8
CUT
 10
343.7240
 20
229.8190
 30
0.0000
  0
VERTEX
  8
CUT
 10
343.1580
 20
229.1780
 30
0.0000
  0
VERTEX
  8
CUT
 10
342.6030
 20
228.6850
 30
0.0000
  0
VERTEX
  8
CUT
 10
341.9920
 20
228.2430
 30
0.0000
  0
VERTEX
  8
CUT
 10
341.3420
 20
227.8360
 30
0.0000
  0
VERTEX
  8
CUT
 10
340.6600
 20
227.4590
 30
0.0000
  0
VERTEX
  8
CUT
 10
339.9500
 20
227.1090
 30
0.0000
  0
VERTEX
  8
CUT
 10
339.2150
 20
226.7860
 30
0.0000
  0
VERTEX
  8
CUT
 10
338.4570
 20
226.4870
 30
0.0000
  0
VERTEX
  8
CUT
 10
337.6770
 20
226.2130
 30
0.0000
  0
VERTEX
  8
CUT
 10
337.4910
 20
226.3930
 30
0.0000
  0
VERTEX
  8
CUT
 10
337.3050
 20
226.5740
 30
0.0000
  0
VERTEX
  8
CUT
 10
337.1210
 20
226.7550
 30
0.0000
  0
VERTEX
  8
CUT
 10
336.9380
 20
226.9380
 30
0.0000
  0
VERTEX
  8
CUT
 10
336.7550
 20
227.1210
 30
0.0000
  0
VERTEX
  8
CUT
 10
336.5740
 20
227.3050
 30
0.0000
  0
VERTEX
  8
CUT
 10
336.3930
 20
227.4910
 30
0.0000
  0
VERTEX
  8
CUT
 10
336.2130
 20
227.6770
 30
0.0000
  0
VERTEX
  8
CUT
 10
336.4870
 20
228.4570
 30
0.0000
  0
VERTEX
  8
CUT
 10
336.7860
 20
229.2150
 30
0.0000
  0
VERTEX
  8
CUT
 10
337.1090
 20
229.9500
 30
0.0000
  0
VERTEX
  8
CUT
 10
337.4590
 20
230.6600
 30
0.0000
  0
VERTEX
  8
CUT
 10
337.8360
 20
231.3420
 30
0.0000
  0
VERTEX
  8
CUT
 10
338.2430
 20
231.9920
 30
0.0000
  0
VERTEX
  8
CUT
 10
338.6850
 20
232.6030
 30
0.0000
  0
VERTEX
  8
CUT
 10
339.1780
 20
233.1580
 30
0.0000
  0
VERTEX
  8
CUT
 10
339.8190
 20
233.7240
 30
0.0000
  0
VERTEX
  8
CUT
 10
339.5590
 20
234.0210
 30
0.0000
  0
VERTEX
  8
CUT
 10
339.3010
 20
234.3210
 30
0.0000
  0
VERTEX
  8
CUT
 10
339.0470
 20
234.6240
 30
0.0000
  0
VERTEX
  8
CUT
 10
338.7940
 20
234.9280
 30
0.0000
  0
VERTEX
  8
CUT
 10
338.5450
 20
235.2350
 30
0.0000
  0
VERTEX
  8
CUT
 10
338.2980
 20
235.5440
 30
0.0000
  0
VERTEX
  8
CUT
 10
338.0540
 20
235.8550
 30
0.0000
  0
VERTEX
  8
CUT
 10
337.8130
 20
236.1680
 30
0.0000
  0
VERTEX
  8
CUT
 10
337.1330
 20
235.6500
 30
0.0000
  0
VERTEX
  8
CUT
 10
336.4930
 20
235.2740
 30
0.0000
  0
VERTEX
  8
CUT
 10
335.8070
 20
234.9600
 30
0.0000
  0
VERTEX
  8
CUT
 10
335.0900
 20
234.6880
 30
0.0000
  0
VERTEX
  8
CUT
 10
334.3480
 20
234.4510
 30
0.0000
  0
VERTEX
  8
CUT
 10
333.5840
 20
234.2470
 30
0.0000
  0
VERTEX
  8
CUT
 10
332.8000
 20
234.0730
 30
0.0000
  0
VERTEX
  8
CUT
 10
331.9980
 20
233.9280
 30
0.0000
  0
VERTEX
  8
CUT
 10
331.1790
 20
233.8110
 30
0.0000
  0
VERTEX
  8
CUT
 10
331.0310
 20
234.0240
 30
0.0000
  0
VERTEX
  8
CUT
 10
330.8850
 20
234.2370
 30
0.0000
  0
VERTEX
  8
CUT
 10
330.7390
 20
234.4510
 30
0.0000
  0
VERTEX
  8
CUT
 10
330.5950
 20
234.6660
 30
0.0000
  0
VERTEX
  8
CUT
 10
330.4520
 20
234.8810
 30
0.0000
  0
VERTEX
  8
CUT
 10
330.3100
 20
235.0980
 30
0.0000
  0
VERTEX
  8
CUT
 10
330.1690
 20
235.3150
 30
0.0000
  0
VERTEX
  8
CUT
 10
330.0290
 20
235.5320
 30
0.0000
  0
VERTEX
  8
CUT
 10
330.4500
 20
236.2440
 30
0.0000
  0
VERTEX
  8
CUT
 10
330.8910
 20
236.9300
 30
0.0000
  0
VERTEX
  8
CUT
 10
331.3510
 20
237.5870
 30
0.0000
  0
VERTEX
  8
CUT
 10
331.8320
 20
238.2150
 30
0.0000
  0
VERTEX
  8
CUT
 10
332.3350
 20
238.8100
 30
0.0000
  0
VERTEX
  8
CUT
 10
332.8610
 20
239.3680
 30
0.0000
  0
VERTEX
  8
CUT
 10
333.4140
 20
239.8820
 30
0.0000
  0
VERTEX
  8
CUT
 10
334.0060
 20
240.3290
 30
0.0000
  0
VERTEX
  8
CUT
 10
334.7450
 20
240.7590
 30
0.0000
  0
VERTEX
  8
CUT
 10
334.5480
 20
241.1020
 30
0.0000
  0
VERTEX
  8
CUT
 10
334.3540
 20
241.4470
 30
0.0000
  0
VERTEX
  8
CUT
 10
334.1630
 20
241.7930
 30
0.0000
  0
VERTEX
  8
CUT
 10
333.9750
 20
242.1410
 30
0.0000
  0
VERTEX
  8
CUT
 10
333.7900
 20
242.4900
 30
0.0000
  0
VERTEX
  8
CUT
 10
333.6080
 20
242.8410
 30
0.0000
  0
VERTEX
  8
CUT
 10
333.4300
 20
243.1940
 30
0.0000
  0
VERTEX
  8
CUT
 10
333.2540
 20
243.5490
 30
0.0000
  0
VERTEX
  8
CUT
 10
332.4860
 20
243.1730
 30
0.0000
  0
VERTEX
  8
CUT
 10
331.7850
 20
242.9290
 30
0.0000
  0
VERTEX
  8
CUT
 10
331.0510
 20
242.7550
 30
0.0000
  0
VERTEX
  8
CUT
 10
330.2950
 20
242.6280
 30
0.0000
  0
VERTEX
  8
CUT
 10
329.5210
 20
242.5400
 30
0.0000
  0
VERTEX
  8
CUT
 10
328.7310
 20
242.4890
 30
0.0000
  0
VERTEX
  8
CUT
 10
327.9290
 20
242.4710
 30
0.0000
  0
VERTEX
  8
CUT
 10
327.1140
 20
242.4860
 30
0.0000
  0
VERTEX
  8
CUT
 10
326.2880
 20
242.5310
 30
0.0000
  0
VERTEX
  8
CUT
 10
326.1850
 20
242.7680
 30
0.0000
  0
VERTEX
  8
CUT
 10
326.0830
 20
243.0060
 30
0.0000
  0
VERTEX
  8
CUT
 10
325.9820
 20
243.2440
 30
0.0000
  0
VERTEX
  8
CUT
 10
325.8820
 20
243.4830
 30
0.0000
  0
VERTEX
  8
CUT
 10
325.7840
 20
243.7220
 30
0.0000
  0
VERTEX
  8
CUT
 10
325.6870
 20
243.9620
 30
0.0000
  0
VERTEX
  8
CUT
 10
325.5910
 20
244.2020
 30
0.0000
  0
VERTEX
  8
CUT
 10
325.4960
 20
244.4430
 30
0.0000
  0
VERTEX
  8
CUT
 10
326.0480
 20
245.0590
 30
0.0000
  0
VERTEX
  8
CUT
 10
326.6140
 20
245.6460
 30
0.0000
  0
VERTEX
  8
CUT
 10
327.1940
 20
246.2010
 30
0.0000
  0
VERTEX
  8
CUT
 10
327.7880
 20
246.7230
 30
0.0000
  0
VERTEX
  8
CUT
 10
328.3970
 20
247.2080
 30
0.0000
  0
VERTEX
  8
CUT
 10
329.0220
 20
247.6530
 30
0.0000
  0
VERTEX
  8
CUT
 10
329.6650
 20
248.0490
 30
0.0000
  0
VERTEX
  8
CUT
 10
330.3320
 20
248.3720
 30
0.0000
  0
VERTEX
  8
CUT
 10
331.1410
 20
248.6500
 30
0.0000
  0
VERTEX
  8
CUT
 10
331.0150
 20
249.0240
 30
0.0000
  0
VERTEX
  8
CUT
 10
330.8920
 20
249.4000
 30
0.0000
  0
VERTEX
  8
CUT
 10
330.7720
 20
249.7770
 30
0.0000
  0
VERTEX
  8
CUT
 10
330.6550
 20
250.1550
 30
0.0000
  0
VERTEX
  8
CUT
 10
330.5420
 20
250.5340
 30
0.0000
  0
VERTEX
  8
CUT
 10
330.4330
 20
250.9140
 30
0.0000
  0
VERTEX
  8
CUT
 10
330.3260
 20
251.2950
 30
0.0000
  0
VERTEX
  8
CUT
 10
330.2230
 20
251.6760
 30
0.0000
  0
VERTEX
  8
CUT
 10
329.3970
 20
251.4580
 30
0.0000
  0
VERTEX
  8
CUT
 10
328.6610
 20
251.3560
 30
0.0000
  0
VERTEX
  8
CUT
 10
327.9070
 20
251.3280
 30
0.0000
  0
VERTEX
  8
CUT
 10
327.1410
 20
251.3500
 30
0.0000
  0
VERTEX
  8
CUT
 10
326.3650
 20
251.4160
 30
0.0000
  0
VERTEX
  8
CUT
 10
325.5810
 20
251.5190
 30
0.0000
  0
VERTEX
  8
CUT
 10
324.7900
 20
251.6590
 30
0.0000
  0
VERTEX
  8
CUT
 10
323.9930
 20
251.8320
 30
0.0000
  0
VERTEX
  8
CUT
 10
323.1920
 20
252.0370
 30
0.0000
  0
VERTEX
  8
CUT
 10
323.1370
 20
252.2900
 30
0.0000
  0
VERTEX
  8
CUT
 10
323.0830
 20
252.5430
 30
0.0000
  0
VERTEX
  8
CUT
 10
323.0310
 20
252.7970
 30
0.0000
  0
VERTEX
  8
CUT
 10
322.9800
 20
253.0500
 30
0.0000
  0
VERTEX
  8
CUT
 10
322.9300
 20
253.3040
 30
0.0000
  0
VERTEX
  8
CUT
 10
322.8820
 20
253.5580
 30
0.0000
  0
VERTEX
  8
CUT
 10
322.8340
 20
253.8130
 30
0.0000
  0
VERTEX
  8
CUT
 10
322.7880
 20
254.0670
 30
0.0000
  0
VERTEX
  8
CUT
 10
323.4500
 20
254.5640
 30
0.0000
  0
VERTEX
  8
CUT
 10
324.1190
 20
255.0290
 30
0.0000
  0
VERTEX
  8
CUT
 10
324.7970
 20
255.4600
 30
0.0000
  0
VERTEX
  8
CUT
 10
325.4810
 20
255.8560
 30
0.0000
  0
VERTEX
  8
CUT
 10
326.1730
 20
256.2130
 30
0.0000
  0
VERTEX
  8
CUT
 10
326.8730
 20
256.5280
 30
0.0000
  0
VERTEX
  8
CUT
 10
327.5800
 20
256.7900
 30
0.0000
  0
VERTEX
  8
CUT
 10
328.2990
 20
256.9780
 30
0.0000
  0
VERTEX
  8
CUT
 10
329.1460
 20
257.0920
 30
0.0000
  0
VERTEX
  8
CUT
 10
329.0950
 20
257.4840
 30
0.0000
  0
VERTEX
  8
CUT
 10
329.0480
 20
257.8760
 30
0.0000
  0
VERTEX
  8
CUT
 10
329.0040
 20
258.2690
 30
0.0000
  0
VERTEX
  8
CUT
 10
328.9630
 20
258.6630
 30
0.0000
  0
VERTEX
  8
CUT
 10
328.9260
 20
259.0560
 30
0.0000
  0
VERTEX
  8
CUT
 10
328.8930
 20
259.4500
 30
0.0000
  0
VERTEX
  8
CUT
 10
328.8630
 20
259.8450
 30
0.0000
  0
VERTEX
  8
CUT
 10
328.8360
 20
260.2390
 30
0.0000
  0
VERTEX
  8
CUT
 10
327.9830
 20
260.1860
 30
0.0000
  0
VERTEX
  8
CUT
 10
327.2420
 20
260.2290
 30
0.0000
  0
VERTEX
  8
CUT
 10
326.4970
 20
260.3490
 30
0.0000
  0
VERTEX
  8
CUT
 10
325.7490
 20
260.5210
 30
0.0000
  0
VERTEX
  8
CUT
 10
325.0010
 20
260.7360
 30
0.0000
  0
VERTEX
  8
CUT
 10
324.2520
 20
260.9910
 30
0.0000
  0
VERTEX
  8
CUT
 10
323.5030
 20
261.2820
 30
0.0000
  0
VERTEX
  8
CUT
 10
322.7560
 20
261.6070
 30
0.0000
  0
VERTEX
  8
CUT
 10
322.0110
 20
261.9650
 30
0.0000
  0
VERTEX
  8
CUT
 10
322.0060
 20
262.2240
 30
0.0000
  0
VERTEX
  8
CUT
 10
322.0030
 20
262.4830
 30
0.0000
  0
VERTEX
  8
CUT
 10
322.0010
 20
262.7410
 30
0.0000
  0
VERTEX
  8
CUT
 10
322.0000
 20
263.0000
 30
0.0000
  0
VERTEX
  8
CUT
 10
322.0010
 20
263.2590
 30
0.0000
  0
VERTEX
  8
CUT
 10
322.0030
 20
263.5170
 30
0.0000
  0
VERTEX
  8
CUT
 10
322.0060
 20
263.7760
 30
0.0000
  0
VERTEX
  8
CUT
 10
322.0110
 20
264.0350
 30
0.0000
  0
VERTEX
  8
CUT
 10
322.7560
 20
264.3930
 30
0.0000
  0
VERTEX
  8
CUT
 10
323.5030
 20
264.7180
 30
0.0000
  0
VERTEX
  8
CUT
 10
324.2520
 20
265.0090
 30
0.0000
  0
VERTEX
  8
CUT
 10
325.0010
 20
265.2640
 30
0.0000
  0
VERTEX
  8
CUT
 10
325.7490
 20
265.4790
 30
0.0000
  0
VERTEX
  8
CUT
 10
326.4970
 20
265.6510
 30
0.0000
  0
VERTEX
  8
CUT
 10
327.2420
 20
265.7710
 30
0.0000
  0
VERTEX
  8
CUT
 10
327.9830
 20
265.8140
 30
0.0000
  0
VERTEX
  8
CUT
 10
328.8360
 20
265.7610
 30
0.0000
  0
VERTEX
  8
CUT
 10
328.8630
 20
266.1550
 30
0.0000
  0
VERTEX
  8
CUT
 10
328.8930
 20
266.5500
 30
0.0000
  0
VERTEX
  8
CUT
 10
328.9260
 20
266.9440
 30
0.0000
  0
VERTEX
  8
CUT
 10
328.9630
 20
267.3370
 30
0.0000
  0
VERTEX
  8
CUT
 10
329.0040
 20
267.7310
 30
0.0000
  0
VERTEX
  8
CUT
 10
329.0480
 20
268.1240
 30
0.0000
  0
VERTEX
  8
CUT
 10
329.0950
 20
268.5160
 30
0.0000
  0
VERTEX
  8
CUT
 10
329.1460
 20
268.9080
 30
0.0000
  0
VERTEX
  8
CUT
 10
328.2990
 20
269.0220
 30
0.0000
  0
VERTEX
  8
CUT
 10
327.5800
 20
269.2100
 30
0.0000
  0
VERTEX
  8
CUT
 10
326.8730
 20
269.4720
 30
0.0000
  0
VERTEX
  8
CUT
 10
326.1730
 20
269.7870
 30
0.0000
  0
VERTEX
  8
CUT
 10
325.4810
 20
270.1440
 30
0.0000
  0
VERTEX
  8
CUT
 10
324.7970
 20
270.5400
 30
0.0000
  0
VERTEX
  8
CUT
 10
324.1190
 20
270.9710
 30
0.0000
  0
VERTEX
  8
CUT
 10
323.4500
 20
271.4360
 30
0.0000
  0
VERTEX
  8
CUT
 10
322.7880
 20
271.9330
 30
0.0000
  0
VERTEX
  8
CUT
 10
322.8340
 20
272.1870
 30
0.0000
  0
VERTEX
  8
CUT
 10
322.8820
 20
272.4420
 30
0.0000
  0
VERTEX
  8
CUT
 10
322.9300
 20
272.6960
 30
0.0000
  0
VERTEX
  8
CUT
 10
322.9800
 20
272.9500
 30
0.0000
  0
VERTEX
  8
CUT
 10
323.0310
 20
273.2030
 30
0.0000
  0
VERTEX
  8
CUT
 10
323.0830
 20
273.4570
 30
0.0000
  0
VERTEX
  8
CUT
 10
323.1370
 20
273.7100
 30
0.0000
  0
VERTEX
  8
CUT
 10
323.1920
 20
273.9630
 30
0.0000
  0
VERTEX
  8
CUT
 10
323.9930
 20
274.1680
 30
0.0000
  0
VERTEX
  8
CUT
 10
324.7900
 20
274.3410
 30
0.0000
  0
VERTEX
  8
CUT
 10
325.5810
 20
274.4810
 30
0.0000
  0
VERTEX
  8
CUT
 10
326.3650
 20
274.5840
 30
0.0000
  0
VERTEX
  8
CUT
 10
327.1410
 20
274.6500
 30
0.0000
  0
VERTEX
  8
CUT
 10
327.9070
 20
274.6720
 30
0.0000
  0
VERTEX
  8
CUT
 10
328.6610
 20
274.6440
 30
0.0000
  0
VERTEX
  8
CUT
 10
329.3970
 20
274.5420
 30
0.0000
  0
VERTEX
  8
CUT
 10
330.2230
 20
274.3240
 30
0.0000
  0
VERTEX
  8
CUT
 10
330.3260
 20
274.7050
 30
0.0000
  0
VERTEX
  8
CUT
 10
330.4330
 20
275.0860
 30
0.0000
  0
VERTEX
  8
CUT
 10
330.5420
 20
275.4660
 30
0.0000
  0
VERTEX
  8
CUT
 10
330.6550
 20
275.8450
 30
0.0000
  0
VERTEX
  8
CUT
 10
330.7720
 20
276.2230
 30
0.0000
  0
VERTEX
  8
CUT
 10
330.8920
 20
276.6000
 30
0.0000
  0
VERTEX
  8
CUT
 10
331.0150
 20
276.9760
 30
0.0000
  0
VERTEX
  8
CUT
 10
331.1410
 20
277.3500
 30
0.0000
  0
VERTEX
  8
CUT
 10
330.3320
 20
277.6280
 30
0.0000
  0
VERTEX
  8
CUT
 10
329.6650
 20
277.9510
 30
0.0000
  0
VERTEX
  8
CUT
 10
329.0220
 20
278.3470
 30
0.0000
  0
VERTEX
  8
CUT
 10
328.3970
 20
278.7920
 30
0.0000
  0
VERTEX
  8
CUT
 10
327.7880
 20
279.2770
 30
0.0000
  0
VERTEX
  8
CUT
 10
327.1940
 20
279.7990
 30
0.0000
  0
VERTEX
  8
CUT
 10
326.6140
 20
280.3540
 30
0.0000
  0
VERTEX
  8
CUT
 10
326.0480
 20
280.9410
 30
0.0000
  0
VERTEX
  8
CUT
 10
325.4960
 20
281.5570
 30
0.0000
  0
VERTEX
  8
CUT
 10
325.5910
 20
281.7980
 30
0.0000
  0
VERTEX
  8
CUT
 10
325.6870
 20
282.0380
 30
0.0000
  0
VERTEX
  8
CUT
 10
325.7840
 20
282.2780
 30
0.0000
  0
VERTEX
  8
CUT
 10
325.8820
 20
282.5170
 30
0.0000
  0
VERTEX
  8
CUT
 10
325.9820
 20
282.7560
 30
0.0000
  0
VERTEX
  8
CUT
 10
326.0830
 20
282.9940
 30
0.0000
  0
VERTEX
  8
CUT
 10
326.1850
 20
283.2320
 30
0.0000
  0
VERTEX
  8
CUT
 10
326.2880
 20
283.4690
 30
0.0000
  0
VERTEX
  8
CUT
 10
327.1140
 20
283.5140
 30
0.0000
  0
VERTEX
  8
CUT
 10
327.9290
 20
283.5290
 30
0.0000
  0
VERTEX
  8
CUT
 10
328.7310
 20
283.5110
 30
0.0000
  0
VERTEX
  8
CUT
 10
329.5210
 20
283.4600
 30
0.0000
  0
VERTEX
  8
CUT
 10
330.2950
 20
283.3720
 30
0.0000
  0
VERTEX
  8
CUT
 10
331.0510
 20
283.2450
 30
0.0000
  0
VERTEX
  8
CUT
 10
331.7850
 20
283.0710
 30
0.0000
  0
VERTEX
  8
CUT
 10
332.4860
 20
282.8270
 30
0.0000
  0
VERTEX
  8
CUT
 10
333.2540
 20
282.4510
 30
0.0000
  0
VERTEX
  8
CUT
 10
333.4300
 20
282.8060
 30
0.0000
  0
VERTEX
  8
CUT
 10
333.6080
 20
283.1590
 30
0.0000
  0
VERTEX
  8
CUT
 10
333.7900
 20
283.5100
 30
0.0000
  0
VERTEX
  8
CUT
 10
333.9750
 20
283.8590
 30
0.0000
  0
VERTEX
  8
CUT
 10
334.1630
 20
284.2070
 30
0.0000
  0
VERTEX
  8
CUT
 10
334.3540
 20
284.5530
 30
0.0000
  0
VERTEX
  8
CUT
 10
334.5480
 20
284.8980
 30
0.0000
  0
VERTEX
  8
CUT
 10
334.7450
 20
285.2410
 30
0.0000
  0
VERTEX
  8
CUT
 10
334.0060
 20
285.6710
 30
0.0000
  0
VERTEX
  8
CUT
 10
333.4140
 20
286.1180
 30
0.0000
  0
VERTEX
  8
CUT
 10
332.8610
 20
286.6320
 30
0.0000
  0
VERTEX
  8
CUT
 10
332.3350
 20
287.1900
 30
0.0000
  0
VERTEX
  8
CUT
 10
331.8320
 20
287.7850
 30
0.0000
  0
VERTEX
  8
CUT
 10
331.3510
 20
288.4130
 30
0.0000
  0
VERTEX
  8
CUT
 10
330.8910
 20
289.0700
 30
0.0000
  0
VERTEX
  8
CUT
 10
330.4500
 20
289.7560
 30
0.0000
  0
VERTEX
  8
CUT
 10
330.0290
 20
290.4680
 30
0.0000
  0
VERTEX
  8
CUT
 10
330.1690
 20
290.6850
 30
0.0000
  0
VERTEX
  8
CUT
 10
330.3100
 20
290.9020
 30
0.0000
  0
VERTEX
  8
CUT
 10
330.4520
 20
291.1190
 30
0.0000
  0
VERTEX
  8
CUT
 10
330.5950
 20
291.3340
 30
0.0000
  0
VERTEX
  8
CUT
 10
330.7390
 20
291.5490
 30
0.0000
  0
VERTEX
  8
CUT
 10
330.8850
 20
291.7630
 30
0.0000
  0
VERTEX
  8
CUT
 10
331.0310
 20
291.9760
 30
0.0000
  0
VERTEX
  8
CUT
 10
331.1790
 20
292.1890
 30
0.0000
  0
VERTEX
  8
CUT
 10
331.9980
 20
292.0720
 30
0.0000
  0
VERTEX
  8
CUT
 10
332.8000
 20
291.9270
 30
0.0000
  0
VERTEX
  8
CUT
 10
333.5840
 20
291.7530
 30
0.0000
  0
VERTEX
  8
CUT
 10
334.3480
 20
291.5490
 30
0.0000
  0
VERTEX
  8
CUT
 10
335.0900
 20
291.3120
 30
0.0000
  0
VERTEX
  8
CUT
 10
335.8070
 20
291.0400
 30
0.0000
  0
VERTEX
  8
CUT
 10
336.4930
 20
290.7260
 30
0.0000
  0
VERTEX
  8
CUT
 10
337.1330
 20
290.3500
 30
0.0000
  0
VERTEX
  8
CUT
 10
337.8130
 20
289.8320
 30
0.0000
  0
VERTEX
  8
CUT
 10
338.0540
 20
290.1450
 30
0.0000
  0
VERTEX
  8
CUT
 10
338.2980
 20
290.4560
 30
0.0000
  0
VERTEX
  8
CUT
 10
338.5450
 20
290.7650
 30
0.0000
  0
VERTEX
  8
CUT
 10
338.7940
 20
291.0720
 30
0.0000
  0
VERTEX
  8
CUT
 10
339.0470
 20
291.3760
 30
0.0000
  0
VERTEX
  8
CUT
 10
339.3010
 20
291.6790
 30
0.0000
  0
VERTEX
  8
CUT
 10
339.5590
 20
291.9790
 30
0.0000
  0
VERTEX
  8
CUT
 10
339.8190
 20
292.2760
 30
0.0000
  0
VERTEX
  8
CUT
 10
339.1780
 20
292.8420
 30
0.0000
  0
VERTEX
  8
CUT
 10
338.6850
 20
293.3970
 30
0.0000
  0
VERTEX
  8
CUT
 10
338.2430
 20
294.0080
 30
0.0000
  0
VERTEX
  8
CUT
 10
337.8360
 20
294.6580
 30
0.0000
  0
VERTEX
  8
CUT
 10
337.4590
 20
295.3400
 30
0.0000
  0
VERTEX
  8
CUT
 10
337.1090
 20
296.0500
 30
0.0000
  0
VERTEX
  8
CUT
 10
336.7860
 20
296.7850
 30
0.0000
  0
VERTEX
  8
CUT
 10
336.4870
 20
297.5430
 30
0.0000
  0
VERTEX
  8
CUT
 10
336.2130
 20
298.3230
 30
0.0000
  0
VERTEX
  8
CUT
 10
336.3930
 20
298.5090
 30
0.0000
  0
VERTEX
  8
CUT
 10
336.5740
 20
298.6950
 30
0.0000
  0
VERTEX
  8
CUT
 10
336.7550
 20
298.8790
 30
0.0000
  0
VERTEX
  8
CUT
 10
336.9380
 20
299.0620
 30
0.0000
  0
VERTEX
  8
CUT
 10
337.1210
 20
299.2450
 30
0.0000
  0
VERTEX
  8
CUT
 10
337.3050
 20
299.4260
 30
0.0000
  0
VERTEX
  8
CUT
 10
337.4910
 20
299.6070
 30
0.0000
  0
VERTEX
  8
CUT
 10
337.6770
 20
299.7870
 30
0.0000
  0
VERTEX
  8
CUT
 10
338.4570
 20
299.5130
 30
0.0000
  0
VERTEX
  8
CUT
 10
339.2150
 20
299.2140
 30
0.0000
  0
VERTEX
  8
CUT
 10
339.9500
 20
298.8910
 30
0.0000
  0
VERTEX
  8
CUT
 10
340.6600
 20
298.5410
 30
0.0000
  0
VERTEX
  8
CUT
 10
341.3420
 20
298.1640
 30
0.0000
  0
VERTEX
  8
CUT
 10
341.9920
 20
297.7570
 30
0.0000
  0
VERTEX
  8
CUT
 10
342.6030
 20
297.3150
 30
0.0000
  0
VERTEX
  8
CUT
 10
343.1580
 20
296.8220
 30
0.0000
  0
VERTEX
  8
CUT
 10
343.7240
 20
296.1810
 30
0.0000
  0
VERTEX
  8
CUT
 10
344.0210
 20
296.4410
 30
0.0000
  0
VERTEX
  8
CUT
 10
344.3210
 20
296.6990
 30
0.0000
  0
VERTEX
  8
CUT
 10
344.6240
 20
296.9530
 30
0.0000
  0
VERTEX
  8
CUT
 10
344.9280
 20
297.2060
 30
0.0000
  0
VERTEX
  8
CUT
 10
345.2350
 20
297.4550
 30
0.0000
  0
VERTEX
  8
CUT
 10
345.5440
 20
297.7020
 30
0.0000
  0
VERTEX
  8
CUT
 10
345.8550
 20
297.9460
 30
0.0000
  0
VERTEX
  8
CUT
 10
346.1680
 20
298.1870
 30
0.0000
  0
VERTEX
  8
CUT
 10
345.6500
 20
298.8670
 30
0.0000
  0
VERTEX
  8
CUT
 10
345.2740
 20
299.5070
 30
0.0000
  0
VERTEX
  8
CUT
 10
344.9600
 20
300.1930
 30
0.0000
  0
VERTEX
  8
CUT
 10
344.6880
 20
300.9100
 30
0.0000
  0
VERTEX
  8
CUT
 10
344.4510
 20
301.6520
 30
0.0000
  0
VERTEX
  8
CUT
 10
344.2470
 20
302.4160
 30
0.0000
  0
VERTEX
  8
CUT
 10
344.0730
 20
303.2000
 30
0.0000
  0
VERTEX
  8
CUT
 10
343.9280
 20
304.0020
 30
0.0000
  0
VERTEX
  8
CUT
 10
343.8110
 20
304.8210
 30
0.0000
  0
VERTEX
  8
CUT
 10
344.0240
 20
304.9690
 30
0.0000
  0
VERTEX
  8
CUT
 10
344.2370
 20
305.1150
 30
0.0000
  0
VERTEX
  8
CUT
 10
344.4510
 20
305.2610
 30
0.0000
  0
VERTEX
  8
CUT
 10
344.6660
 20
305.4050
 30
0.0000
  0
VERTEX
  8
CUT
 10
344.8810
 20
305.5480
 30
0.0000
  0
VERTEX
  8
CUT
 10
345.0980
 20
305.6900
 30
0.0000
  0
VERTEX
  8
CUT
 10
345.3150
 20
305.8310
 30
0.0000
  0
VERTEX
  8
CUT
 10
345.5320
 20
305.9710
 30
0.0000
  0
VERTEX
  8
CUT
 10
346.2440
 20
305.5500
 30
0.0000
  0
VERTEX
  8
CUT
 10
346.9300
 20
305.1090
 30
0.0000
  0
VERTEX
  8
CUT
 10
347.5870
 20
304.6490
 30
0.0000
  0
VERTEX
  8
CUT
 10
348.2150
 20
304.1680
 30
0.0000
  0
VERTEX
  8
CUT
 10
348.8100
 20
303.6650
 30
0.0000
  0
VERTEX
  8
CUT
 10
349.3680
 20
303.1390
 30
0.0000
  0
VERTEX
  8
CUT
 10
349.8820
 20
302.5860
 30
0.0000
  0
VERTEX
  8
CUT
 10
350.3290
 20
301.9940
 30
0.0000
  0
VERTEX
  8
CUT
 10
350.7590
 20
301.2550
 30
0.0000
  0
VERTEX
  8
CUT
 10
351.1020
 20
301.4520
 30
0.0000
  0
VERTEX
  8
CUT
 10
351.4470
 20
301.6460
 30
0.0000
  0
VERTEX
  8
CUT
 10
351.7930
 20
301.8370
 30
0.0000
  0
VERTEX
  8
CUT
 10
352.1410
 20
302.0250
 30
0.0000
  0
VERTEX
  8
CUT
 10
352.4900
 20
302.2100
 30
0.0000
  0
VERTEX
  8
CUT
 10
352.8410
 20
302.3920
 30
0.0000
  0
VERTEX
  8
CUT
 10
353.1940
 20
302.5700
 30
0.0000
  0
VERTEX
  8
CUT
 10
353.5490
 20
302.7460
 30
0.0000
  0
VERTEX
  8
CUT
 10
353.1730
 20
303.5140
 30
0.0000
  0
VERTEX
  8
CUT
 10
352.9290
 20
304.2150
 30
0.0000
  0
VERTEX
  8
CUT
 10
352.7550
 20
304.9490
 30
0.0000
  0
VERTEX
  8
CUT
 10
352.6280
 20
305.7050
 30
0.0000
  0
VERTEX
  8
CUT
 10
352.5400
 20
306.4790
 30
0.0000
  0
VERTEX
  8
CUT
 10
352.4890
 20
307.2690
 30
0.0000
  0
VERTEX
  8
CUT
 10
352.4710
 20
308.0710
 30
0.0000
  0
VERTEX
  8
CUT
 10
352.4860
 20
308.8860
 30
0.0000
  0
VERTEX
  8
CUT
 10
352.5310
 20
309.7120
 30
0.0000
  0
VERTEX
  8
CUT
 10
352.7680
 20
309.8150
 30
0.0000
  0
VERTEX
  8
CUT
 10
353.0060
 20
309.9170
 30
0.0000
  0
VERTEX
  8
CUT
 10
353.2440
 20
310.0180
 30
0.0000
  0
VERTEX
  8
CUT
 10
353.4830
 20
310.1180
 30
0.0000
  0
VERTEX
  8
CUT
 10
353.7220
 20
310.2160
 30
0.0000
  0
VERTEX
  8
CUT
 10
353.9620
 20
310.3130
 30
0.0000
  0
VERTEX
  8
CUT
 10
354.2020
 20
310.4090
 30
0.0000
  0
VERTEX
  8
CUT
 10
354.4430
 20
310.5040
 30
0.0000
  0
VERTEX
  8
CUT
 10
355.0590
 20
309.9520
 30
0.0000
  0
VERTEX
  8
CUT
 10
355.6460
 20
309.3860
 30
0.0000
  0
VERTEX
  8
CUT
 10
356.2010
 20
308.8060
 30
0.0000
  0
VERTEX
  8
CUT
 10
356.7230
 20
308.2120
 30
0.0000
  0
VERTEX
  8
CUT
 10
357.2080
 20
307.6030
 30
0.0000
  0
VERTEX
  8
CUT
 10
357.6530
 20
306.9780
 30
0.0000
  0
VERTEX
  8
CUT
 10
358.0490
 20
306.3350
 30
0.0000
  0
VERTEX
  8
CUT
 10
358.3720
 20
305.6680
 30
0.0000
  0
VERTEX
  8
CUT
 10
358.6500
 20
304.8590
 30
0.0000
  0
VERTEX
  8
CUT
 10
359.0240
 20
304.9850
 30
0.0000
  0
VERTEX
  8
CUT
 10
359.4000
 20
305.1080
 30
0.0000
  0
VERTEX
  8
CUT
 10
359.7770
 20
305.2280
 30
0.0000
  0
VERTEX
  8
CUT
 10
360.1550
 20
305.3450
 30
0.0000
  0
VERTEX
  8
CUT
 10
360.5340
 20
305.4580
 30
0.0000
  0
VERTEX
  8
CUT
 10
360.9140
 20
305.5670
 30
0.0000
  0
VERTEX
  8
CUT
 10
361.2950
 20
305.6740
 30
0.0000
  0
VERTEX
  8
CUT
 10
361.6760
 20
305.7770
 30
0.0000
  0
VERTEX
  8
CUT
 10
361.4580
 20
306.6030
 30
0.0000
  0
VERTEX
  8
CUT
 10
361.3560
 20
307.3390
 30
0.0000
  0
VERTEX
  8
CUT
 10
361.3280
 20
308.0930
 30
0.0000
  0
VERTEX
  8
CUT
 10
361.3500
 20
308.8590
 30
0.0000
  0
VERTEX
  8
CUT
 10
361.4160
 20
309.6350
 30
0.0000
  0
VERTEX
  8
CUT
 10
361.5190
 20
310.4190
 30
0.0000
  0
VERTEX
  8
CUT
 10
361.6590
 20
311.2100
 30
0.0000
  0
VERTEX
  8
CUT
 10
361.8320
 20
312.0070
 30
0.0000
  0
VERTEX
  8
CUT
 10
362.0370
 20
312.8080
 30
0.0000
  0
VERTEX
  8
CUT
 10
362.2900
 20
312.8630
 30
0.0000
  0
VERTEX
  8
CUT
 10
362.5430
 20
312.9170
 30
0.0000
  0
VERTEX
  8
CUT
 10
362.7970
 20
312.9690
 30
0.0000
  0
VERTEX
  8
CUT
 10
363.0500
 20
313.0200
 30
0.0000
  0
VERTEX
  8
CUT
 10
363.3040
 20
313.0700
 30
0.0000
  0
VERTEX
  8
CUT
 10
363.5580
 20
313.1180
 30
0.0000
  0
VERTEX
  8
CUT
 10
363.8130
 20
313.1660
 30
0.0000
  0
VERTEX
  8
CUT
 10
364.0670
 20
313.2120
 30
0.0000
  0
VERTEX
  8
CUT
 10
364.5640
 20
312.5500
 30
0.0000
  0
VERTEX
  8
CUT
 10
365.0290
 20
311.8810
 30
0.0000
  0
VERTEX
  8
CUT
 10
365.4600
 20
311.2030
 30
0.0000
  0
VERTEX
  8
CUT
 10
365.8560
 20
310.5190
 30
0.0000
  0
VERTEX
  8
CUT
 10
366.2130
 20
309.8270
 30
0.0000
  0
VERTEX
  8
CUT
 10
366.5280
 20
309.1270
 30
0.0000
  0
VERTEX
  8
CUT
 10
366.7900
 20
308.4200
 30
0.0000
  0
VERTEX
  8
CUT
 10
366.9780
 20
307.7010
 30
0.0000
  0
VERTEX
  8
CUT
 10
367.0920
 20
306.8540
 30
0.0000
  0
VERTEX
  8
CUT
 10
367.4840
 20
306.9050
 30
0.0000
  0
VERTEX
  8
CUT
 10
367.8760
 20
306.9520
 30
0.0000
  0
VERTEX
  8
CUT
 10
368.2690
 20
306.9960
 30
0.0000
  0
VERTEX
  8
CUT
 10
368.6630
 20
307.0370
 30
0.0000
  0
VERTEX
  8
CUT
 10
369.0560
 20
307.0740
 30
0.0000
  0
VERTEX
  8
CUT
 10
369.4500
 20
307.1070
 30
0.0000
  0
VERTEX
  8
CUT
 10
369.8450
 20
307.1370
 30
0.0000
  0
VERTEX
  8
CUT
 10
370.2390
 20
307.1640
 30
0.0000
  0
VERTEX
  8
CUT
 10
370.1860
 20
308.0170
 30
0.0000
  0
VERTEX
  8
CUT
 10
370.2290
 20
308.7580
 30
0.0000
  0
VERTEX
  8
CUT
 10
370.3490
 20
309.5030
 30
0.0000
  0
VERTEX
  8
CUT
 10
370.5210
 20
310.2510
 30
0.0000
  0
VERTEX
  8
CUT
 10
370.7360
 20
310.9990
 30
0.0000
  0
VERTEX
  8
CUT
 10
370.9910
 20
311.7480
 30
0.0000
  0
VERTEX
  8
CUT
 10
371.2820
 20
312.4970
 30
0.0000
  0
VERTEX
  8
CUT
 10
371.6070
 20
313.2440
 30
0.0000
  0
VERTEX
  8
CUT
 10
371.9650
 20
313.9890
 30
0.0000
  0
VERTEX
  8
CUT
 10
372.2240
 20
313.9940
 30
0.0000
  0
VERTEX
  8
CUT
 10
372.4830
 20
313.9970
 30
0.0000
  0
VERTEX
  8
CUT
 10
372.7410
 20
313.9990
 30
0.0000
  0
VERTEX
  8
CUT
 10
373.0000
 20
314.0000
 30
0.0000
  0
VERTEX
  8
CUT
 10
373.2590
 20
313.9990
 30
0.0000
  0
VERTEX
  8
CUT
 10
373.5170
 20
313.9970
 30
0.0000
  0
VERTEX
  8
CUT
 10
373.7760
 20
313.9940
 30
0.0000
  0
VERTEX
  8
CUT
 10
374.0350
 20
313.9890
 30
0.0000
  0
VERTEX
  8
CUT
 10
374.3930
 20
313.2440
 30
0.0000
  0
VERTEX
  8
CUT
 10
374.7180
 20
312.4970
 30
0.0000
  0
VERTEX
  8
CUT
 10
375.0090
 20
311.7480
 30
0.0000
  0
VERTEX
  8
CUT
 10
375.2640
 20
310.9990
 30
0.0000
  0
VERTEX
  8
CUT
 10
375.4790
 20
310.2510
 30
0.0000
  0
VERTEX
  8
CUT
 10
375.6510
 20
309.5030
 30
0.0000
  0
VERTEX
  8
CUT
 10
375.7710
 20
308.7580
 30
0.0000
  0
VERTEX
  8
CUT
 10
375.8140
 20
308.0170
 30
0.0000
  0
VERTEX
  8
CUT
 10
375.7610
 20
307.1640
 30
0.0000
  0
VERTEX
  8
CUT
 10
376.1550
 20
307.1370
 30
0.0000
  0
VERTEX
  8
CUT
 10
376.5500
 20
307.1070
 30
0.0000
  0
VERTEX
  8
CUT
 10
376.9440
 20
307.0740
 30
0.0000
  0
VERTEX
  8
CUT
 10
377.3370
 20
307.0370
 30
0.0000
  0
VERTEX
  8
CUT
 10
377.7310
 20
306.9960
 30
0.0000
  0
VERTEX
  8
CUT
 10
378.1240
 20
306.9520
 30
0.0000
  0
VERTEX
  8
CUT
 10
378.5160
 20
306.9050
 30
0.0000
  0
VERTEX
  8
CUT
 10
378.9080
 20
306.8540
 30
0.0000
  0
VERTEX
  8
CUT
 10
379.0220
 20
307.7010
 30
0.0000
  0
VERTEX
  8
CUT
 10
379.2100
 20
308.4200
 30
0.0000
  0
VERTEX
  8
CUT
 10
379.4720
 20
309.1270
 30
0.0000
  0
VERTEX
  8
CUT
 10
379.7870
 20
309.8270
 30
0.0000
  0
VERTEX
  8
CUT
 10
380.1440
 20
310.5190
 30
0.0000
  0
VERTEX
  8
CUT
 10
380.5400
 20
311.2030
 30
0.0000
  0
VERTEX
  8
CUT
 10
380.9710
 20
311.8810
 30
0.0000
  0
VERTEX
  8
CUT
 10
381.4360
 20
312.5500
 30
0.0000
  0
VERTEX
  8
CUT
 10
381.9330
 20
313.2120
 30
0.0000
  0
VERTEX
  8
CUT
 10
382.1870
 20
313.1660
 30
0.0000
  0
VERTEX
  8
CUT
 10
382.4420
 20
313.1180
 30
0.0000
  0
VERTEX
  8
CUT
 10
382.6960
 20
313.0700
 30
0.0000
  0
VERTEX
  8
CUT
 10
382.9500
 20
313.0200
 30
0.0000
  0
VERTEX
  8
CUT
 10
383.2030
 20
312.9690
 30
0.0000
  0
VERTEX
  8
CUT
 10
383.4570
 20
312.9170
 30
0.0000
  0
VERTEX
  8
CUT
 10
383.7100
 20
312.8630
 30
0.0000
  0
VERTEX
  8
CUT
 10
383.9630
 20
312.8080
 30
0.0000
  0
VERTEX
  8
CUT
 10
384.1680
 20
312.0070
 30
0.0000
  0
VERTEX
  8
CUT
 10
384.3410
 20
311.2100
 30
0.0000
  0
VERTEX
  8
CUT
 10
384.4810
 20
310.4190
 30
0.0000
  0
VERTEX
  8
CUT
 10
384.5840
 20
309.6350
 30
0.0000
  0
VERTEX
  8
CUT
 10
384.6500
 20
308.8590
 30
0.0000
  0
VERTEX
  8
CUT
 10
384.6720
 20
308.0930
 30
0.0000
  0
VERTEX
  8
CUT
 10
384.6440
 20
307.3390
 30
0.0000
  0
VERTEX
  8
CUT
 10
384.5420
 20
306.6030
 30
0.0000
  0
VERTEX
  8
CUT
 10
384.3240
 20
305.7770
 30
0.0000
  0
VERTEX
  8
CUT
 10
384.7050
 20
305.6740
 30
0.0000
  0
VERTEX
  8
CUT
 10
385.0860
 20
305.5670
 30
0.0000
  0
VERTEX
  8
CUT
 10
385.4660
 20
305.4580
 30
0.0000
  0
VERTEX
  8
CUT
 10
385.8450
 20
305.3450
 30
0.0000
  0
VERTEX
  8
CUT
 10
386.2230
 20
305.2280
 30
0.0000
  0
VERTEX
  8
CUT
 10
386.6000
 20
305.1080
 30
0.0000
  0
VERTEX
  8
CUT
 10
386.9760
 20
304.9850
 30
0.0000
  0
VERTEX
  8
CUT
 10
387.3500
 20
304.8590
 30
0.0000
  0
VERTEX
  8
CUT
 10
387.6280
 20
305.6680
 30
0.0000
  0
VERTEX
  8
CUT
 10
387.9510
 20
306.3350
 30
0.0000
  0
VERTEX
  8
CUT
 10
388.3470
 20
306.9780
 30
0.0000
  0
VERTEX
  8
CUT
 10
388.7920
 20
307.6030
 30
0.0000
  0
VERTEX
  8
CUT
 10
389.2770
 20
308.2120
 30
0.0000
  0
VERTEX
  8
CUT
 10
389.7990
 20
308.8060
 30
0.0000
  0
VERTEX
  8
CUT
 10
390.3540
 20
309.3860
 30
0.0000
  0
VERTEX
  8
CUT
 10
390.9410
 20
309.9520
 30
0.0000
  0
VERTEX
  8
CUT
 10
391.5570
 20
310.5040
 30
0.0000
  0
VERTEX
  8
CUT
 10
391.7980
 20
310.4090
 30
0.0000
  0
VERTEX
  8
CUT
 10
392.0380
 20
310.3130
 30
0.0000
  0
VERTEX
  8
CUT
 10
392.2780
 20
310.2160
 30
0.0000
  0
VERTEX
  8
CUT
 10
392.5170
 20
310.1180
 30
0.0000
  0
VERTEX
  8
CUT
 10
392.7560
 20
310.0180
 30
0.0000
  0
VERTEX
  8
CUT
 10
392.9940
 20
309.9170
 30
0.0000
  0
VERTEX
  8
CUT
 10
393.2320
 20
309.8150
 30
0.0000
  0
VERTEX
  8
CUT
 10
393.4690
 20
309.7120
 30
0.0000
  0
VERTEX
  8
CUT
 10
393.5140
 20
308.8860
 30
0.0000
  0
VERTEX
  8
CUT
 10
393.5290
 20
308.0710
 30
0.0000
  0
VERTEX
  8
CUT
 10
393.5110
 20
307.2690
 30
0.0000
  0
VERTEX
  8
CUT
 10
393.4600
 20
306.4790
 30
0.0000
  0
VERTEX
  8
CUT
 10
393.3720
 20
305.7050
 30
0.0000
  0
VERTEX
  8
CUT
 10
393.2450
 20
304.9490
 30
0.0000
  0
VERTEX
  8
CUT
 10
393.0710
 20
304.2150
 30
0.0000
  0
VERTEX
  8
CUT
 10
392.8270
 20
303.5140
 30
0.0000
  0
VERTEX
  8
CUT
 10
392.4510
 20
302.7460
 30
0.0000
  0
VERTEX
  8
CUT
 10
392.8060
 20
302.5700
 30
0.0000
  0
VERTEX
  8
CUT
 10
393.1590
 20
302.3920
 30
0.0000
  0
VERTEX
  8
CUT
 10
393.5100
 20
302.2100
 30
0.0000
  0
VERTEX
  8
CUT
 10
393.8590
 20
302.0250
 30
0.0000
  0
VERTEX
  8
CUT
 10
394.2070
 20
301.8370
 30
0.0000
  0
VERTEX
  8
CUT
 10
394.5530
 20
301.6460
 30
0.0000
  0
VERTEX
  8
CUT
 10
394.8980
 20
301.4520
 30
0.0000
  0
VERTEX
  8
CUT
 10
395.2410
 20
301.2550
 30
0.0000
  0
VERTEX
  8
CUT
 10
395.6710
 20
301.9940
 30
0.0000
  0
VERTEX
  8
CUT
 10
396.1180
 20
302.5860
 30
0.0000
  0
VERTEX
  8
CUT
 10
396.6320
 20
303.1390
 30
0.0000
  0
VERTEX
  8
CUT
 10
397.1900
 20
303.6650
 30
0.0000
  0
VERTEX
  8
CUT
 10
397.7850
 20
304.1680
 30
0.0000
  0
VERTEX
  8
CUT
 10
398.4130
 20
304.6490
 30
0.0000
  0
VERTEX
  8
CUT
 10
399.0700
 20
305.1090
 30
0.0000
  0
VERTEX
  8
CUT
 10
399.7560
 20
305.5500
 30
0.0000
  0
VERTEX
  8
CUT
 10
400.4680
 20
305.9710
 30
0.0000
  0
VERTEX
  8
CUT
 10
400.6850
 20
305.8310
 30
0.0000
  0
VERTEX
  8
CUT
 10
400.9020
 20
305.6900
 30
0.0000
  0
VERTEX
  8
CUT
 10
401.1190
 20
305.5480
 30
0.0000
  0
VERTEX
  8
CUT
 10
401.3340
 20
305.4050
 30
0.0000
  0
VERTEX
  8
CUT
 10
401.5490
 20
305.2610
 30
0.0000
  0
VERTEX
  8
CUT
 10
401.7630
 20
305.1150
 30
0.0000
  0
VERTEX
  8
CUT
 10
401.9760
 20
304.9690
 30
0.0000
  0
VERTEX
  8
CUT
 10
402.1890
 20
304.8210
 30
0.0000
  0
VERTEX
  8
CUT
 10
402.0720
 20
304.0020
 30
0.0000
  0
VERTEX
  8
CUT
 10
401.9270
 20
303.2000
 30
0.0000
  0
VERTEX
  8
CUT
 10
401.7530
 20
302.4160
 30
0.0000
  0
VERTEX
  8
CUT
 10
401.5490
 20
301.6520
 30
0.0000
  0
VERTEX
  8
CUT
 10
401.3120
 20
300.9100
 30
0.0000
  0
VERTEX
  8
CUT
 10
401.0400
 20
300.1930
 30
0.0000
  0
VERTEX
  8
CUT
 10
400.7260
 20
299.5070
 30
0.0000
  0
VERTEX
  8
CUT
 10
400.3500
 20
298.8670
 30
0.0000
  0
VERTEX
  8
CUT
 10
399.8320
 20
298.1870
 30
0.0000
  0
VERTEX
  8
CUT
 10
400.1450
 20
297.9460
 30
0.0000
  0
VERTEX
  8
CUT
 10
400.4560
 20
297.7020
 30
0.0000
  0
VERTEX
  8
CUT
 10
400.7650
 20
297.4550
 30
0.0000
  0
VERTEX
  8
CUT
 10
401.0720
 20
297.2060
 30
0.0000
  0
VERTEX
  8
CUT
 10
401.3760
 20
296.9530
 30
0.0000
  0
VERTEX
  8
CUT
 10
401.6790
 20
296.6990
 30
0.0000
  0
VERTEX
  8
CUT
 10
401.9790
 20
296.4410
 30
0.0000
  0
VERTEX
  8
CUT
 10
402.2760
 20
296.1810
 30
0.0000
  0
VERTEX
  8
CUT
 10
402.8420
 20
296.8220
 30
0.0000
  0
VERTEX
  8
CUT
 10
403.3970
 20
297.3150
 30
0.0000
  0
VERTEX
  8
CUT
 10
404.0080
 20
297.7570
 30
0.0000
  0
VERTEX
  8
CUT
 10
404.6580
 20
298.1640
 30
0.0000
  0
VERTEX
  8
CUT
 10
405.3400
 20
298.5410
 30
0.0000
  0
VERTEX
  8
CUT
 10
406.0500
 20
298.8910
 30
0.0000
  0
VERTEX
  8
CUT
 10
406.7850
 20
299.2140
 30
0.0000
  0
VERTEX
  8
CUT
 10
407.5430
 20
299.5130
 30
0.0000
  0
VERTEX
  8
CUT
 10
408.3230
 20
299.7870
 30
0.0000
  0
VERTEX
  8
CUT
 10
408.5090
 20
299.6070
 30
0.0000
  0
VERTEX
  8
CUT
 10
408.6950
 20
299.4260
 30
0.0000
  0
VERTEX
  8
CUT
 10
408.8790
 20
299.2450
 30
0.0000
  0
VERTEX
  8
CUT
 10
409.0620
 20
299.0620
 30
0.0000
  0
VERTEX
  8
CUT
 10
409.2450
 20
298.8790
 30
0.0000
  0
VERTEX
  8
CUT
 10
409.4260
 20
298.6950
 30
0.0000
  0
VERTEX
  8
CUT
 10
409.6070
 20
298.5090
 30
0.0000
  0
VERTEX
  8
CUT
 10
409.7870
 20
298.3230
 30
0.0000
  0
VERTEX
  8
CUT
 10
409.5130
 20
297.5430
 30
0.0000
  0
VERTEX
  8
CUT
 10
409.2140
 20
296.7850
 30
0.0000
  0
VERTEX
  8
CUT
 10
408.8910
 20
296.0500
 30
0.0000
  0
VERTEX
  8
CUT
 10
408.5410
 20
295.3400
 30
0.0000
  0
VERTEX
  8
CUT
 10
408.1640
 20
294.6580
 30
0.0000
  0
VERTEX
  8
CUT
 10
407.7570
 20
294.0080
 30
0.0000
  0
VERTEX
  8
CUT
 10
407.3150
 20
293.3970
 30
0.0000
  0
VERTEX
  8
CUT
 10
406.8220
 20
292.8420
 30
0.0000
  0
VERTEX
  8
CUT
 10
406.1810
 20
292.2760
 30
0.0000
  0
VERTEX
  8
CUT
 10
406.4410
 20
291.9790
 30
0.0000
  0
VERTEX
  8
CUT
 10
406.6990
 20
291.6790
 30
0.0000
  0
VERTEX
  8
CUT
 10
406.9530
 20
291.3760
 30
0.0000
  0
VERTEX
  8
CUT
 10
407.2060
 20
291.0720
 30
0.0000
  0
VERTEX
  8
CUT
 10
407.4550
 20
290.7650
 30
0.0000
  0
VERTEX
  8
CUT
 10
407.7020
 20
290.4560
 30
0.0000
  0
VERTEX
  8
CUT
 10
407.9460
 20
290.1450
 30
0.0000
  0
VERTEX
  8
CUT
 10
408.1870
 20
289.8320
 30
0.0000
  0
VERTEX
  8
CUT
 10
408.8670
 20
290.3500
 30
0.0000
  0
VERTEX
  8
CUT
 10
409.5070
 20
290.7260
 30
0.0000
  0
VERTEX
  8
CUT
 10
410.1930
 20
291.0400
 30
0.0000
  0
VERTEX
  8
CUT
 10
410.9100
 20
291.3120
 30
0.0000
  0
VERTEX
  8
CUT
 10
411.6520
 20
291.5490
 30
0.0000
  0
VERTEX
  8
CUT
 10
412.4160
 20
291.7530
 30
0.0000
  0
VERTEX
  8
CUT
 10
413.2000
 20
291.9270
 30
0.0000
  0
VERTEX
  8
CUT
 10
414.0020
 20
292.0720
 30
0.0000
  0
VERTEX
  8
CUT
 10
414.8210
 20
292.1890
 30
0.0000
  0
VERTEX
  8
CUT
 10
414.9690
 20
291.9760
 30
0.0000
  0
VERTEX
  8
CUT
 10
415.1150
 20
291.7630
 30
0.0000
  0
VERTEX
  8
CUT
 10
415.2610
 20
291.5490
 30
0.0000
  0
VERTEX
  8
CUT
 10
415.4050
 20
291.3340
 30
0.0000
  0
VERTEX
  8
CUT
 10
415.5480
 20
291.1190
 30
0.0000
  0
VERTEX
  8
CUT
 10
415.6900
 20
290.9020
 30
0.0000
  0
VERTEX
  8
CUT
 10
415.8310
 20
290.6850
 30
0.0000
  0
VERTEX
  8
CUT
 10
415.9710
 20
290.4680
 30
0.0000
  0
VERTEX
  8
CUT
 10
415.5500
 20
289.7560
 30
0.0000
  0
VERTEX
  8
CUT
 10
415.1090
 20
289.0700
 30
0.0000
  0
VERTEX
  8
CUT
 10
414.6490
 20
288.4130
 30
0.0000
  0
VERTEX
  8
CUT
 10
414.1680
 20
287.7850
 30
0.0000
  0
VERTEX
  8
CUT
 10
413.6650
 20
287.1900
 30
0.0000
  0
VERTEX
  8
CUT
 10
413.1390
 20
286.6320
 30
0.0000
  0
VERTEX
  8
CUT
 10
412.5860
 20
286.1180
 30
0.0000
  0
VERTEX
  8
CUT
 10
411.9940
 20
285.6710
 30
0.0000
  0
VERTEX
  8
CUT
 10
411.2550
 20
285.2410
 30
0.0000
  0
VERTEX
  8
CUT
 10
411.4520
 20
284.8980
 30
0.0000
  0
VERTEX
  8
CUT
 10
411.6460
 20
284.5530
 30
0.0000
  0
VERTEX
  8
CUT
 10
411.8370
 20
284.2070
 30
0.0000
  0
VERTEX
  8
CUT
 10
412.0250
 20
283.8590
 30
0.0000
  0
VERTEX
  8
CUT
 10
412.2100
 20
283.5100
 30
0.0000
  0
VERTEX
  8
CUT
 10
412.3920
 20
283.1590
 30
0.0000
  0
VERTEX
  8
CUT
 10
412.5700
 20
282.8060
 30
0.0000
  0
VERTEX
  8
CUT
 10
412.7460
 20
282.4510
 30
0.0000
  0
VERTEX
  8
CUT
 10
413.5140
 20
282.8270
 30
0.0000
  0
VERTEX
  8
CUT
 10
414.2150
 20
283.0710
 30
0.0000
  0
VERTEX
  8
CUT
 10
414.9490
 20
283.2450
 30
0.0000
  0
VERTEX
  8
CUT
 10
415.7050
 20
283.3720
 30
0.0000
  0
VERTEX
  8
CUT
 10
416.4790
 20
283.4600
 30
0.0000
  0
VERTEX
  8
CUT
 10
417.2690
 20
283.5110
 30
0.0000
  0
VERTEX
  8
CUT
 10
418.0710
 20
283.5290
 30
0.0000
  0
VERTEX
  8
CUT
 10
418.8860
 20
283.5140
 30
0.0000
  0
VERTEX
  8
CUT
 10
419.7120
 20
283.4690
 30
0.0000
  0
VERTEX
  8
CUT
 10
419.8150
 20
283.2320
 30
0.0000
  0
VERTEX
  8
CUT
 10
419.9170
 20
282.9940
 30
0.0000
  0
VERTEX
  8
CUT
 10
420.0180
 20
282.7560
 30
0.0000
  0
VERTEX
  8
CUT
 10
420.1180
 20
282.5170
 30
0.0000
  0
VERTEX
  8
CUT
 10
420.2160
 20
282.2780
 30
0.0000
  0
VERTEX
  8
CUT
 10
420.3130
 20
282.0380
 30
0.0000
  0
VERTEX
  8
CUT
 10
420.4090
 20
281.7980
 30
0.0000
  0
VERTEX
  8
CUT
 10
420.5040
 20
281.5570
 30
0.0000
  0
VERTEX
  8
CUT
 10
419.9520
 20
280.9410
 30
0.0000
  0
VERTEX
  8
CUT
 10
419.3860
 20
280.3540
 30
0.0000
  0
VERTEX
  8
CUT
 10
418.8060
 20
279.7990
 30
0.0000
  0
VERTEX
  8
CUT
 10
418.2120
 20
279.2770
 30
0.0000
  0
VERTEX
  8
CUT
 10
417.6030
 20
278.7920
 30
0.0000
  0
VERTEX
  8
CUT
 10
416.9780
 20
278.3470
 30
0.0000
  0
VERTEX
  8
CUT
 10
416.3350
 20
277.9510
 30
0.0000
  0
VERTEX
  8
CUT
 10
415.6680
 20
277.6280
 30
0.0000
  0
VERTEX
  8
CUT
 10
414.8590
 20
277.3500
 30
0.0000
  0
VERTEX
  8
CUT
 10
414.9850
 20
276.9760
 30
0.0000
  0
VERTEX
  8
CUT
 10
415.1080
 20
276.6000
 30
0.0000
  0
VERTEX
  8
CUT
 10
415.2280
 20
276.2230
 30
0.0000
  0
VERTEX
  8
CUT
 10
415.3450
 20
275.8450
 30
0.0000
  0
VERTEX
  8
CUT
 10
415.4580
 20
275.4660
 30
0.0000
  0
VERTEX
  8
CUT
 10
415.5670
 20
275.0860
 30
0.0000
  0
VERTEX
  8
CUT
 10
415.6740
 20
274.7050
 30
0.0000
  0
VERTEX
  8
CUT
 10
415.7770
 20
274.3240
 30
0.0000
  0
VERTEX
  8
CUT
 10
416.6030
 20
274.5420
 30
0.0000
  0
VERTEX
  8
CUT
 10
417.3390
 20
274.6440
 30
0.0000
  0
VERTEX
  8
CUT
 10
418.0930
 20
274.6720
 30
0.0000
  0
VERTEX
  8
CUT
 10
418.8590
 20
274.6500
 30
0.0000
  0
VERTEX
  8
CUT
 10
419.6350
 20
274.5840
 30
0.0000
  0
VERTEX
  8
CUT
 10
420.4190
 20
274.4810
 30
0.0000
  0
VERTEX
  8
CUT
 10
421.2100
 20
274.3410
 30
0.0000
  0
VERTEX
  8
CUT
 10
422.0070
 20
274.1680
 30
0.0000
  0
VERTEX
  8
CUT
 10
422.8080
 20
273.9630
 30
0.0000
  0
VERTEX
  8
CUT
 10
422.8630
 20
273.7100
 30
0.0000
  0
VERTEX
  8
CUT
 10
422.9170
 20
273.4570
 30
0.0000
  0
VERTEX
  8
CUT
 10
422.9690
 20
273.2030
 30
0.0000
  0
VERTEX
  8
CUT
 10
423.0200
 20
272.9500
 30
0.0000
  0
VERTEX
  8
CUT
 10
423.0700
 20
272.6960
 30
0.0000
  0
VERTEX
  8
CUT
 10
423.1180
 20
272.4420
 30
0.0000
  0
VERTEX
  8
CUT
 10
423.1660
 20
272.1870
 30
0.0000
  0
VERTEX
  8
CUT
 10
423.2120
 20
271.9330
 30
0.0000
  0
VERTEX
  8
CUT
 10
422.5500
 20
271.4360
 30
0.0000
  0
VERTEX
  8
CUT
 10
421.8810
 20
270.9710
 30
0.0000
  0
VERTEX
  8
CUT
 10
421.2030
 20
270.5400
 30
0.0000
  0
VERTEX
  8
CUT
 10
420.5190
 20
270.1440
 30
0.0000
  0
VERTEX
  8
CUT
 10
419.8270
 20
269.7870
 30
0.0000
  0
VERTEX
  8
CUT
 10
419.1270
 20
269.4720
 30
0.0000
  0
VERTEX
  8
CUT
 10
418.4200
 20
269.2100
 30
0.0000
  0
VERTEX
  8
CUT
 10
417.7010
 20
269.0220
 30
0.0000
  0
VERTEX
  8
CUT
 10
416.8540
 20
268.9080
 30
0.0000
  0
VERTEX
  8
CUT
 10
416.9050
 20
268.5160
 30
0.0000
  0
VERTEX
  8
CUT
 10
416.9520
 20
268.1240
 30
0.0000
  0
VERTEX
  8
CUT
 10
416.9960
 20
267.7310
 30
0.0000
  0
VERTEX
  8
CUT
 10
417.0370
 20
267.3370
 30
0.0000
  0
VERTEX
  8
CUT
 10
417.0740
 20
266.9440
 30
0.0000
  0
VERTEX
  8
CUT
 10
417.1070
 20
266.5500
 30
0.0000
  0
VERTEX
  8
CUT
 10
417.1370
 20
266.1550
 30
0.0000
  0
SEQEND
  8
CUT
  0
CIRCLE
  8
CUT
 10
373.0000
 20
263.0000
 30
0.0000
 40
5.2500
  0
POLYLINE
  8
CUT
 66
1
 10
0.0000
 20
0.0000
 30
0.0000
 70
1
  0
VERTEX
  8
CUT
 10
393.0000
 20
257.7500
 30
0.0000
  0
VERTEX
  8
CUT
 10
407.0000
 20
257.7500
 30
0.0000
  0
VERTEX
  8
CUT
 10
407.9117
 20
257.8298
 30
0.0000
  0
VERTEX
  8
CUT
 10
408.7956
 20
258.0666
 30
0.0000
  0
VERTEX
  8
CUT
 10
409.6250
 20
258.4534
 30
0.0000
  0
VERTEX
  8
CUT
 10
410.3746
 20
258.9783
 30
0.0000
  0
VERTEX
  8
CUT
 10
411.0217
 20
259.6254
 30
0.0000
  0
VERTEX
  8
CUT
 10
411.5466
 20
260.3750
 30
0.0000
  0
VERTEX
  8
CUT
 10
411.9334
 20
261.2044
 30
0.0000
  0
VERTEX
  8
CUT
 10
412.1702
 20
262.0883
 30
0.0000
  0
VERTEX
  8
CUT
 10
412.2500
 20
263.0000
 30
0.0000
  0
VERTEX
  8
CUT
 10
412.1702
 20
263.9117
 30
0.0000
  0
VERTEX
  8
CUT
 10
411.9334
 20
264.7956
 30
0.0000
  0
VERTEX
  8
CUT
 10
411.5466
 20
265.6250
 30
0.0000
  0
VERTEX
  8
CUT
 10
411.0217
 20
266.3746
 30
0.0000
  0
VERTEX
  8
CUT
 10
410.3746
 20
267.0217
 30
0.0000
  0
VERTEX
  8
CUT
 10
409.6250
 20
267.5466
 30
0.0000
  0
VERTEX
  8
CUT
 10
408.7956
 20
267.9334
 30
0.0000
  0
VERTEX
  8
CUT
 10
407.9117
 20
268.1702
 30
0.0000
  0
VERTEX
  8
CUT
 10
407.0000
 20
268.2500
 30
0.0000
  0
VERTEX
  8
CUT
 10
393.0000
 20
268.2500
 30
0.0000
  0
VERTEX
  8
CUT
 10
392.0883
 20
268.1702
 30
0.0000
  0
VERTEX
  8
CUT
 10
391.2044
 20
267.9334
 30
0.0000
  0
VERTEX
  8
CUT
 10
390.3750
 20
267.5466
 30
0.0000
  0
VERTEX
  8
CUT
 10
389.6254
 20
267.0217
 30
0.0000
  0
VERTEX
  8
CUT
 10
388.9783
 20
266.3746
 30
0.0000
  0
VERTEX
  8
CUT
 10
388.4534
 20
265.6250
 30
0.0000
  0
VERTEX
  8
CUT
 10
388.0666
 20
264.7956
 30
0.0000
  0
VERTEX
  8
CUT
 10
387.8298
 20
263.9117
 30
0.0000
  0
VERTEX
  8
CUT
 10
387.7500
 20
263.0000
 30
0.0000
  0
VERTEX
  8
CUT
 10
387.8298
 20
262.0883
 30
0.0000
  0
VERTEX
  8
CUT
 10
388.0666
 20
261.2044
 30
0.0000
  0
VERTEX
  8
CUT
 10
388.4534
 20
260.3750
 30
0.0000
  0
VERTEX
  8
CUT
 10
388.9783
 20
259.6254
 30
0.0000
  0
VERTEX
  8
CUT
 10
389.6254
 20
258.9783
 30
0.0000
  0
VERTEX
  8
CUT
 10
390.3750
 20
258.4534
 30
0.0000
  0
VERTEX
  8
CUT
 10
391.2044
 20
258.0666
 30
0.0000
  0
VERTEX
  8
CUT
 10
392.0883
 20
257.8298
 30
0.0000
  0
SEQEND
  8
CUT
  0
POLYLINE
  8
CUT
 66
1
 10
0.0000
 20
0.0000
 30
0.0000
 70
1
  0
VERTEX
  8
CUT
 10
353.0000
 20
268.2500
 30
0.0000
  0
VERTEX
  8
CUT
 10
339.0000
 20
268.2500
 30
0.0000
  0
VERTEX
  8
CUT
 10
338.0883
 20
268.1702
 30
0.0000
  0
VERTEX
  8
CUT
 10
337.2044
 20
267.9334
 30
0.0000
  0
VERTEX
  8
CUT
 10
336.3750
 20
267.5466
 30
0.0000
  0
VERTEX
  8
CUT
 10
335.6254
 20
267.0217
 30
0.0000
  0
VERTEX
  8
CUT
 10
334.9783
 20
266.3746
 30
0.0000
  0
VERTEX
  8
CUT
 10
334.4534
 20
265.6250
 30
0.0000
  0
VERTEX
  8
CUT
 10
334.0666
 20
264.7956
 30
0.0000
  0
VERTEX
  8
CUT
 10
333.8298
 20
263.9117
 30
0.0000
  0
VERTEX
  8
CUT
 10
333.7500
 20
263.0000
 30
0.0000
  0
VERTEX
  8
CUT
 10
333.8298
 20
262.0883
 30
0.0000
  0
VERTEX
  8
CUT
 10
334.0666
 20
261.2044
 30
0.0000
  0
VERTEX
  8
CUT
 10
334.4534
 20
260.3750
 30
0.0000
  0
VERTEX
  8
CUT
 10
334.9783
 20
259.6254
 30
0.0000
  0
VERTEX
  8
CUT
 10
335.6254
 20
258.9783
 30
0.0000
  0
VERTEX
  8
CUT
 10
336.3750
 20
258.4534
 30
0.0000
  0
VERTEX
  8
CUT
 10
337.2044
 20
258.0666
 30
0.0000
  0
VERTEX
  8
CUT
 10
338.0883
 20
257.8298
 30
0.0000
  0
VERTEX
  8
CUT
 10
339.0000
 20
257.7500
 30
0.0000
  0
VERTEX
  8
CUT
 10
353.0000
 20
257.7500
 30
0.0000
  0
VERTEX
  8
CUT
 10
353.9117
 20
257.8298
 30
0.0000
  0
VERTEX
  8
CUT
 10
354.7956
 20
258.0666
 30
0.0000
  0
VERTEX
  8
CUT
 10
355.6250
 20
258.4534
 30
0.0000
  0
VERTEX
  8
CUT
 10
356.3746
 20
258.9783
 30
0.0000
  0
VERTEX
  8
CUT
 10
357.0217
 20
259.6254
 30
0.0000
  0
VERTEX
  8
CUT
 10
357.5466
 20
260.3750
 30
0.0000
  0
VERTEX
  8
CUT
 10
357.9334
 20
261.2044
 30
0.0000
  0
VERTEX
  8
CUT
 10
358.1702
 20
262.0883
 30
0.0000
  0
VERTEX
  8
CUT
 10
358.2500
 20
263.0000
 30
0.0000
  0
VERTEX
  8
CUT
 10
358.1702
 20
263.9117
 30
0.0000
  0
VERTEX
  8
CUT
 10
357.9334
 20
264.7956
 30
0.0000
  0
VERTEX
  8
CUT
 10
357.5466
 20
265.6250
 30
0.0000
  0
VERTEX
  8
CUT
 10
357.0217
 20
266.3746
 30
0.0000
  0
VERTEX
  8
CUT
 10
356.3746
 20
267.0217
 30
0.0000
  0
VERTEX
  8
CUT
 10
355.6250
 20
267.5466
 30
0.0000
  0
VERTEX
  8
CUT
 10
354.7956
 20
267.9334
 30
0.0000
  0
VERTEX
  8
CUT
 10
353.9117
 20
268.1702
 30
0.0000
  0
SEQEND
  8
CUT
  0
TEXT
  8
LABELS
 10
373.0000
 20
247.0000
 30
0.0000
 40
6
  1
links z32
 72
1
 11
373.0000
 21
247.0000
 31
0.0000
  0
POLYLINE
  8
CUT
 66
1
 10
0.0000
 20
0.0000
 30
0.0000
 70
1
  0
VERTEX
  8
CUT
 10
414.1610
 20
158.7040
 30
0.0000
  0
VERTEX
  8
CUT
 10
415.1950
 20
158.7720
 30
0.0000
  0
VERTEX
  8
CUT
 10
415.9140
 20
158.7310
 30
0.0000
  0
VERTEX
  8
CUT
 10
416.6360
 20
158.6140
 30
0.0000
  0
VERTEX
  8
CUT
 10
417.3610
 20
158.4460
 30
0.0000
  0
VERTEX
  8
CUT
 10
418.0880
 20
158.2350
 30
0.0000
  0
VERTEX
  8
CUT
 10
418.8140
 20
157.9850
 30
0.0000
  0
VERTEX
  8
CUT
 10
419.5410
 20
157.6990
 30
0.0000
  0
VERTEX
  8
CUT
 10
420.2660
 20
157.3780
 30
0.0000
  0
VERTEX
  8
CUT
 10
420.9890
 20
157.0260
 30
0.0000
  0
VERTEX
  8
CUT
 10
420.9940
 20
156.7700
 30
0.0000
  0
VERTEX
  8
CUT
 10
420.9970
 20
156.5130
 30
0.0000
  0
VERTEX
  8
CUT
 10
420.9990
 20
156.2570
 30
0.0000
  0
VERTEX
  8
CUT
 10
421.0000
 20
156.0000
 30
0.0000
  0
VERTEX
  8
CUT
 10
420.9990
 20
155.7430
 30
0.0000
  0
VERTEX
  8
CUT
 10
420.9970
 20
155.4870
 30
0.0000
  0
VERTEX
  8
CUT
 10
420.9940
 20
155.2300
 30
0.0000
  0
VERTEX
  8
CUT
 10
420.9890
 20
154.9740
 30
0.0000
  0
VERTEX
  8
CUT
 10
420.2660
 20
154.6220
 30
0.0000
  0
VERTEX
  8
CUT
 10
419.5410
 20
154.3010
 30
0.0000
  0
VERTEX
  8
CUT
 10
418.8140
 20
154.0150
 30
0.0000
  0
VERTEX
  8
CUT
 10
418.0880
 20
153.7650
 30
0.0000
  0
VERTEX
  8
CUT
 10
417.3610
 20
153.5540
 30
0.0000
  0
VERTEX
  8
CUT
 10
416.6360
 20
153.3860
 30
0.0000
  0
VERTEX
  8
CUT
 10
415.9140
 20
153.2690
 30
0.0000
  0
VERTEX
  8
CUT
 10
415.1950
 20
153.2280
 30
0.0000
  0
VERTEX
  8
CUT
 10
414.1610
 20
153.2960
 30
0.0000
  0
VERTEX
  8
CUT
 10
414.1330
 20
152.8940
 30
0.0000
  0
VERTEX
  8
CUT
 10
414.1010
 20
152.4910
 30
0.0000
  0
VERTEX
  8
CUT
 10
414.0640
 20
152.0900
 30
0.0000
  0
VERTEX
  8
CUT
 10
414.0240
 20
151.6880
 30
0.0000
  0
VERTEX
  8
CUT
 10
413.9800
 20
151.2870
 30
0.0000
  0
VERTEX
  8
CUT
 10
413.9320
 20
150.8870
 30
0.0000
  0
VERTEX
  8
CUT
 10
413.8800
 20
150.4870
 30
0.0000
  0
VERTEX
  8
CUT
 10
413.8240
 20
150.0870
 30
0.0000
  0
VERTEX
  8
CUT
 10
414.8490
 20
149.9380
 30
0.0000
  0
VERTEX
  8
CUT
 10
415.5440
 20
149.7490
 30
0.0000
  0
VERTEX
  8
CUT
 10
416.2260
 20
149.4840
 30
0.0000
  0
VERTEX
  8
CUT
 10
416.9010
 20
149.1690
 30
0.0000
  0
VERTEX
  8
CUT
 10
417.5670
 20
148.8120
 30
0.0000
  0
VERTEX
  8
CUT
 10
418.2260
 20
148.4160
 30
0.0000
  0
VERTEX
  8
CUT
 10
418.8770
 20
147.9850
 30
0.0000
  0
VERTEX
  8
CUT
 10
419.5190
 20
147.5210
 30
0.0000
  0
VERTEX
  8
CUT
 10
420.1540
 20
147.0260
 30
0.0000
  0
VERTEX
  8
CUT
 10
420.1050
 20
146.7740
 30
0.0000
  0
VERTEX
  8
CUT
 10
420.0550
 20
146.5230
 30
0.0000
  0
VERTEX
  8
CUT
 10
420.0040
 20
146.2710
 30
0.0000
  0
VERTEX
  8
CUT
 10
419.9510
 20
146.0200
 30
0.0000
  0
VERTEX
  8
CUT
 10
419.8970
 20
145.7690
 30
0.0000
  0
VERTEX
  8
CUT
 10
419.8420
 20
145.5190
 30
0.0000
  0
VERTEX
  8
CUT
 10
419.7850
 20
145.2690
 30
0.0000
  0
VERTEX
  8
CUT
 10
419.7270
 20
145.0190
 30
0.0000
  0
VERTEX
  8
CUT
 10
418.9460
 20
144.8250
 30
0.0000
  0
VERTEX
  8
CUT
 10
418.1700
 20
144.6620
 30
0.0000
  0
VERTEX
  8
CUT
 10
417.4010
 20
144.5330
 30
0.0000
  0
VERTEX
  8
CUT
 10
416.6380
 20
144.4400
 30
0.0000
  0
VERTEX
  8
CUT
 10
415.8840
 20
144.3840
 30
0.0000
  0
VERTEX
  8
CUT
 10
415.1390
 20
144.3710
 30
0.0000
  0
VERTEX
  8
CUT
 10
414.4080
 20
144.4070
 30
0.0000
  0
VERTEX
  8
CUT
 10
413.6970
 20
144.5160
 30
0.0000
  0
VERTEX
  8
CUT
 10
412.7000
 20
144.7970
 30
0.0000
  0
VERTEX
  8
CUT
 10
412.5880
 20
144.4090
 30
0.0000
  0
VERTEX
  8
CUT
 10
412.4730
 20
144.0230
 30
0.0000
  0
VERTEX
  8
CUT
 10
412.3540
 20
143.6370
 30
0.0000
  0
VERTEX
  8
CUT
 10
412.2310
 20
143.2530
 30
0.0000
  0
VERTEX
  8
CUT
 10
412.1050
 20
142.8700
 30
0.0000
  0
VERTEX
  8
CUT
 10
411.9740
 20
142.4880
 30
0.0000
  0
VERTEX
  8
CUT
 10
411.8400
 20
142.1080
 30
0.0000
  0
VERTEX
  8
CUT
 10
411.7030
 20
141.7280
 30
0.0000
  0
VERTEX
  8
CUT
 10
412.6750
 20
141.3700
 30
0.0000
  0
VERTEX
  8
CUT
 10
413.3140
 20
141.0400
 30
0.0000
  0
VERTEX
  8
CUT
 10
413.9270
 20
140.6390
 30
0.0000
  0
VERTEX
  8
CUT
 10
414.5210
 20
140.1910
 30
0.0000
  0
VERTEX
  8
CUT
 10
415.0990
 20
139.7030
 30
0.0000
  0
VERTEX
  8
CUT
 10
415.6610
 20
139.1790
 30
0.0000
  0
VERTEX
  8
CUT
 10
416.2080
 20
138.6220
 30
0.0000
  0
VERTEX
  8
CUT
 10
416.7400
 20
138.0350
 30
0.0000
  0
VERTEX
  8
CUT
 10
417.2570
 20
137.4180
 30
0.0000
  0
VERTEX
  8
CUT
 10
417.1580
 20
137.1820
 30
0.0000
  0
VERTEX
  8
CUT
 10
417.0560
 20
136.9460
 30
0.0000
  0
VERTEX
  8
CUT
 10
416.9540
 20
136.7110
 30
0.0000
  0
VERTEX
  8
CUT
 10
416.8500
 20
136.4770
 30
0.0000
  0
VERTEX
  8
CUT
 10
416.7450
 20
136.2430
 30
0.0000
  0
VERTEX
  8
CUT
 10
416.6390
 20
136.0090
 30
0.0000
  0
VERTEX
  8
CUT
 10
416.5320
 20
135.7760
 30
0.0000
  0
VERTEX
  8
CUT
 10
416.4230
 20
135.5440
 30
0.0000
  0
VERTEX
  8
CUT
 10
415.6190
 20
135.5160
 30
0.0000
  0
VERTEX
  8
CUT
 10
414.8260
 20
135.5190
 30
0.0000
  0
VERTEX
  8
CUT
 10
414.0460
 20
135.5530
 30
0.0000
  0
VERTEX
  8
CUT
 10
413.2810
 20
135.6200
 30
0.0000
  0
VERTEX
  8
CUT
 10
412.5310
 20
135.7220
 30
0.0000
  0
VERTEX
  8
CUT
 10
411.8010
 20
135.8640
 30
0.0000
  0
VERTEX
  8
CUT
 10
411.0930
 20
136.0510
 30
0.0000
  0
VERTEX
  8
CUT
 10
410.4200
 20
136.3050
 30
0.0000
  0
VERTEX
  8
CUT
 10
409.5030
 20
136.7880
 30
0.0000
  0
VERTEX
  8
CUT
 10
409.3130
 20
136.4320
 30
0.0000
  0
VERTEX
  8
CUT
 10
409.1200
 20
136.0780
 30
0.0000
  0
VERTEX
  8
CUT
 10
408.9240
 20
135.7250
 30
0.0000
  0
VERTEX
  8
CUT
 10
408.7240
 20
135.3750
 30
0.0000
  0
VERTEX
  8
CUT
 10
408.5200
 20
135.0270
 30
0.0000
  0
VERTEX
  8
CUT
 10
408.3130
 20
134.6800
 30
0.0000
  0
VERTEX
  8
CUT
 10
408.1030
 20
134.3360
 30
0.0000
  0
VERTEX
  8
CUT
 10
407.8900
 20
133.9940
 30
0.0000
  0
VERTEX
  8
CUT
 10
408.7660
 20
133.4410
 30
0.0000
  0
VERTEX
  8
CUT
 10
409.3230
 20
132.9850
 30
0.0000
  0
VERTEX
  8
CUT
 10
409.8390
 20
132.4660
 30
0.0000
  0
VERTEX
  8
CUT
 10
410.3270
 20
131.9040
 30
0.0000
  0
VERTEX
  8
CUT
 10
410.7900
 20
131.3060
 30
0.0000
  0
VERTEX
  8
CUT
 10
411.2310
 20
130.6770
 30
0.0000
  0
VERTEX
  8
CUT
 10
411.6500
 20
130.0180
 30
0.0000
  0
VERTEX
  8
CUT
 10
412.0490
 20
129.3330
 30
0.0000
  0
VERTEX
  8
CUT
 10
412.4270
 20
128.6230
 30
0.0000
  0
VERTEX
  8
CUT
 10
412.2800
 20
128.4130
 30
0.0000
  0
VERTEX
  8
CUT
 10
412.1320
 20
128.2030
 30
0.0000
  0
VERTEX
  8
CUT
 10
411.9830
 20
127.9940
 30
0.0000
  0
VERTEX
  8
CUT
 10
411.8330
 20
127.7860
 30
0.0000
  0
VERTEX
  8
CUT
 10
411.6810
 20
127.5790
 30
0.0000
  0
VERTEX
  8
CUT
 10
411.5290
 20
127.3730
 30
0.0000
  0
VERTEX
  8
CUT
 10
411.3750
 20
127.1670
 30
0.0000
  0
VERTEX
  8
CUT
 10
411.2210
 20
126.9630
 30
0.0000
  0
VERTEX
  8
CUT
 10
410.4280
 20
127.1030
 30
0.0000
  0
VERTEX
  8
CUT
 10
409.6540
 20
127.2700
 30
0.0000
  0
VERTEX
  8
CUT
 10
408.8980
 20
127.4650
 30
0.0000
  0
VERTEX
  8
CUT
 10
408.1630
 20
127.6900
 30
0.0000
  0
VERTEX
  8
CUT
 10
407.4520
 20
127.9460
 30
0.0000
  0
VERTEX
  8
CUT
 10
406.7660
 20
128.2360
 30
0.0000
  0
VERTEX
  8
CUT
 10
406.1130
 20
128.5670
 30
0.0000
  0
VERTEX
  8
CUT
 10
405.5070
 20
128.9560
 30
0.0000
  0
VERTEX
  8
CUT
 10
404.7110
 20
129.6180
 30
0.0000
  0
VERTEX
  8
CUT
 10
404.4510
 20
129.3100
 30
0.0000
  0
VERTEX
  8
CUT
 10
404.1890
 20
129.0030
 30
0.0000
  0
VERTEX
  8
CUT
 10
403.9230
 20
128.6990
 30
0.0000
  0
VERTEX
  8
CUT
 10
403.6550
 20
128.3980
 30
0.0000
  0
VERTEX
  8
CUT
 10
403.3830
 20
128.1000
 30
0.0000
  0
VERTEX
  8
CUT
 10
403.1090
 20
127.8040
 30
0.0000
  0
VERTEX
  8
CUT
 10
402.8320
 20
127.5110
 30
0.0000
  0
VERTEX
  8
CUT
 10
402.5520
 20
127.2210
 30
0.0000
  0
VERTEX
  8
CUT
 10
403.2940
 20
126.4980
 30
0.0000
  0
VERTEX
  8
CUT
 10
403.7440
 20
125.9360
 30
0.0000
  0
VERTEX
  8
CUT
 10
404.1410
 20
125.3210
 30
0.0000
  0
VERTEX
  8
CUT
 10
404.5010
 20
124.6700
 30
0.0000
  0
VERTEX
  8
CUT
 10
404.8300
 20
123.9890
 30
0.0000
  0
VERTEX
  8
CUT
 10
405.1310
 20
123.2810
 30
0.0000
  0
VERTEX
  8
CUT
 10
405.4040
 20
122.5500
 30
0.0000
  0
VERTEX
  8
CUT
 10
405.6510
 20
121.7970
 30
0.0000
  0
VERTEX
  8
CUT
 10
405.8730
 20
121.0240
 30
0.0000
  0
VERTEX
  8
CUT
 10
405.6860
 20
120.8490
 30
0.0000
  0
VERTEX
  8
CUT
 10
405.4980
 20
120.6740
 30
0.0000
  0
VERTEX
  8
CUT
 10
405.3080
 20
120.5010
 30
0.0000
  0
VERTEX
  8
CUT
 10
405.1180
 20
120.3290
 30
0.0000
  0
VERTEX
  8
CUT
 10
404.9270
 20
120.1580
 30
0.0000
  0
VERTEX
  8
CUT
 10
404.7350
 20
119.9880
 30
0.0000
  0
VERTEX
  8
CUT
 10
404.5420
 20
119.8190
 30
0.0000
  0
VERTEX
  8
CUT
 10
404.3480
 20
119.6510
 30
0.0000
  0
VERTEX
  8
CUT
 10
403.6020
 20
119.9520
 30
0.0000
  0
VERTEX
  8
CUT
 10
402.8790
 20
120.2770
 30
0.0000
  0
VERTEX
  8
CUT
 10
402.1810
 20
120.6250
 30
0.0000
  0
VERTEX
  8
CUT
 10
401.5090
 20
120.9980
 30
0.0000
  0
VERTEX
  8
CUT
 10
400.8660
 20
121.3960
 30
0.0000
  0
VERTEX
  8
CUT
 10
400.2560
 20
121.8230
 30
0.0000
  0
VERTEX
  8
CUT
 10
399.6860
 20
122.2820
 30
0.0000
  0
VERTEX
  8
CUT
 10
399.1740
 20
122.7880
 30
0.0000
  0
VERTEX
  8
CUT
 10
398.5330
 20
123.6020
 30
0.0000
  0
VERTEX
  8
CUT
 10
398.2150
 20
123.3540
 30
0.0000
  0
VERTEX
  8
CUT
 10
397.8940
 20
123.1090
 30
0.0000
  0
VERTEX
  8
CUT
 10
397.5710
 20
122.8670
 30
0.0000
  0
VERTEX
  8
CUT
 10
397.2460
 20
122.6280
 30
0.0000
  0
VERTEX
  8
CUT
 10
396.9190
 20
122.3930
 30
0.0000
  0
VERTEX
  8
CUT
 10
396.5890
 20
122.1600
 30
0.0000
  0
VERTEX
  8
CUT
 10
396.2570
 20
121.9310
 30
0.0000
  0
VERTEX
  8
CUT
 10
395.9220
 20
121.7050
 30
0.0000
  0
VERTEX
  8
CUT
 10
396.4980
 20
120.8440
 30
0.0000
  0
VERTEX
  8
CUT
 10
396.8220
 20
120.2010
 30
0.0000
  0
VERTEX
  8
CUT
 10
397.0820
 20
119.5170
 30
0.0000
  0
VERTEX
  8
CUT
 10
397.2990
 20
118.8050
 30
0.0000
  0
VERTEX
  8
CUT
 10
397.4790
 20
118.0700
 30
0.0000
  0
VERTEX
  8
CUT
 10
397.6260
 20
117.3160
 30
0.0000
  0
VERTEX
  8
CUT
 10
397.7410
 20
116.5440
 30
0.0000
  0
VERTEX
  8
CUT
 10
397.8270
 20
115.7560
 30
0.0000
  0
VERTEX
  8
CUT
 10
397.8830
 20
114.9530
 30
0.0000
  0
VERTEX
  8
CUT
 10
397.6630
 20
114.8210
 30
0.0000
  0
VERTEX
  8
CUT
 10
397.4430
 20
114.6900
 30
0.0000
  0
VERTEX
  8
CUT
 10
397.2220
 20
114.5600
 30
0.0000
  0
VERTEX
  8
CUT
 10
397.0000
 20
114.4310
 30
0.0000
  0
VERTEX
  8
CUT
 10
396.7780
 20
114.3030
 30
0.0000
  0
VERTEX
  8
CUT
 10
396.5540
 20
114.1770
 30
0.0000
  0
VERTEX
  8
CUT
 10
396.3300
 20
114.0510
 30
0.0000
  0
VERTEX
  8
CUT
 10
396.1060
 20
113.9270
 30
0.0000
  0
VERTEX
  8
CUT
 10
395.4390
 20
114.3770
 30
0.0000
  0
VERTEX
  8
CUT
 10
394.7990
 20
114.8450
 30
0.0000
  0
VERTEX
  8
CUT
 10
394.1880
 20
115.3310
 30
0.0000
  0
VERTEX
  8
CUT
 10
393.6090
 20
115.8360
 30
0.0000
  0
VERTEX
  8
CUT
 10
393.0620
 20
116.3590
 30
0.0000
  0
VERTEX
  8
CUT
 10
392.5540
 20
116.9030
 30
0.0000
  0
VERTEX
  8
CUT
 10
392.0920
 20
117.4700
 30
0.0000
  0
VERTEX
  8
CUT
 10
391.6970
 20
118.0720
 30
0.0000
  0
VERTEX
  8
CUT
 10
391.2390
 20
119.0010
 30
0.0000
  0
VERTEX
  8
CUT
 10
390.8760
 20
118.8250
 30
0.0000
  0
VERTEX
  8
CUT
 10
390.5120
 20
118.6520
 30
0.0000
  0
VERTEX
  8
CUT
 10
390.1460
 20
118.4820
 30
0.0000
  0
VERTEX
  8
CUT
 10
389.7780
 20
118.3160
 30
0.0000
  0
VERTEX
  8
CUT
 10
389.4090
 20
118.1540
 30
0.0000
  0
VERTEX
  8
CUT
 10
389.0380
 20
117.9950
 30
0.0000
  0
VERTEX
  8
CUT
 10
388.6650
 20
117.8400
 30
0.0000
  0
VERTEX
  8
CUT
 10
388.2910
 20
117.6890
 30
0.0000
  0
VERTEX
  8
CUT
 10
388.6750
 20
116.7270
 30
0.0000
  0
VERTEX
  8
CUT
 10
388.8580
 20
116.0310
 30
0.0000
  0
VERTEX
  8
CUT
 10
388.9700
 20
115.3070
 30
0.0000
  0
VERTEX
  8
CUT
 10
389.0350
 20
114.5660
 30
0.0000
  0
VERTEX
  8
CUT
 10
389.0580
 20
113.8100
 30
0.0000
  0
VERTEX
  8
CUT
 10
389.0450
 20
113.0410
 30
0.0000
  0
VERTEX
  8
CUT
 10
388.9970
 20
112.2620
 30
0.0000
  0
VERTEX
  8
CUT
 10
388.9170
 20
111.4740
 30
0.0000
  0
VERTEX
  8
CUT
 10
388.8050
 20
110.6770
 30
0.0000
  0
VERTEX
  8
CUT
 10
388.5630
 20
110.5930
 30
0.0000
  0
VERTEX
  8
CUT
 10
388.3200
 20
110.5100
 30
0.0000
  0
VERTEX
  8
CUT
 10
388.0770
 20
110.4290
 30
0.0000
  0
VERTEX
  8
CUT
 10
387.8330
 20
110.3490
 30
0.0000
  0
VERTEX
  8
CUT
 10
387.5890
 20
110.2710
 30
0.0000
  0
VERTEX
  8
CUT
 10
387.3440
 20
110.1930
 30
0.0000
  0
VERTEX
  8
CUT
 10
387.0990
 20
110.1170
 30
0.0000
  0
VERTEX
  8
CUT
 10
386.8540
 20
110.0430
 30
0.0000
  0
VERTEX
  8
CUT
 10
386.2950
 20
110.6220
 30
0.0000
  0
VERTEX
  8
CUT
 10
385.7660
 20
111.2120
 30
0.0000
  0
VERTEX
  8
CUT
 10
385.2700
 20
111.8150
 30
0.0000
  0
VERTEX
  8
CUT
 10
384.8080
 20
112.4280
 30
0.0000
  0
VERTEX
  8
CUT
 10
384.3820
 20
113.0540
 30
0.0000
  0
VERTEX
  8
CUT
 10
383.9980
 20
113.6920
 30
0.0000
  0
VERTEX
  8
CUT
 10
383.6640
 20
114.3430
 30
0.0000
  0
VERTEX
  8
CUT
 10
383.4030
 20
115.0130
 30
0.0000
  0
VERTEX
  8
CUT
 10
383.1480
 20
116.0180
 30
0.0000
  0
VERTEX
  8
CUT
 10
382.7560
 20
115.9200
 30
0.0000
  0
VERTEX
  8
CUT
 10
382.3640
 20
115.8270
 30
0.0000
  0
VERTEX
  8
CUT
 10
381.9710
 20
115.7370
 30
0.0000
  0
VERTEX
  8
CUT
 10
381.5760
 20
115.6510
 30
0.0000
  0
VERTEX
  8
CUT
 10
381.1810
 20
115.5690
 30
0.0000
  0
VERTEX
  8
CUT
 10
380.7860
 20
115.4910
 30
0.0000
  0
VERTEX
  8
CUT
 10
380.3890
 20
115.4170
 30
0.0000
  0
VERTEX
  8
CUT
 10
379.9920
 20
115.3470
 30
0.0000
  0
VERTEX
  8
CUT
 10
380.1670
 20
114.3260
 30
0.0000
  0
VERTEX
  8
CUT
 10
380.2010
 20
113.6070
 30
0.0000
  0
VERTEX
  8
CUT
 10
380.1610
 20
112.8760
 30
0.0000
  0
VERTEX
  8
CUT
 10
380.0700
 20
112.1370
 30
0.0000
  0
VERTEX
  8
CUT
 10
379.9350
 20
111.3930
 30
0.0000
  0
VERTEX
  8
CUT
 10
379.7630
 20
110.6440
 30
0.0000
  0
VERTEX
  8
CUT
 10
379.5540
 20
109.8920
 30
0.0000
  0
VERTEX
  8
CUT
 10
379.3120
 20
109.1370
 30
0.0000
  0
VERTEX
  8
CUT
 10
379.0370
 20
108.3810
 30
0.0000
  0
VERTEX
  8
CUT
 10
378.7820
 20
108.3500
 30
0.0000
  0
VERTEX
  8
CUT
 10
378.5270
 20
108.3190
 30
0.0000
  0
VERTEX
  8
CUT
 10
378.2720
 20
108.2900
 30
0.0000
  0
VERTEX
  8
CUT
 10
378.0170
 20
108.2630
 30
0.0000
  0
VERTEX
  8
CUT
 10
377.7620
 20
108.2370
 30
0.0000
  0
VERTEX
  8
CUT
 10
377.5070
 20
108.2120
 30
0.0000
  0
VERTEX
  8
CUT
 10
377.2510
 20
108.1890
 30
0.0000
  0
VERTEX
  8
CUT
 10
376.9960
 20
108.1670
 30
0.0000
  0
VERTEX
  8
CUT
 10
376.5700
 20
108.8490
 30
0.0000
  0
VERTEX
  8
CUT
 10
376.1760
 20
109.5370
 30
0.0000
  0
VERTEX
  8
CUT
 10
375.8150
 20
110.2290
 30
0.0000
  0
VERTEX
  8
CUT
 10
375.4910
 20
110.9260
 30
0.0000
  0
VERTEX
  8
CUT
 10
375.2040
 20
111.6260
 30
0.0000
  0
VERTEX
  8
CUT
 10
374.9620
 20
112.3290
 30
0.0000
  0
VERTEX
  8
CUT
 10
374.7700
 20
113.0360
 30
0.0000
  0
VERTEX
  8
CUT
 10
374.6540
 20
113.7460
 30
0.0000
  0
VERTEX
  8
CUT
 10
374.6130
 20
114.7820
 30
0.0000
  0
VERTEX
  8
CUT
 10
374.2100
 20
114.7680
 30
0.0000
  0
VERTEX
  8
CUT
 10
373.8070
 20
114.7580
 30
0.0000
  0
VERTEX
  8
CUT
 10
373.4030
 20
114.7520
 30
0.0000
  0
VERTEX
  8
CUT
 10
373.0000
 20
114.7500
 30
0.0000
  0
VERTEX
  8
CUT
 10
372.5970
 20
114.7520
 30
0.0000
  0
VERTEX
  8
CUT
 10
372.1930
 20
114.7580
 30
0.0000
  0
VERTEX
  8
CUT
 10
371.7900
 20
114.7680
 30
0.0000
  0
VERTEX
  8
CUT
 10
371.3870
 20
114.7820
 30
0.0000
  0
VERTEX
  8
CUT
 10
371.3460
 20
113.7460
 30
0.0000
  0
VERTEX
  8
CUT
 10
371.2300
 20
113.0360
 30
0.0000
  0
VERTEX
  8
CUT
 10
371.0380
 20
112.3290
 30
0.0000
  0
VERTEX
  8
CUT
 10
370.7960
 20
111.6260
 30
0.0000
  0
VERTEX
  8
CUT
 10
370.5090
 20
110.9260
 30
0.0000
  0
VERTEX
  8
CUT
 10
370.1850
 20
110.2290
 30
0.0000
  0
VERTEX
  8
CUT
 10
369.8240
 20
109.5370
 30
0.0000
  0
VERTEX
  8
CUT
 10
369.4300
 20
108.8490
 30
0.0000
  0
VERTEX
  8
CUT
 10
369.0040
 20
108.1670
 30
0.0000
  0
VERTEX
  8
CUT
 10
368.7490
 20
108.1890
 30
0.0000
  0
VERTEX
  8
CUT
 10
368.4930
 20
108.2120
 30
0.0000
  0
VERTEX
  8
CUT
 10
368.2380
 20
108.2370
 30
0.0000
  0
VERTEX
  8
CUT
 10
367.9830
 20
108.2630
 30
0.0000
  0
VERTEX
  8
CUT
 10
367.7280
 20
108.2900
 30
0.0000
  0
VERTEX
  8
CUT
 10
367.4730
 20
108.3190
 30
0.0000
  0
VERTEX
  8
CUT
 10
367.2180
 20
108.3500
 30
0.0000
  0
VERTEX
  8
CUT
 10
366.9630
 20
108.3810
 30
0.0000
  0
VERTEX
  8
CUT
 10
366.6880
 20
109.1370
 30
0.0000
  0
VERTEX
  8
CUT
 10
366.4460
 20
109.8920
 30
0.0000
  0
VERTEX
  8
CUT
 10
366.2370
 20
110.6440
 30
0.0000
  0
VERTEX
  8
CUT
 10
366.0650
 20
111.3930
 30
0.0000
  0
VERTEX
  8
CUT
 10
365.9300
 20
112.1370
 30
0.0000
  0
VERTEX
  8
CUT
 10
365.8390
 20
112.8760
 30
0.0000
  0
VERTEX
  8
CUT
 10
365.7990
 20
113.6070
 30
0.0000
  0
VERTEX
  8
CUT
 10
365.8330
 20
114.3260
 30
0.0000
  0
VERTEX
  8
CUT
 10
366.0080
 20
115.3470
 30
0.0000
  0
VERTEX
  8
CUT
 10
365.6110
 20
115.4170
 30
0.0000
  0
VERTEX
  8
CUT
 10
365.2140
 20
115.4910
 30
0.0000
  0
VERTEX
  8
CUT
 10
364.8190
 20
115.5690
 30
0.0000
  0
VERTEX
  8
CUT
 10
364.4240
 20
115.6510
 30
0.0000
  0
VERTEX
  8
CUT
 10
364.0290
 20
115.7370
 30
0.0000
  0
VERTEX
  8
CUT
 10
363.6360
 20
115.8270
 30
0.0000
  0
VERTEX
  8
CUT
 10
363.2440
 20
115.9200
 30
0.0000
  0
VERTEX
  8
CUT
 10
362.8520
 20
116.0180
 30
0.0000
  0
VERTEX
  8
CUT
 10
362.5970
 20
115.0130
 30
0.0000
  0
VERTEX
  8
CUT
 10
362.3360
 20
114.3430
 30
0.0000
  0
VERTEX
  8
CUT
 10
362.0020
 20
113.6920
 30
0.0000
  0
VERTEX
  8
CUT
 10
361.6180
 20
113.0540
 30
0.0000
  0
VERTEX
  8
CUT
 10
361.1920
 20
112.4280
 30
0.0000
  0
VERTEX
  8
CUT
 10
360.7300
 20
111.8150
 30
0.0000
  0
VERTEX
  8
CUT
 10
360.2340
 20
111.2120
 30
0.0000
  0
VERTEX
  8
CUT
 10
359.7050
 20
110.6220
 30
0.0000
  0
VERTEX
  8
CUT
 10
359.1460
 20
110.0430
 30
0.0000
  0
VERTEX
  8
CUT
 10
358.9010
 20
110.1170
 30
0.0000
  0
VERTEX
  8
CUT
 10
358.6560
 20
110.1930
 30
0.0000
  0
VERTEX
  8
CUT
 10
358.4110
 20
110.2710
 30
0.0000
  0
VERTEX
  8
CUT
 10
358.1670
 20
110.3490
 30
0.0000
  0
VERTEX
  8
CUT
 10
357.9230
 20
110.4290
 30
0.0000
  0
VERTEX
  8
CUT
 10
357.6800
 20
110.5100
 30
0.0000
  0
VERTEX
  8
CUT
 10
357.4370
 20
110.5930
 30
0.0000
  0
VERTEX
  8
CUT
 10
357.1950
 20
110.6770
 30
0.0000
  0
VERTEX
  8
CUT
 10
357.0830
 20
111.4740
 30
0.0000
  0
VERTEX
  8
CUT
 10
357.0030
 20
112.2620
 30
0.0000
  0
VERTEX
  8
CUT
 10
356.9550
 20
113.0410
 30
0.0000
  0
VERTEX
  8
CUT
 10
356.9420
 20
113.8100
 30
0.0000
  0
VERTEX
  8
CUT
 10
356.9650
 20
114.5660
 30
0.0000
  0
VERTEX
  8
CUT
 10
357.0300
 20
115.3070
 30
0.0000
  0
VERTEX
  8
CUT
 10
357.1420
 20
116.0310
 30
0.0000
  0
VERTEX
  8
CUT
 10
357.3250
 20
116.7270
 30
0.0000
  0
VERTEX
  8
CUT
 10
357.7090
 20
117.6890
 30
0.0000
  0
VERTEX
  8
CUT
 10
357.3350
 20
117.8400
 30
0.0000
  0
VERTEX
  8
CUT
 10
356.9620
 20
117.9950
 30
0.0000
  0
VERTEX
  8
CUT
 10
356.5910
 20
118.1540
 30
0.0000
  0
VERTEX
  8
CUT
 10
356.2220
 20
118.3160
 30
0.0000
  0
VERTEX
  8
CUT
 10
355.8540
 20
118.4820
 30
0.0000
  0
VERTEX
  8
CUT
 10
355.4880
 20
118.6520
 30
0.0000
  0
VERTEX
  8
CUT
 10
355.1240
 20
118.8250
 30
0.0000
  0
VERTEX
  8
CUT
 10
354.7610
 20
119.0010
 30
0.0000
  0
VERTEX
  8
CUT
 10
354.3030
 20
118.0720
 30
0.0000
  0
VERTEX
  8
CUT
 10
353.9080
 20
117.4700
 30
0.0000
  0
VERTEX
  8
CUT
 10
353.4460
 20
116.9030
 30
0.0000
  0
VERTEX
  8
CUT
 10
352.9380
 20
116.3590
 30
0.0000
  0
VERTEX
  8
CUT
 10
352.3910
 20
115.8360
 30
0.0000
  0
VERTEX
  8
CUT
 10
351.8120
 20
115.3310
 30
0.0000
  0
VERTEX
  8
CUT
 10
351.2010
 20
114.8450
 30
0.0000
  0
VERTEX
  8
CUT
 10
350.5610
 20
114.3770
 30
0.0000
  0
VERTEX
  8
CUT
 10
349.8940
 20
113.9270
 30
0.0000
  0
VERTEX
  8
CUT
 10
349.6700
 20
114.0510
 30
0.0000
  0
VERTEX
  8
CUT
 10
349.4460
 20
114.1770
 30
0.0000
  0
VERTEX
  8
CUT
 10
349.2220
 20
114.3030
 30
0.0000
  0
VERTEX
  8
CUT
 10
349.0000
 20
114.4310
 30
0.0000
  0
VERTEX
  8
CUT
 10
348.7780
 20
114.5600
 30
0.0000
  0
VERTEX
  8
CUT
 10
348.5570
 20
114.6900
 30
0.0000
  0
VERTEX
  8
CUT
 10
348.3370
 20
114.8210
 30
0.0000
  0
VERTEX
  8
CUT
 10
348.1170
 20
114.9530
 30
0.0000
  0
VERTEX
  8
CUT
 10
348.1730
 20
115.7560
 30
0.0000
  0
VERTEX
  8
CUT
 10
348.2590
 20
116.5440
 30
0.0000
  0
VERTEX
  8
CUT
 10
348.3740
 20
117.3160
 30
0.0000
  0
VERTEX
  8
CUT
 10
348.5210
 20
118.0700
 30
0.0000
  0
VERTEX
  8
CUT
 10
348.7010
 20
118.8050
 30
0.0000
  0
VERTEX
  8
CUT
 10
348.9180
 20
119.5170
 30
0.0000
  0
VERTEX
  8
CUT
 10
349.1780
 20
120.2010
 30
0.0000
  0
VERTEX
  8
CUT
 10
349.5020
 20
120.8440
 30
0.0000
  0
VERTEX
  8
CUT
 10
350.0780
 20
121.7050
 30
0.0000
  0
VERTEX
  8
CUT
 10
349.7430
 20
121.9310
 30
0.0000
  0
VERTEX
  8
CUT
 10
349.4110
 20
122.1600
 30
0.0000
  0
VERTEX
  8
CUT
 10
349.0810
 20
122.3930
 30
0.0000
  0
VERTEX
  8
CUT
 10
348.7540
 20
122.6280
 30
0.0000
  0
VERTEX
  8
CUT
 10
348.4290
 20
122.8670
 30
0.0000
  0
VERTEX
  8
CUT
 10
348.1060
 20
123.1090
 30
0.0000
  0
VERTEX
  8
CUT
 10
347.7850
 20
123.3540
 30
0.0000
  0
VERTEX
  8
CUT
 10
347.4670
 20
123.6020
 30
0.0000
  0
VERTEX
  8
CUT
 10
346.8260
 20
122.7880
 30
0.0000
  0
VERTEX
  8
CUT
 10
346.3140
 20
122.2820
 30
0.0000
  0
VERTEX
  8
CUT
 10
345.7440
 20
121.8230
 30
0.0000
  0
VERTEX
  8
CUT
 10
345.1340
 20
121.3960
 30
0.0000
  0
VERTEX
  8
CUT
 10
344.4910
 20
120.9980
 30
0.0000
  0
VERTEX
  8
CUT
 10
343.8190
 20
120.6250
 30
0.0000
  0
VERTEX
  8
CUT
 10
343.1210
 20
120.2770
 30
0.0000
  0
VERTEX
  8
CUT
 10
342.3980
 20
119.9520
 30
0.0000
  0
VERTEX
  8
CUT
 10
341.6520
 20
119.6510
 30
0.0000
  0
VERTEX
  8
CUT
 10
341.4580
 20
119.8190
 30
0.0000
  0
VERTEX
  8
CUT
 10
341.2650
 20
119.9880
 30
0.0000
  0
VERTEX
  8
CUT
 10
341.0730
 20
120.1580
 30
0.0000
  0
VERTEX
  8
CUT
 10
340.8820
 20
120.3290
 30
0.0000
  0
VERTEX
  8
CUT
 10
340.6920
 20
120.5010
 30
0.0000
  0
VERTEX
  8
CUT
 10
340.5020
 20
120.6740
 30
0.0000
  0
VERTEX
  8
CUT
 10
340.3140
 20
120.8490
 30
0.0000
  0
VERTEX
  8
CUT
 10
340.1270
 20
121.0240
 30
0.0000
  0
VERTEX
  8
CUT
 10
340.3490
 20
121.7970
 30
0.0000
  0
VERTEX
  8
CUT
 10
340.5960
 20
122.5500
 30
0.0000
  0
VERTEX
  8
CUT
 10
340.8690
 20
123.2810
 30
0.0000
  0
VERTEX
  8
CUT
 10
341.1700
 20
123.9890
 30
0.0000
  0
VERTEX
  8
CUT
 10
341.4990
 20
124.6700
 30
0.0000
  0
VERTEX
  8
CUT
 10
341.8590
 20
125.3210
 30
0.0000
  0
VERTEX
  8
CUT
 10
342.2560
 20
125.9360
 30
0.0000
  0
VERTEX
  8
CUT
 10
342.7060
 20
126.4980
 30
0.0000
  0
VERTEX
  8
CUT
 10
343.4480
 20
127.2210
 30
0.0000
  0
VERTEX
  8
CUT
 10
343.1680
 20
127.5110
 30
0.0000
  0
VERTEX
  8
CUT
 10
342.8910
 20
127.8040
 30
0.0000
  0
VERTEX
  8
CUT
 10
342.6170
 20
128.1000
 30
0.0000
  0
VERTEX
  8
CUT
 10
342.3450
 20
128.3980
 30
0.0000
  0
VERTEX
  8
CUT
 10
342.0770
 20
128.6990
 30
0.0000
  0
VERTEX
  8
CUT
 10
341.8110
 20
129.0030
 30
0.0000
  0
VERTEX
  8
CUT
 10
341.5490
 20
129.3100
 30
0.0000
  0
VERTEX
  8
CUT
 10
341.2890
 20
129.6180
 30
0.0000
  0
VERTEX
  8
CUT
 10
340.4930
 20
128.9560
 30
0.0000
  0
VERTEX
  8
CUT
 10
339.8870
 20
128.5670
 30
0.0000
  0
VERTEX
  8
CUT
 10
339.2340
 20
128.2360
 30
0.0000
  0
VERTEX
  8
CUT
 10
338.5480
 20
127.9460
 30
0.0000
  0
VERTEX
  8
CUT
 10
337.8370
 20
127.6900
 30
0.0000
  0
VERTEX
  8
CUT
 10
337.1020
 20
127.4650
 30
0.0000
  0
VERTEX
  8
CUT
 10
336.3460
 20
127.2700
 30
0.0000
  0
VERTEX
  8
CUT
 10
335.5720
 20
127.1030
 30
0.0000
  0
VERTEX
  8
CUT
 10
334.7790
 20
126.9630
 30
0.0000
  0
VERTEX
  8
CUT
 10
334.6250
 20
127.1670
 30
0.0000
  0
VERTEX
  8
CUT
 10
334.4710
 20
127.3730
 30
0.0000
  0
VERTEX
  8
CUT
 10
334.3190
 20
127.5790
 30
0.0000
  0
VERTEX
  8
CUT
 10
334.1670
 20
127.7860
 30
0.0000
  0
VERTEX
  8
CUT
 10
334.0170
 20
127.9940
 30
0.0000
  0
VERTEX
  8
CUT
 10
333.8680
 20
128.2030
 30
0.0000
  0
VERTEX
  8
CUT
 10
333.7200
 20
128.4130
 30
0.0000
  0
VERTEX
  8
CUT
 10
333.5730
 20
128.6230
 30
0.0000
  0
VERTEX
  8
CUT
 10
333.9510
 20
129.3330
 30
0.0000
  0
VERTEX
  8
CUT
 10
334.3500
 20
130.0180
 30
0.0000
  0
VERTEX
  8
CUT
 10
334.7690
 20
130.6770
 30
0.0000
  0
VERTEX
  8
CUT
 10
335.2100
 20
131.3060
 30
0.0000
  0
VERTEX
  8
CUT
 10
335.6730
 20
131.9040
 30
0.0000
  0
VERTEX
  8
CUT
 10
336.1610
 20
132.4660
 30
0.0000
  0
VERTEX
  8
CUT
 10
336.6770
 20
132.9850
 30
0.0000
  0
VERTEX
  8
CUT
 10
337.2340
 20
133.4410
 30
0.0000
  0
VERTEX
  8
CUT
 10
338.1100
 20
133.9940
 30
0.0000
  0
VERTEX
  8
CUT
 10
337.8970
 20
134.3360
 30
0.0000
  0
VERTEX
  8
CUT
 10
337.6870
 20
134.6800
 30
0.0000
  0
VERTEX
  8
CUT
 10
337.4800
 20
135.0270
 30
0.0000
  0
VERTEX
  8
CUT
 10
337.2760
 20
135.3750
 30
0.0000
  0
VERTEX
  8
CUT
 10
337.0760
 20
135.7250
 30
0.0000
  0
VERTEX
  8
CUT
 10
336.8800
 20
136.0780
 30
0.0000
  0
VERTEX
  8
CUT
 10
336.6870
 20
136.4320
 30
0.0000
  0
VERTEX
  8
CUT
 10
336.4970
 20
136.7880
 30
0.0000
  0
VERTEX
  8
CUT
 10
335.5800
 20
136.3050
 30
0.0000
  0
VERTEX
  8
CUT
 10
334.9070
 20
136.0510
 30
0.0000
  0
VERTEX
  8
CUT
 10
334.1990
 20
135.8640
 30
0.0000
  0
VERTEX
  8
CUT
 10
333.4690
 20
135.7220
 30
0.0000
  0
VERTEX
  8
CUT
 10
332.7190
 20
135.6200
 30
0.0000
  0
VERTEX
  8
CUT
 10
331.9540
 20
135.5530
 30
0.0000
  0
VERTEX
  8
CUT
 10
331.1740
 20
135.5190
 30
0.0000
  0
VERTEX
  8
CUT
 10
330.3810
 20
135.5160
 30
0.0000
  0
VERTEX
  8
CUT
 10
329.5770
 20
135.5440
 30
0.0000
  0
VERTEX
  8
CUT
 10
329.4680
 20
135.7760
 30
0.0000
  0
VERTEX
  8
CUT
 10
329.3610
 20
136.0090
 30
0.0000
  0
VERTEX
  8
CUT
 10
329.2550
 20
136.2430
 30
0.0000
  0
VERTEX
  8
CUT
 10
329.1500
 20
136.4770
 30
0.0000
  0
VERTEX
  8
CUT
 10
329.0460
 20
136.7110
 30
0.0000
  0
VERTEX
  8
CUT
 10
328.9440
 20
136.9460
 30
0.0000
  0
VERTEX
  8
CUT
 10
328.8420
 20
137.1820
 30
0.0000
  0
VERTEX
  8
CUT
 10
328.7430
 20
137.4180
 30
0.0000
  0
VERTEX
  8
CUT
 10
329.2600
 20
138.0350
 30
0.0000
  0
VERTEX
  8
CUT
 10
329.7920
 20
138.6220
 30
0.0000
  0
VERTEX
  8
CUT
 10
330.3390
 20
139.1790
 30
0.0000
  0
VERTEX
  8
CUT
 10
330.9010
 20
139.7030
 30
0.0000
  0
VERTEX
  8
CUT
 10
331.4790
 20
140.1910
 30
0.0000
  0
VERTEX
  8
CUT
 10
332.0730
 20
140.6390
 30
0.0000
  0
VERTEX
  8
CUT
 10
332.6860
 20
141.0400
 30
0.0000
  0
VERTEX
  8
CUT
 10
333.3250
 20
141.3700
 30
0.0000
  0
VERTEX
  8
CUT
 10
334.2970
 20
141.7280
 30
0.0000
  0
VERTEX
  8
CUT
 10
334.1600
 20
142.1080
 30
0.0000
  0
VERTEX
  8
CUT
 10
334.0260
 20
142.4880
 30
0.0000
  0
VERTEX
  8
CUT
 10
333.8950
 20
142.8700
 30
0.0000
  0
VERTEX
  8
CUT
 10
333.7690
 20
143.2530
 30
0.0000
  0
VERTEX
  8
CUT
 10
333.6460
 20
143.6370
 30
0.0000
  0
VERTEX
  8
CUT
 10
333.5270
 20
144.0230
 30
0.0000
  0
VERTEX
  8
CUT
 10
333.4120
 20
144.4090
 30
0.0000
  0
VERTEX
  8
CUT
 10
333.3000
 20
144.7970
 30
0.0000
  0
VERTEX
  8
CUT
 10
332.3030
 20
144.5160
 30
0.0000
  0
VERTEX
  8
CUT
 10
331.5920
 20
144.4070
 30
0.0000
  0
VERTEX
  8
CUT
 10
330.8610
 20
144.3710
 30
0.0000
  0
VERTEX
  8
CUT
 10
330.1160
 20
144.3840
 30
0.0000
  0
VERTEX
  8
CUT
 10
329.3620
 20
144.4400
 30
0.0000
  0
VERTEX
  8
CUT
 10
328.5990
 20
144.5330
 30
0.0000
  0
VERTEX
  8
CUT
 10
327.8300
 20
144.6620
 30
0.0000
  0
VERTEX
  8
CUT
 10
327.0540
 20
144.8250
 30
0.0000
  0
VERTEX
  8
CUT
 10
326.2730
 20
145.0190
 30
0.0000
  0
VERTEX
  8
CUT
 10
326.2150
 20
145.2690
 30
0.0000
  0
VERTEX
  8
CUT
 10
326.1580
 20
145.5190
 30
0.0000
  0
VERTEX
  8
CUT
 10
326.1030
 20
145.7690
 30
0.0000
  0
VERTEX
  8
CUT
 10
326.0490
 20
146.0200
 30
0.0000
  0
VERTEX
  8
CUT
 10
325.9960
 20
146.2710
 30
0.0000
  0
VERTEX
  8
CUT
 10
325.9450
 20
146.5230
 30
0.0000
  0
VERTEX
  8
CUT
 10
325.8950
 20
146.7740
 30
0.0000
  0
VERTEX
  8
CUT
 10
325.8460
 20
147.0260
 30
0.0000
  0
VERTEX
  8
CUT
 10
326.4810
 20
147.5210
 30
0.0000
  0
VERTEX
  8
CUT
 10
327.1230
 20
147.9850
 30
0.0000
  0
VERTEX
  8
CUT
 10
327.7740
 20
148.4160
 30
0.0000
  0
VERTEX
  8
CUT
 10
328.4330
 20
148.8120
 30
0.0000
  0
VERTEX
  8
CUT
 10
329.0990
 20
149.1690
 30
0.0000
  0
VERTEX
  8
CUT
 10
329.7740
 20
149.4840
 30
0.0000
  0
VERTEX
  8
CUT
 10
330.4560
 20
149.7490
 30
0.0000
  0
VERTEX
  8
CUT
 10
331.1510
 20
149.9380
 30
0.0000
  0
VERTEX
  8
CUT
 10
332.1760
 20
150.0870
 30
0.0000
  0
VERTEX
  8
CUT
 10
332.1200
 20
150.4870
 30
0.0000
  0
VERTEX
  8
CUT
 10
332.0680
 20
150.8870
 30
0.0000
  0
VERTEX
  8
CUT
 10
332.0200
 20
151.2870
 30
0.0000
  0
VERTEX
  8
CUT
 10
331.9760
 20
151.6880
 30
0.0000
  0
VERTEX
  8
CUT
 10
331.9360
 20
152.0900
 30
0.0000
  0
VERTEX
  8
CUT
 10
331.8990
 20
152.4910
 30
0.0000
  0
VERTEX
  8
CUT
 10
331.8670
 20
152.8940
 30
0.0000
  0
VERTEX
  8
CUT
 10
331.8390
 20
153.2960
 30
0.0000
  0
VERTEX
  8
CUT
 10
330.8050
 20
153.2280
 30
0.0000
  0
VERTEX
  8
CUT
 10
330.0860
 20
153.2690
 30
0.0000
  0
VERTEX
  8
CUT
 10
329.3640
 20
153.3860
 30
0.0000
  0
VERTEX
  8
CUT
 10
328.6390
 20
153.5540
 30
0.0000
  0
VERTEX
  8
CUT
 10
327.9120
 20
153.7650
 30
0.0000
  0
VERTEX
  8
CUT
 10
327.1860
 20
154.0150
 30
0.0000
  0
VERTEX
  8
CUT
 10
326.4590
 20
154.3010
 30
0.0000
  0
VERTEX
  8
CUT
 10
325.7340
 20
154.6220
 30
0.0000
  0
VERTEX
  8
CUT
 10
325.0110
 20
154.9740
 30
0.0000
  0
VERTEX
  8
CUT
 10
325.0060
 20
155.2300
 30
0.0000
  0
VERTEX
  8
CUT
 10
325.0030
 20
155.4870
 30
0.0000
  0
VERTEX
  8
CUT
 10
325.0010
 20
155.7430
 30
0.0000
  0
VERTEX
  8
CUT
 10
325.0000
 20
156.0000
 30
0.0000
  0
VERTEX
  8
CUT
 10
325.0010
 20
156.2570
 30
0.0000
  0
VERTEX
  8
CUT
 10
325.0030
 20
156.5130
 30
0.0000
  0
VERTEX
  8
CUT
 10
325.0060
 20
156.7700
 30
0.0000
  0
VERTEX
  8
CUT
 10
325.0110
 20
157.0260
 30
0.0000
  0
VERTEX
  8
CUT
 10
325.7340
 20
157.3780
 30
0.0000
  0
VERTEX
  8
CUT
 10
326.4590
 20
157.6990
 30
0.0000
  0
VERTEX
  8
CUT
 10
327.1860
 20
157.9850
 30
0.0000
  0
VERTEX
  8
CUT
 10
327.9120
 20
158.2350
 30
0.0000
  0
VERTEX
  8
CUT
 10
328.6390
 20
158.4460
 30
0.0000
  0
VERTEX
  8
CUT
 10
329.3640
 20
158.6140
 30
0.0000
  0
VERTEX
  8
CUT
 10
330.0860
 20
158.7310
 30
0.0000
  0
VERTEX
  8
CUT
 10
330.8050
 20
158.7720
 30
0.0000
  0
VERTEX
  8
CUT
 10
331.8390
 20
158.7040
 30
0.0000
  0
VERTEX
  8
CUT
 10
331.8670
 20
159.1060
 30
0.0000
  0
VERTEX
  8
CUT
 10
331.8990
 20
159.5090
 30
0.0000
  0
VERTEX
  8
CUT
 10
331.9360
 20
159.9100
 30
0.0000
  0
VERTEX
  8
CUT
 10
331.9760
 20
160.3120
 30
0.0000
  0
VERTEX
  8
CUT
 10
332.0200
 20
160.7130
 30
0.0000
  0
VERTEX
  8
CUT
 10
332.0680
 20
161.1130
 30
0.0000
  0
VERTEX
  8
CUT
 10
332.1200
 20
161.5130
 30
0.0000
  0
VERTEX
  8
CUT
 10
332.1760
 20
161.9130
 30
0.0000
  0
VERTEX
  8
CUT
 10
331.1510
 20
162.0620
 30
0.0000
  0
VERTEX
  8
CUT
 10
330.4560
 20
162.2510
 30
0.0000
  0
VERTEX
  8
CUT
 10
329.7740
 20
162.5160
 30
0.0000
  0
VERTEX
  8
CUT
 10
329.0990
 20
162.8310
 30
0.0000
  0
VERTEX
  8
CUT
 10
328.4330
 20
163.1880
 30
0.0000
  0
VERTEX
  8
CUT
 10
327.7740
 20
163.5840
 30
0.0000
  0
VERTEX
  8
CUT
 10
327.1230
 20
164.0150
 30
0.0000
  0
VERTEX
  8
CUT
 10
326.4810
 20
164.4790
 30
0.0000
  0
VERTEX
  8
CUT
 10
325.8460
 20
164.9740
 30
0.0000
  0
VERTEX
  8
CUT
 10
325.8950
 20
165.2260
 30
0.0000
  0
VERTEX
  8
CUT
 10
325.9450
 20
165.4770
 30
0.0000
  0
VERTEX
  8
CUT
 10
325.9960
 20
165.7290
 30
0.0000
  0
VERTEX
  8
CUT
 10
326.0490
 20
165.9800
 30
0.0000
  0
VERTEX
  8
CUT
 10
326.1030
 20
166.2310
 30
0.0000
  0
VERTEX
  8
CUT
 10
326.1580
 20
166.4810
 30
0.0000
  0
VERTEX
  8
CUT
 10
326.2150
 20
166.7310
 30
0.0000
  0
VERTEX
  8
CUT
 10
326.2730
 20
166.9810
 30
0.0000
  0
VERTEX
  8
CUT
 10
327.0540
 20
167.1750
 30
0.0000
  0
VERTEX
  8
CUT
 10
327.8300
 20
167.3380
 30
0.0000
  0
VERTEX
  8
CUT
 10
328.5990
 20
167.4670
 30
0.0000
  0
VERTEX
  8
CUT
 10
329.3620
 20
167.5600
 30
0.0000
  0
VERTEX
  8
CUT
 10
330.1160
 20
167.6160
 30
0.0000
  0
VERTEX
  8
CUT
 10
330.8610
 20
167.6290
 30
0.0000
  0
VERTEX
  8
CUT
 10
331.5920
 20
167.5930
 30
0.0000
  0
VERTEX
  8
CUT
 10
332.3030
 20
167.4840
 30
0.0000
  0
VERTEX
  8
CUT
 10
333.3000
 20
167.2030
 30
0.0000
  0
VERTEX
  8
CUT
 10
333.4120
 20
167.5910
 30
0.0000
  0
VERTEX
  8
CUT
 10
333.5270
 20
167.9770
 30
0.0000
  0
VERTEX
  8
CUT
 10
333.6460
 20
168.3630
 30
0.0000
  0
VERTEX
  8
CUT
 10
333.7690
 20
168.7470
 30
0.0000
  0
VERTEX
  8
CUT
 10
333.8950
 20
169.1300
 30
0.0000
  0
VERTEX
  8
CUT
 10
334.0260
 20
169.5120
 30
0.0000
  0
VERTEX
  8
CUT
 10
334.1600
 20
169.8920
 30
0.0000
  0
VERTEX
  8
CUT
 10
334.2970
 20
170.2720
 30
0.0000
  0
VERTEX
  8
CUT
 10
333.3250
 20
170.6300
 30
0.0000
  0
VERTEX
  8
CUT
 10
332.6860
 20
170.9600
 30
0.0000
  0
VERTEX
  8
CUT
 10
332.0730
 20
171.3610
 30
0.0000
  0
VERTEX
  8
CUT
 10
331.4790
 20
171.8090
 30
0.0000
  0
VERTEX
  8
CUT
 10
330.9010
 20
172.2970
 30
0.0000
  0
VERTEX
  8
CUT
 10
330.3390
 20
172.8210
 30
0.0000
  0
VERTEX
  8
CUT
 10
329.7920
 20
173.3780
 30
0.0000
  0
VERTEX
  8
CUT
 10
329.2600
 20
173.9650
 30
0.0000
  0
VERTEX
  8
CUT
 10
328.7430
 20
174.5820
 30
0.0000
  0
VERTEX
  8
CUT
 10
328.8420
 20
174.8180
 30
0.0000
  0
VERTEX
  8
CUT
 10
328.9440
 20
175.0540
 30
0.0000
  0
VERTEX
  8
CUT
 10
329.0460
 20
175.2890
 30
0.0000
  0
VERTEX
  8
CUT
 10
329.1500
 20
175.5230
 30
0.0000
  0
VERTEX
  8
CUT
 10
329.2550
 20
175.7570
 30
0.0000
  0
VERTEX
  8
CUT
 10
329.3610
 20
175.9910
 30
0.0000
  0
VERTEX
  8
CUT
 10
329.4680
 20
176.2240
 30
0.0000
  0
VERTEX
  8
CUT
 10
329.5770
 20
176.4560
 30
0.0000
  0
VERTEX
  8
CUT
 10
330.3810
 20
176.4840
 30
0.0000
  0
VERTEX
  8
CUT
 10
331.1740
 20
176.4810
 30
0.0000
  0
VERTEX
  8
CUT
 10
331.9540
 20
176.4470
 30
0.0000
  0
VERTEX
  8
CUT
 10
332.7190
 20
176.3800
 30
0.0000
  0
VERTEX
  8
CUT
 10
333.4690
 20
176.2780
 30
0.0000
  0
VERTEX
  8
CUT
 10
334.1990
 20
176.1360
 30
0.0000
  0
VERTEX
  8
CUT
 10
334.9070
 20
175.9490
 30
0.0000
  0
VERTEX
  8
CUT
 10
335.5800
 20
175.6950
 30
0.0000
  0
VERTEX
  8
CUT
 10
336.4970
 20
175.2120
 30
0.0000
  0
VERTEX
  8
CUT
 10
336.6870
 20
175.5680
 30
0.0000
  0
VERTEX
  8
CUT
 10
336.8800
 20
175.9220
 30
0.0000
  0
VERTEX
  8
CUT
 10
337.0760
 20
176.2750
 30
0.0000
  0
VERTEX
  8
CUT
 10
337.2760
 20
176.6250
 30
0.0000
  0
VERTEX
  8
CUT
 10
337.4800
 20
176.9730
 30
0.0000
  0
VERTEX
  8
CUT
 10
337.6870
 20
177.3200
 30
0.0000
  0
VERTEX
  8
CUT
 10
337.8970
 20
177.6640
 30
0.0000
  0
VERTEX
  8
CUT
 10
338.1100
 20
178.0060
 30
0.0000
  0
VERTEX
  8
CUT
 10
337.2340
 20
178.5590
 30
0.0000
  0
VERTEX
  8
CUT
 10
336.6770
 20
179.0150
 30
0.0000
  0
VERTEX
  8
CUT
 10
336.1610
 20
179.5340
 30
0.0000
  0
VERTEX
  8
CUT
 10
335.6730
 20
180.0960
 30
0.0000
  0
VERTEX
  8
CUT
 10
335.2100
 20
180.6940
 30
0.0000
  0
VERTEX
  8
CUT
 10
334.7690
 20
181.3230
 30
0.0000
  0
VERTEX
  8
CUT
 10
334.3500
 20
181.9820
 30
0.0000
  0
VERTEX
  8
CUT
 10
333.9510
 20
182.6670
 30
0.0000
  0
VERTEX
  8
CUT
 10
333.5730
 20
183.3770
 30
0.0000
  0
VERTEX
  8
CUT
 10
333.7200
 20
183.5870
 30
0.0000
  0
VERTEX
  8
CUT
 10
333.8680
 20
183.7970
 30
0.0000
  0
VERTEX
  8
CUT
 10
334.0170
 20
184.0060
 30
0.0000
  0
VERTEX
  8
CUT
 10
334.1670
 20
184.2140
 30
0.0000
  0
VERTEX
  8
CUT
 10
334.3190
 20
184.4210
 30
0.0000
  0
VERTEX
  8
CUT
 10
334.4710
 20
184.6270
 30
0.0000
  0
VERTEX
  8
CUT
 10
334.6250
 20
184.8330
 30
0.0000
  0
VERTEX
  8
CUT
 10
334.7790
 20
185.0370
 30
0.0000
  0
VERTEX
  8
CUT
 10
335.5720
 20
184.8970
 30
0.0000
  0
VERTEX
  8
CUT
 10
336.3460
 20
184.7300
 30
0.0000
  0
VERTEX
  8
CUT
 10
337.1020
 20
184.5350
 30
0.0000
  0
VERTEX
  8
CUT
 10
337.8370
 20
184.3100
 30
0.0000
  0
VERTEX
  8
CUT
 10
338.5480
 20
184.0540
 30
0.0000
  0
VERTEX
  8
CUT
 10
339.2340
 20
183.7640
 30
0.0000
  0
VERTEX
  8
CUT
 10
339.8870
 20
183.4330
 30
0.0000
  0
VERTEX
  8
CUT
 10
340.4930
 20
183.0440
 30
0.0000
  0
VERTEX
  8
CUT
 10
341.2890
 20
182.3820
 30
0.0000
  0
VERTEX
  8
CUT
 10
341.5490
 20
182.6900
 30
0.0000
  0
VERTEX
  8
CUT
 10
341.8110
 20
182.9970
 30
0.0000
  0
VERTEX
  8
CUT
 10
342.0770
 20
183.3010
 30
0.0000
  0
VERTEX
  8
CUT
 10
342.3450
 20
183.6020
 30
0.0000
  0
VERTEX
  8
CUT
 10
342.6170
 20
183.9000
 30
0.0000
  0
VERTEX
  8
CUT
 10
342.8910
 20
184.1960
 30
0.0000
  0
VERTEX
  8
CUT
 10
343.1680
 20
184.4890
 30
0.0000
  0
VERTEX
  8
CUT
 10
343.4480
 20
184.7790
 30
0.0000
  0
VERTEX
  8
CUT
 10
342.7060
 20
185.5020
 30
0.0000
  0
VERTEX
  8
CUT
 10
342.2560
 20
186.0640
 30
0.0000
  0
VERTEX
  8
CUT
 10
341.8590
 20
186.6790
 30
0.0000
  0
VERTEX
  8
CUT
 10
341.4990
 20
187.3300
 30
0.0000
  0
VERTEX
  8
CUT
 10
341.1700
 20
188.0110
 30
0.0000
  0
VERTEX
  8
CUT
 10
340.8690
 20
188.7190
 30
0.0000
  0
VERTEX
  8
CUT
 10
340.5960
 20
189.4500
 30
0.0000
  0
VERTEX
  8
CUT
 10
340.3490
 20
190.2030
 30
0.0000
  0
VERTEX
  8
CUT
 10
340.1270
 20
190.9760
 30
0.0000
  0
VERTEX
  8
CUT
 10
340.3140
 20
191.1510
 30
0.0000
  0
VERTEX
  8
CUT
 10
340.5020
 20
191.3260
 30
0.0000
  0
VERTEX
  8
CUT
 10
340.6920
 20
191.4990
 30
0.0000
  0
VERTEX
  8
CUT
 10
340.8820
 20
191.6710
 30
0.0000
  0
VERTEX
  8
CUT
 10
341.0730
 20
191.8420
 30
0.0000
  0
VERTEX
  8
CUT
 10
341.2650
 20
192.0120
 30
0.0000
  0
VERTEX
  8
CUT
 10
341.4580
 20
192.1810
 30
0.0000
  0
VERTEX
  8
CUT
 10
341.6520
 20
192.3490
 30
0.0000
  0
VERTEX
  8
CUT
 10
342.3980
 20
192.0480
 30
0.0000
  0
VERTEX
  8
CUT
 10
343.1210
 20
191.7230
 30
0.0000
  0
VERTEX
  8
CUT
 10
343.8190
 20
191.3750
 30
0.0000
  0
VERTEX
  8
CUT
 10
344.4910
 20
191.0020
 30
0.0000
  0
VERTEX
  8
CUT
 10
345.1340
 20
190.6040
 30
0.0000
  0
VERTEX
  8
CUT
 10
345.7440
 20
190.1770
 30
0.0000
  0
VERTEX
  8
CUT
 10
346.3140
 20
189.7180
 30
0.0000
  0
VERTEX
  8
CUT
 10
346.8260
 20
189.2120
 30
0.0000
  0
VERTEX
  8
CUT
 10
347.4670
 20
188.3980
 30
0.0000
  0
VERTEX
  8
CUT
 10
347.7850
 20
188.6460
 30
0.0000
  0
VERTEX
  8
CUT
 10
348.1060
 20
188.8910
 30
0.0000
  0
VERTEX
  8
CUT
 10
348.4290
 20
189.1330
 30
0.0000
  0
VERTEX
  8
CUT
 10
348.7540
 20
189.3720
 30
0.0000
  0
VERTEX
  8
CUT
 10
349.0810
 20
189.6070
 30
0.0000
  0
VERTEX
  8
CUT
 10
349.4110
 20
189.8400
 30
0.0000
  0
VERTEX
  8
CUT
 10
349.7430
 20
190.0690
 30
0.0000
  0
VERTEX
  8
CUT
 10
350.0780
 20
190.2950
 30
0.0000
  0
VERTEX
  8
CUT
 10
349.5020
 20
191.1560
 30
0.0000
  0
VERTEX
  8
CUT
 10
349.1780
 20
191.7990
 30
0.0000
  0
VERTEX
  8
CUT
 10
348.9180
 20
192.4830
 30
0.0000
  0
VERTEX
  8
CUT
 10
348.7010
 20
193.1950
 30
0.0000
  0
VERTEX
  8
CUT
 10
348.5210
 20
193.9300
 30
0.0000
  0
VERTEX
  8
CUT
 10
348.3740
 20
194.6840
 30
0.0000
  0
VERTEX
  8
CUT
 10
348.2590
 20
195.4560
 30
0.0000
  0
VERTEX
  8
CUT
 10
348.1730
 20
196.2440
 30
0.0000
  0
VERTEX
  8
CUT
 10
348.1170
 20
197.0470
 30
0.0000
  0
VERTEX
  8
CUT
 10
348.3370
 20
197.1790
 30
0.0000
  0
VERTEX
  8
CUT
 10
348.5570
 20
197.3100
 30
0.0000
  0
VERTEX
  8
CUT
 10
348.7780
 20
197.4400
 30
0.0000
  0
VERTEX
  8
CUT
 10
349.0000
 20
197.5690
 30
0.0000
  0
VERTEX
  8
CUT
 10
349.2220
 20
197.6970
 30
0.0000
  0
VERTEX
  8
CUT
 10
349.4460
 20
197.8230
 30
0.0000
  0
VERTEX
  8
CUT
 10
349.6700
 20
197.9490
 30
0.0000
  0
VERTEX
  8
CUT
 10
349.8940
 20
198.0730
 30
0.0000
  0
VERTEX
  8
CUT
 10
350.5610
 20
197.6230
 30
0.0000
  0
VERTEX
  8
CUT
 10
351.2010
 20
197.1550
 30
0.0000
  0
VERTEX
  8
CUT
 10
351.8120
 20
196.6690
 30
0.0000
  0
VERTEX
  8
CUT
 10
352.3910
 20
196.1640
 30
0.0000
  0
VERTEX
  8
CUT
 10
352.9380
 20
195.6410
 30
0.0000
  0
VERTEX
  8
CUT
 10
353.4460
 20
195.0970
 30
0.0000
  0
VERTEX
  8
CUT
 10
353.9080
 20
194.5300
 30
0.0000
  0
VERTEX
  8
CUT
 10
354.3030
 20
193.9280
 30
0.0000
  0
VERTEX
  8
CUT
 10
354.7610
 20
192.9990
 30
0.0000
  0
VERTEX
  8
CUT
 10
355.1240
 20
193.1750
 30
0.0000
  0
VERTEX
  8
CUT
 10
355.4880
 20
193.3480
 30
0.0000
  0
VERTEX
  8
CUT
 10
355.8540
 20
193.5180
 30
0.0000
  0
VERTEX
  8
CUT
 10
356.2220
 20
193.6840
 30
0.0000
  0
VERTEX
  8
CUT
 10
356.5910
 20
193.8460
 30
0.0000
  0
VERTEX
  8
CUT
 10
356.9620
 20
194.0050
 30
0.0000
  0
VERTEX
  8
CUT
 10
357.3350
 20
194.1600
 30
0.0000
  0
VERTEX
  8
CUT
 10
357.7090
 20
194.3110
 30
0.0000
  0
VERTEX
  8
CUT
 10
357.3250
 20
195.2730
 30
0.0000
  0
VERTEX
  8
CUT
 10
357.1420
 20
195.9690
 30
0.0000
  0
VERTEX
  8
CUT
 10
357.0300
 20
196.6930
 30
0.0000
  0
VERTEX
  8
CUT
 10
356.9650
 20
197.4340
 30
0.0000
  0
VERTEX
  8
CUT
 10
356.9420
 20
198.1900
 30
0.0000
  0
VERTEX
  8
CUT
 10
356.9550
 20
198.9590
 30
0.0000
  0
VERTEX
  8
CUT
 10
357.0030
 20
199.7380
 30
0.0000
  0
VERTEX
  8
CUT
 10
357.0830
 20
200.5260
 30
0.0000
  0
VERTEX
  8
CUT
 10
357.1950
 20
201.3230
 30
0.0000
  0
VERTEX
  8
CUT
 10
357.4370
 20
201.4070
 30
0.0000
  0
VERTEX
  8
CUT
 10
357.6800
 20
201.4900
 30
0.0000
  0
VERTEX
  8
CUT
 10
357.9230
 20
201.5710
 30
0.0000
  0
VERTEX
  8
CUT
 10
358.1670
 20
201.6510
 30
0.0000
  0
VERTEX
  8
CUT
 10
358.4110
 20
201.7290
 30
0.0000
  0
VERTEX
  8
CUT
 10
358.6560
 20
201.8070
 30
0.0000
  0
VERTEX
  8
CUT
 10
358.9010
 20
201.8830
 30
0.0000
  0
VERTEX
  8
CUT
 10
359.1460
 20
201.9570
 30
0.0000
  0
VERTEX
  8
CUT
 10
359.7050
 20
201.3780
 30
0.0000
  0
VERTEX
  8
CUT
 10
360.2340
 20
200.7880
 30
0.0000
  0
VERTEX
  8
CUT
 10
360.7300
 20
200.1850
 30
0.0000
  0
VERTEX
  8
CUT
 10
361.1920
 20
199.5720
 30
0.0000
  0
VERTEX
  8
CUT
 10
361.6180
 20
198.9460
 30
0.0000
  0
VERTEX
  8
CUT
 10
362.0020
 20
198.3080
 30
0.0000
  0
VERTEX
  8
CUT
 10
362.3360
 20
197.6570
 30
0.0000
  0
VERTEX
  8
CUT
 10
362.5970
 20
196.9870
 30
0.0000
  0
VERTEX
  8
CUT
 10
362.8520
 20
195.9820
 30
0.0000
  0
VERTEX
  8
CUT
 10
363.2440
 20
196.0800
 30
0.0000
  0
VERTEX
  8
CUT
 10
363.6360
 20
196.1730
 30
0.0000
  0
VERTEX
  8
CUT
 10
364.0290
 20
196.2630
 30
0.0000
  0
VERTEX
  8
CUT
 10
364.4240
 20
196.3490
 30
0.0000
  0
VERTEX
  8
CUT
 10
364.8190
 20
196.4310
 30
0.0000
  0
VERTEX
  8
CUT
 10
365.2140
 20
196.5090
 30
0.0000
  0
VERTEX
  8
CUT
 10
365.6110
 20
196.5830
 30
0.0000
  0
VERTEX
  8
CUT
 10
366.0080
 20
196.6530
 30
0.0000
  0
VERTEX
  8
CUT
 10
365.8330
 20
197.6740
 30
0.0000
  0
VERTEX
  8
CUT
 10
365.7990
 20
198.3930
 30
0.0000
  0
VERTEX
  8
CUT
 10
365.8390
 20
199.1240
 30
0.0000
  0
VERTEX
  8
CUT
 10
365.9300
 20
199.8630
 30
0.0000
  0
VERTEX
  8
CUT
 10
366.0650
 20
200.6070
 30
0.0000
  0
VERTEX
  8
CUT
 10
366.2370
 20
201.3560
 30
0.0000
  0
VERTEX
  8
CUT
 10
366.4460
 20
202.1080
 30
0.0000
  0
VERTEX
  8
CUT
 10
366.6880
 20
202.8630
 30
0.0000
  0
VERTEX
  8
CUT
 10
366.9630
 20
203.6190
 30
0.0000
  0
VERTEX
  8
CUT
 10
367.2180
 20
203.6500
 30
0.0000
  0
VERTEX
  8
CUT
 10
367.4730
 20
203.6810
 30
0.0000
  0
VERTEX
  8
CUT
 10
367.7280
 20
203.7100
 30
0.0000
  0
VERTEX
  8
CUT
 10
367.9830
 20
203.7370
 30
0.0000
  0
VERTEX
  8
CUT
 10
368.2380
 20
203.7630
 30
0.0000
  0
VERTEX
  8
CUT
 10
368.4930
 20
203.7880
 30
0.0000
  0
VERTEX
  8
CUT
 10
368.7490
 20
203.8110
 30
0.0000
  0
VERTEX
  8
CUT
 10
369.0040
 20
203.8330
 30
0.0000
  0
VERTEX
  8
CUT
 10
369.4300
 20
203.1510
 30
0.0000
  0
VERTEX
  8
CUT
 10
369.8240
 20
202.4630
 30
0.0000
  0
VERTEX
  8
CUT
 10
370.1850
 20
201.7710
 30
0.0000
  0
VERTEX
  8
CUT
 10
370.5090
 20
201.0740
 30
0.0000
  0
VERTEX
  8
CUT
 10
370.7960
 20
200.3740
 30
0.0000
  0
VERTEX
  8
CUT
 10
371.0380
 20
199.6710
 30
0.0000
  0
VERTEX
  8
CUT
 10
371.2300
 20
198.9640
 30
0.0000
  0
VERTEX
  8
CUT
 10
371.3460
 20
198.2540
 30
0.0000
  0
VERTEX
  8
CUT
 10
371.3870
 20
197.2180
 30
0.0000
  0
VERTEX
  8
CUT
 10
371.7900
 20
197.2320
 30
0.0000
  0
VERTEX
  8
CUT
 10
372.1930
 20
197.2420
 30
0.0000
  0
VERTEX
  8
CUT
 10
372.5970
 20
197.2480
 30
0.0000
  0
VERTEX
  8
CUT
 10
373.0000
 20
197.2500
 30
0.0000
  0
VERTEX
  8
CUT
 10
373.4030
 20
197.2480
 30
0.0000
  0
VERTEX
  8
CUT
 10
373.8070
 20
197.2420
 30
0.0000
  0
VERTEX
  8
CUT
 10
374.2100
 20
197.2320
 30
0.0000
  0
VERTEX
  8
CUT
 10
374.6130
 20
197.2180
 30
0.0000
  0
VERTEX
  8
CUT
 10
374.6540
 20
198.2540
 30
0.0000
  0
VERTEX
  8
CUT
 10
374.7700
 20
198.9640
 30
0.0000
  0
VERTEX
  8
CUT
 10
374.9620
 20
199.6710
 30
0.0000
  0
VERTEX
  8
CUT
 10
375.2040
 20
200.3740
 30
0.0000
  0
VERTEX
  8
CUT
 10
375.4910
 20
201.0740
 30
0.0000
  0
VERTEX
  8
CUT
 10
375.8150
 20
201.7710
 30
0.0000
  0
VERTEX
  8
CUT
 10
376.1760
 20
202.4630
 30
0.0000
  0
VERTEX
  8
CUT
 10
376.5700
 20
203.1510
 30
0.0000
  0
VERTEX
  8
CUT
 10
376.9960
 20
203.8330
 30
0.0000
  0
VERTEX
  8
CUT
 10
377.2510
 20
203.8110
 30
0.0000
  0
VERTEX
  8
CUT
 10
377.5070
 20
203.7880
 30
0.0000
  0
VERTEX
  8
CUT
 10
377.7620
 20
203.7630
 30
0.0000
  0
VERTEX
  8
CUT
 10
378.0170
 20
203.7370
 30
0.0000
  0
VERTEX
  8
CUT
 10
378.2720
 20
203.7100
 30
0.0000
  0
VERTEX
  8
CUT
 10
378.5270
 20
203.6810
 30
0.0000
  0
VERTEX
  8
CUT
 10
378.7820
 20
203.6500
 30
0.0000
  0
VERTEX
  8
CUT
 10
379.0370
 20
203.6190
 30
0.0000
  0
VERTEX
  8
CUT
 10
379.3120
 20
202.8630
 30
0.0000
  0
VERTEX
  8
CUT
 10
379.5540
 20
202.1080
 30
0.0000
  0
VERTEX
  8
CUT
 10
379.7630
 20
201.3560
 30
0.0000
  0
VERTEX
  8
CUT
 10
379.9350
 20
200.6070
 30
0.0000
  0
VERTEX
  8
CUT
 10
380.0700
 20
199.8630
 30
0.0000
  0
VERTEX
  8
CUT
 10
380.1610
 20
199.1240
 30
0.0000
  0
VERTEX
  8
CUT
 10
380.2010
 20
198.3930
 30
0.0000
  0
VERTEX
  8
CUT
 10
380.1670
 20
197.6740
 30
0.0000
  0
VERTEX
  8
CUT
 10
379.9920
 20
196.6530
 30
0.0000
  0
VERTEX
  8
CUT
 10
380.3890
 20
196.5830
 30
0.0000
  0
VERTEX
  8
CUT
 10
380.7860
 20
196.5090
 30
0.0000
  0
VERTEX
  8
CUT
 10
381.1810
 20
196.4310
 30
0.0000
  0
VERTEX
  8
CUT
 10
381.5760
 20
196.3490
 30
0.0000
  0
VERTEX
  8
CUT
 10
381.9710
 20
196.2630
 30
0.0000
  0
VERTEX
  8
CUT
 10
382.3640
 20
196.1730
 30
0.0000
  0
VERTEX
  8
CUT
 10
382.7560
 20
196.0800
 30
0.0000
  0
VERTEX
  8
CUT
 10
383.1480
 20
195.9820
 30
0.0000
  0
VERTEX
  8
CUT
 10
383.4030
 20
196.9870
 30
0.0000
  0
VERTEX
  8
CUT
 10
383.6640
 20
197.6570
 30
0.0000
  0
VERTEX
  8
CUT
 10
383.9980
 20
198.3080
 30
0.0000
  0
VERTEX
  8
CUT
 10
384.3820
 20
198.9460
 30
0.0000
  0
VERTEX
  8
CUT
 10
384.8080
 20
199.5720
 30
0.0000
  0
VERTEX
  8
CUT
 10
385.2700
 20
200.1850
 30
0.0000
  0
VERTEX
  8
CUT
 10
385.7660
 20
200.7880
 30
0.0000
  0
VERTEX
  8
CUT
 10
386.2950
 20
201.3780
 30
0.0000
  0
VERTEX
  8
CUT
 10
386.8540
 20
201.9570
 30
0.0000
  0
VERTEX
  8
CUT
 10
387.0990
 20
201.8830
 30
0.0000
  0
VERTEX
  8
CUT
 10
387.3440
 20
201.8070
 30
0.0000
  0
VERTEX
  8
CUT
 10
387.5890
 20
201.7290
 30
0.0000
  0
VERTEX
  8
CUT
 10
387.8330
 20
201.6510
 30
0.0000
  0
VERTEX
  8
CUT
 10
388.0770
 20
201.5710
 30
0.0000
  0
VERTEX
  8
CUT
 10
388.3200
 20
201.4900
 30
0.0000
  0
VERTEX
  8
CUT
 10
388.5630
 20
201.4070
 30
0.0000
  0
VERTEX
  8
CUT
 10
388.8050
 20
201.3230
 30
0.0000
  0
VERTEX
  8
CUT
 10
388.9170
 20
200.5260
 30
0.0000
  0
VERTEX
  8
CUT
 10
388.9970
 20
199.7380
 30
0.0000
  0
VERTEX
  8
CUT
 10
389.0450
 20
198.9590
 30
0.0000
  0
VERTEX
  8
CUT
 10
389.0580
 20
198.1900
 30
0.0000
  0
VERTEX
  8
CUT
 10
389.0350
 20
197.4340
 30
0.0000
  0
VERTEX
  8
CUT
 10
388.9700
 20
196.6930
 30
0.0000
  0
VERTEX
  8
CUT
 10
388.8580
 20
195.9690
 30
0.0000
  0
VERTEX
  8
CUT
 10
388.6750
 20
195.2730
 30
0.0000
  0
VERTEX
  8
CUT
 10
388.2910
 20
194.3110
 30
0.0000
  0
VERTEX
  8
CUT
 10
388.6650
 20
194.1600
 30
0.0000
  0
VERTEX
  8
CUT
 10
389.0380
 20
194.0050
 30
0.0000
  0
VERTEX
  8
CUT
 10
389.4090
 20
193.8460
 30
0.0000
  0
VERTEX
  8
CUT
 10
389.7780
 20
193.6840
 30
0.0000
  0
VERTEX
  8
CUT
 10
390.1460
 20
193.5180
 30
0.0000
  0
VERTEX
  8
CUT
 10
390.5120
 20
193.3480
 30
0.0000
  0
VERTEX
  8
CUT
 10
390.8760
 20
193.1750
 30
0.0000
  0
VERTEX
  8
CUT
 10
391.2390
 20
192.9990
 30
0.0000
  0
VERTEX
  8
CUT
 10
391.6970
 20
193.9280
 30
0.0000
  0
VERTEX
  8
CUT
 10
392.0920
 20
194.5300
 30
0.0000
  0
VERTEX
  8
CUT
 10
392.5540
 20
195.0970
 30
0.0000
  0
VERTEX
  8
CUT
 10
393.0620
 20
195.6410
 30
0.0000
  0
VERTEX
  8
CUT
 10
393.6090
 20
196.1640
 30
0.0000
  0
VERTEX
  8
CUT
 10
394.1880
 20
196.6690
 30
0.0000
  0
VERTEX
  8
CUT
 10
394.7990
 20
197.1550
 30
0.0000
  0
VERTEX
  8
CUT
 10
395.4390
 20
197.6230
 30
0.0000
  0
VERTEX
  8
CUT
 10
396.1060
 20
198.0730
 30
0.0000
  0
VERTEX
  8
CUT
 10
396.3300
 20
197.9490
 30
0.0000
  0
VERTEX
  8
CUT
 10
396.5540
 20
197.8230
 30
0.0000
  0
VERTEX
  8
CUT
 10
396.7780
 20
197.6970
 30
0.0000
  0
VERTEX
  8
CUT
 10
397.0000
 20
197.5690
 30
0.0000
  0
VERTEX
  8
CUT
 10
397.2220
 20
197.4400
 30
0.0000
  0
VERTEX
  8
CUT
 10
397.4430
 20
197.3100
 30
0.0000
  0
VERTEX
  8
CUT
 10
397.6630
 20
197.1790
 30
0.0000
  0
VERTEX
  8
CUT
 10
397.8830
 20
197.0470
 30
0.0000
  0
VERTEX
  8
CUT
 10
397.8270
 20
196.2440
 30
0.0000
  0
VERTEX
  8
CUT
 10
397.7410
 20
195.4560
 30
0.0000
  0
VERTEX
  8
CUT
 10
397.6260
 20
194.6840
 30
0.0000
  0
VERTEX
  8
CUT
 10
397.4790
 20
193.9300
 30
0.0000
  0
VERTEX
  8
CUT
 10
397.2990
 20
193.1950
 30
0.0000
  0
VERTEX
  8
CUT
 10
397.0820
 20
192.4830
 30
0.0000
  0
VERTEX
  8
CUT
 10
396.8220
 20
191.7990
 30
0.0000
  0
VERTEX
  8
CUT
 10
396.4980
 20
191.1560
 30
0.0000
  0
VERTEX
  8
CUT
 10
395.9220
 20
190.2950
 30
0.0000
  0
VERTEX
  8
CUT
 10
396.2570
 20
190.0690
 30
0.0000
  0
VERTEX
  8
CUT
 10
396.5890
 20
189.8400
 30
0.0000
  0
VERTEX
  8
CUT
 10
396.9190
 20
189.6070
 30
0.0000
  0
VERTEX
  8
CUT
 10
397.2460
 20
189.3720
 30
0.0000
  0
VERTEX
  8
CUT
 10
397.5710
 20
189.1330
 30
0.0000
  0
VERTEX
  8
CUT
 10
397.8940
 20
188.8910
 30
0.0000
  0
VERTEX
  8
CUT
 10
398.2150
 20
188.6460
 30
0.0000
  0
VERTEX
  8
CUT
 10
398.5330
 20
188.3980
 30
0.0000
  0
VERTEX
  8
CUT
 10
399.1740
 20
189.2120
 30
0.0000
  0
VERTEX
  8
CUT
 10
399.6860
 20
189.7180
 30
0.0000
  0
VERTEX
  8
CUT
 10
400.2560
 20
190.1770
 30
0.0000
  0
VERTEX
  8
CUT
 10
400.8660
 20
190.6040
 30
0.0000
  0
VERTEX
  8
CUT
 10
401.5090
 20
191.0020
 30
0.0000
  0
VERTEX
  8
CUT
 10
402.1810
 20
191.3750
 30
0.0000
  0
VERTEX
  8
CUT
 10
402.8790
 20
191.7230
 30
0.0000
  0
VERTEX
  8
CUT
 10
403.6020
 20
192.0480
 30
0.0000
  0
VERTEX
  8
CUT
 10
404.3480
 20
192.3490
 30
0.0000
  0
VERTEX
  8
CUT
 10
404.5420
 20
192.1810
 30
0.0000
  0
VERTEX
  8
CUT
 10
404.7350
 20
192.0120
 30
0.0000
  0
VERTEX
  8
CUT
 10
404.9270
 20
191.8420
 30
0.0000
  0
VERTEX
  8
CUT
 10
405.1180
 20
191.6710
 30
0.0000
  0
VERTEX
  8
CUT
 10
405.3080
 20
191.4990
 30
0.0000
  0
VERTEX
  8
CUT
 10
405.4980
 20
191.3260
 30
0.0000
  0
VERTEX
  8
CUT
 10
405.6860
 20
191.1510
 30
0.0000
  0
VERTEX
  8
CUT
 10
405.8730
 20
190.9760
 30
0.0000
  0
VERTEX
  8
CUT
 10
405.6510
 20
190.2030
 30
0.0000
  0
VERTEX
  8
CUT
 10
405.4040
 20
189.4500
 30
0.0000
  0
VERTEX
  8
CUT
 10
405.1310
 20
188.7190
 30
0.0000
  0
VERTEX
  8
CUT
 10
404.8300
 20
188.0110
 30
0.0000
  0
VERTEX
  8
CUT
 10
404.5010
 20
187.3300
 30
0.0000
  0
VERTEX
  8
CUT
 10
404.1410
 20
186.6790
 30
0.0000
  0
VERTEX
  8
CUT
 10
403.7440
 20
186.0640
 30
0.0000
  0
VERTEX
  8
CUT
 10
403.2940
 20
185.5020
 30
0.0000
  0
VERTEX
  8
CUT
 10
402.5520
 20
184.7790
 30
0.0000
  0
VERTEX
  8
CUT
 10
402.8320
 20
184.4890
 30
0.0000
  0
VERTEX
  8
CUT
 10
403.1090
 20
184.1960
 30
0.0000
  0
VERTEX
  8
CUT
 10
403.3830
 20
183.9000
 30
0.0000
  0
VERTEX
  8
CUT
 10
403.6550
 20
183.6020
 30
0.0000
  0
VERTEX
  8
CUT
 10
403.9230
 20
183.3010
 30
0.0000
  0
VERTEX
  8
CUT
 10
404.1890
 20
182.9970
 30
0.0000
  0
VERTEX
  8
CUT
 10
404.4510
 20
182.6900
 30
0.0000
  0
VERTEX
  8
CUT
 10
404.7110
 20
182.3820
 30
0.0000
  0
VERTEX
  8
CUT
 10
405.5070
 20
183.0440
 30
0.0000
  0
VERTEX
  8
CUT
 10
406.1130
 20
183.4330
 30
0.0000
  0
VERTEX
  8
CUT
 10
406.7660
 20
183.7640
 30
0.0000
  0
VERTEX
  8
CUT
 10
407.4520
 20
184.0540
 30
0.0000
  0
VERTEX
  8
CUT
 10
408.1630
 20
184.3100
 30
0.0000
  0
VERTEX
  8
CUT
 10
408.8980
 20
184.5350
 30
0.0000
  0
VERTEX
  8
CUT
 10
409.6540
 20
184.7300
 30
0.0000
  0
VERTEX
  8
CUT
 10
410.4280
 20
184.8970
 30
0.0000
  0
VERTEX
  8
CUT
 10
411.2210
 20
185.0370
 30
0.0000
  0
VERTEX
  8
CUT
 10
411.3750
 20
184.8330
 30
0.0000
  0
VERTEX
  8
CUT
 10
411.5290
 20
184.6270
 30
0.0000
  0
VERTEX
  8
CUT
 10
411.6810
 20
184.4210
 30
0.0000
  0
VERTEX
  8
CUT
 10
411.8330
 20
184.2140
 30
0.0000
  0
VERTEX
  8
CUT
 10
411.9830
 20
184.0060
 30
0.0000
  0
VERTEX
  8
CUT
 10
412.1320
 20
183.7970
 30
0.0000
  0
VERTEX
  8
CUT
 10
412.2800
 20
183.5870
 30
0.0000
  0
VERTEX
  8
CUT
 10
412.4270
 20
183.3770
 30
0.0000
  0
VERTEX
  8
CUT
 10
412.0490
 20
182.6670
 30
0.0000
  0
VERTEX
  8
CUT
 10
411.6500
 20
181.9820
 30
0.0000
  0
VERTEX
  8
CUT
 10
411.2310
 20
181.3230
 30
0.0000
  0
VERTEX
  8
CUT
 10
410.7900
 20
180.6940
 30
0.0000
  0
VERTEX
  8
CUT
 10
410.3270
 20
180.0960
 30
0.0000
  0
VERTEX
  8
CUT
 10
409.8390
 20
179.5340
 30
0.0000
  0
VERTEX
  8
CUT
 10
409.3230
 20
179.0150
 30
0.0000
  0
VERTEX
  8
CUT
 10
408.7660
 20
178.5590
 30
0.0000
  0
VERTEX
  8
CUT
 10
407.8900
 20
178.0060
 30
0.0000
  0
VERTEX
  8
CUT
 10
408.1030
 20
177.6640
 30
0.0000
  0
VERTEX
  8
CUT
 10
408.3130
 20
177.3200
 30
0.0000
  0
VERTEX
  8
CUT
 10
408.5200
 20
176.9730
 30
0.0000
  0
VERTEX
  8
CUT
 10
408.7240
 20
176.6250
 30
0.0000
  0
VERTEX
  8
CUT
 10
408.9240
 20
176.2750
 30
0.0000
  0
VERTEX
  8
CUT
 10
409.1200
 20
175.9220
 30
0.0000
  0
VERTEX
  8
CUT
 10
409.3130
 20
175.5680
 30
0.0000
  0
VERTEX
  8
CUT
 10
409.5030
 20
175.2120
 30
0.0000
  0
VERTEX
  8
CUT
 10
410.4200
 20
175.6950
 30
0.0000
  0
VERTEX
  8
CUT
 10
411.0930
 20
175.9490
 30
0.0000
  0
VERTEX
  8
CUT
 10
411.8010
 20
176.1360
 30
0.0000
  0
VERTEX
  8
CUT
 10
412.5310
 20
176.2780
 30
0.0000
  0
VERTEX
  8
CUT
 10
413.2810
 20
176.3800
 30
0.0000
  0
VERTEX
  8
CUT
 10
414.0460
 20
176.4470
 30
0.0000
  0
VERTEX
  8
CUT
 10
414.8260
 20
176.4810
 30
0.0000
  0
VERTEX
  8
CUT
 10
415.6190
 20
176.4840
 30
0.0000
  0
VERTEX
  8
CUT
 10
416.4230
 20
176.4560
 30
0.0000
  0
VERTEX
  8
CUT
 10
416.5320
 20
176.2240
 30
0.0000
  0
VERTEX
  8
CUT
 10
416.6390
 20
175.9910
 30
0.0000
  0
VERTEX
  8
CUT
 10
416.7450
 20
175.7570
 30
0.0000
  0
VERTEX
  8
CUT
 10
416.8500
 20
175.5230
 30
0.0000
  0
VERTEX
  8
CUT
 10
416.9540
 20
175.2890
 30
0.0000
  0
VERTEX
  8
CUT
 10
417.0560
 20
175.0540
 30
0.0000
  0
VERTEX
  8
CUT
 10
417.1580
 20
174.8180
 30
0.0000
  0
VERTEX
  8
CUT
 10
417.2570
 20
174.5820
 30
0.0000
  0
VERTEX
  8
CUT
 10
416.7400
 20
173.9650
 30
0.0000
  0
VERTEX
  8
CUT
 10
416.2080
 20
173.3780
 30
0.0000
  0
VERTEX
  8
CUT
 10
415.6610
 20
172.8210
 30
0.0000
  0
VERTEX
  8
CUT
 10
415.0990
 20
172.2970
 30
0.0000
  0
VERTEX
  8
CUT
 10
414.5210
 20
171.8090
 30
0.0000
  0
VERTEX
  8
CUT
 10
413.9270
 20
171.3610
 30
0.0000
  0
VERTEX
  8
CUT
 10
413.3140
 20
170.9600
 30
0.0000
  0
VERTEX
  8
CUT
 10
412.6750
 20
170.6300
 30
0.0000
  0
VERTEX
  8
CUT
 10
411.7030
 20
170.2720
 30
0.0000
  0
VERTEX
  8
CUT
 10
411.8400
 20
169.8920
 30
0.0000
  0
VERTEX
  8
CUT
 10
411.9740
 20
169.5120
 30
0.0000
  0
VERTEX
  8
CUT
 10
412.1050
 20
169.1300
 30
0.0000
  0
VERTEX
  8
CUT
 10
412.2310
 20
168.7470
 30
0.0000
  0
VERTEX
  8
CUT
 10
412.3540
 20
168.3630
 30
0.0000
  0
VERTEX
  8
CUT
 10
412.4730
 20
167.9770
 30
0.0000
  0
VERTEX
  8
CUT
 10
412.5880
 20
167.5910
 30
0.0000
  0
VERTEX
  8
CUT
 10
412.7000
 20
167.2030
 30
0.0000
  0
VERTEX
  8
CUT
 10
413.6970
 20
167.4840
 30
0.0000
  0
VERTEX
  8
CUT
 10
414.4080
 20
167.5930
 30
0.0000
  0
VERTEX
  8
CUT
 10
415.1390
 20
167.6290
 30
0.0000
  0
VERTEX
  8
CUT
 10
415.8840
 20
167.6160
 30
0.0000
  0
VERTEX
  8
CUT
 10
416.6380
 20
167.5600
 30
0.0000
  0
VERTEX
  8
CUT
 10
417.4010
 20
167.4670
 30
0.0000
  0
VERTEX
  8
CUT
 10
418.1700
 20
167.3380
 30
0.0000
  0
VERTEX
  8
CUT
 10
418.9460
 20
167.1750
 30
0.0000
  0
VERTEX
  8
CUT
 10
419.7270
 20
166.9810
 30
0.0000
  0
VERTEX
  8
CUT
 10
419.7850
 20
166.7310
 30
0.0000
  0
VERTEX
  8
CUT
 10
419.8420
 20
166.4810
 30
0.0000
  0
VERTEX
  8
CUT
 10
419.8970
 20
166.2310
 30
0.0000
  0
VERTEX
  8
CUT
 10
419.9510
 20
165.9800
 30
0.0000
  0
VERTEX
  8
CUT
 10
420.0040
 20
165.7290
 30
0.0000
  0
VERTEX
  8
CUT
 10
420.0550
 20
165.4770
 30
0.0000
  0
VERTEX
  8
CUT
 10
420.1050
 20
165.2260
 30
0.0000
  0
VERTEX
  8
CUT
 10
420.1540
 20
164.9740
 30
0.0000
  0
VERTEX
  8
CUT
 10
419.5190
 20
164.4790
 30
0.0000
  0
VERTEX
  8
CUT
 10
418.8770
 20
164.0150
 30
0.0000
  0
VERTEX
  8
CUT
 10
418.2260
 20
163.5840
 30
0.0000
  0
VERTEX
  8
CUT
 10
417.5670
 20
163.1880
 30
0.0000
  0
VERTEX
  8
CUT
 10
416.9010
 20
162.8310
 30
0.0000
  0
VERTEX
  8
CUT
 10
416.2260
 20
162.5160
 30
0.0000
  0
VERTEX
  8
CUT
 10
415.5440
 20
162.2510
 30
0.0000
  0
VERTEX
  8
CUT
 10
414.8490
 20
162.0620
 30
0.0000
  0
VERTEX
  8
CUT
 10
413.8240
 20
161.9130
 30
0.0000
  0
VERTEX
  8
CUT
 10
413.8800
 20
161.5130
 30
0.0000
  0
VERTEX
  8
CUT
 10
413.9320
 20
161.1130
 30
0.0000
  0
VERTEX
  8
CUT
 10
413.9800
 20
160.7130
 30
0.0000
  0
VERTEX
  8
CUT
 10
414.0240
 20
160.3120
 30
0.0000
  0
VERTEX
  8
CUT
 10
414.0640
 20
159.9100
 30
0.0000
  0
VERTEX
  8
CUT
 10
414.1010
 20
159.5090
 30
0.0000
  0
VERTEX
  8
CUT
 10
414.1330
 20
159.1060
 30
0.0000
  0
SEQEND
  8
CUT
  0
CIRCLE
  8
CUT
 10
373.0000
 20
156.0000
 30
0.0000
 40
5.2500
  0
POLYLINE
  8
CUT
 66
1
 10
0.0000
 20
0.0000
 30
0.0000
 70
1
  0
VERTEX
  8
CUT
 10
393.0000
 20
150.7500
 30
0.0000
  0
VERTEX
  8
CUT
 10
404.0000
 20
150.7500
 30
0.0000
  0
VERTEX
  8
CUT
 10
404.9117
 20
150.8298
 30
0.0000
  0
VERTEX
  8
CUT
 10
405.7956
 20
151.0666
 30
0.0000
  0
VERTEX
  8
CUT
 10
406.6250
 20
151.4534
 30
0.0000
  0
VERTEX
  8
CUT
 10
407.3746
 20
151.9783
 30
0.0000
  0
VERTEX
  8
CUT
 10
408.0217
 20
152.6254
 30
0.0000
  0
VERTEX
  8
CUT
 10
408.5466
 20
153.3750
 30
0.0000
  0
VERTEX
  8
CUT
 10
408.9334
 20
154.2044
 30
0.0000
  0
VERTEX
  8
CUT
 10
409.1702
 20
155.0883
 30
0.0000
  0
VERTEX
  8
CUT
 10
409.2500
 20
156.0000
 30
0.0000
  0
VERTEX
  8
CUT
 10
409.1702
 20
156.9117
 30
0.0000
  0
VERTEX
  8
CUT
 10
408.9334
 20
157.7956
 30
0.0000
  0
VERTEX
  8
CUT
 10
408.5466
 20
158.6250
 30
0.0000
  0
VERTEX
  8
CUT
 10
408.0217
 20
159.3746
 30
0.0000
  0
VERTEX
  8
CUT
 10
407.3746
 20
160.0217
 30
0.0000
  0
VERTEX
  8
CUT
 10
406.6250
 20
160.5466
 30
0.0000
  0
VERTEX
  8
CUT
 10
405.7956
 20
160.9334
 30
0.0000
  0
VERTEX
  8
CUT
 10
404.9117
 20
161.1702
 30
0.0000
  0
VERTEX
  8
CUT
 10
404.0000
 20
161.2500
 30
0.0000
  0
VERTEX
  8
CUT
 10
393.0000
 20
161.2500
 30
0.0000
  0
VERTEX
  8
CUT
 10
392.0883
 20
161.1702
 30
0.0000
  0
VERTEX
  8
CUT
 10
391.2044
 20
160.9334
 30
0.0000
  0
VERTEX
  8
CUT
 10
390.3750
 20
160.5466
 30
0.0000
  0
VERTEX
  8
CUT
 10
389.6254
 20
160.0217
 30
0.0000
  0
VERTEX
  8
CUT
 10
388.9783
 20
159.3746
 30
0.0000
  0
VERTEX
  8
CUT
 10
388.4534
 20
158.6250
 30
0.0000
  0
VERTEX
  8
CUT
 10
388.0666
 20
157.7956
 30
0.0000
  0
VERTEX
  8
CUT
 10
387.8298
 20
156.9117
 30
0.0000
  0
VERTEX
  8
CUT
 10
387.7500
 20
156.0000
 30
0.0000
  0
VERTEX
  8
CUT
 10
387.8298
 20
155.0883
 30
0.0000
  0
VERTEX
  8
CUT
 10
388.0666
 20
154.2044
 30
0.0000
  0
VERTEX
  8
CUT
 10
388.4534
 20
153.3750
 30
0.0000
  0
VERTEX
  8
CUT
 10
388.9783
 20
152.6254
 30
0.0000
  0
VERTEX
  8
CUT
 10
389.6254
 20
151.9783
 30
0.0000
  0
VERTEX
  8
CUT
 10
390.3750
 20
151.4534
 30
0.0000
  0
VERTEX
  8
CUT
 10
391.2044
 20
151.0666
 30
0.0000
  0
VERTEX
  8
CUT
 10
392.0883
 20
150.8298
 30
0.0000
  0
SEQEND
  8
CUT
  0
POLYLINE
  8
CUT
 66
1
 10
0.0000
 20
0.0000
 30
0.0000
 70
1
  0
VERTEX
  8
CUT
 10
353.0000
 20
161.2500
 30
0.0000
  0
VERTEX
  8
CUT
 10
342.0000
 20
161.2500
 30
0.0000
  0
VERTEX
  8
CUT
 10
341.0883
 20
161.1702
 30
0.0000
  0
VERTEX
  8
CUT
 10
340.2044
 20
160.9334
 30
0.0000
  0
VERTEX
  8
CUT
 10
339.3750
 20
160.5466
 30
0.0000
  0
VERTEX
  8
CUT
 10
338.6254
 20
160.0217
 30
0.0000
  0
VERTEX
  8
CUT
 10
337.9783
 20
159.3746
 30
0.0000
  0
VERTEX
  8
CUT
 10
337.4534
 20
158.6250
 30
0.0000
  0
VERTEX
  8
CUT
 10
337.0666
 20
157.7956
 30
0.0000
  0
VERTEX
  8
CUT
 10
336.8298
 20
156.9117
 30
0.0000
  0
VERTEX
  8
CUT
 10
336.7500
 20
156.0000
 30
0.0000
  0
VERTEX
  8
CUT
 10
336.8298
 20
155.0883
 30
0.0000
  0
VERTEX
  8
CUT
 10
337.0666
 20
154.2044
 30
0.0000
  0
VERTEX
  8
CUT
 10
337.4534
 20
153.3750
 30
0.0000
  0
VERTEX
  8
CUT
 10
337.9783
 20
152.6254
 30
0.0000
  0
VERTEX
  8
CUT
 10
338.6254
 20
151.9783
 30
0.0000
  0
VERTEX
  8
CUT
 10
339.3750
 20
151.4534
 30
0.0000
  0
VERTEX
  8
CUT
 10
340.2044
 20
151.0666
 30
0.0000
  0
VERTEX
  8
CUT
 10
341.0883
 20
150.8298
 30
0.0000
  0
VERTEX
  8
CUT
 10
342.0000
 20
150.7500
 30
0.0000
  0
VERTEX
  8
CUT
 10
353.0000
 20
150.7500
 30
0.0000
  0
VERTEX
  8
CUT
 10
353.9117
 20
150.8298
 30
0.0000
  0
VERTEX
  8
CUT
 10
354.7956
 20
151.0666
 30
0.0000
  0
VERTEX
  8
CUT
 10
355.6250
 20
151.4534
 30
0.0000
  0
VERTEX
  8
CUT
 10
356.3746
 20
151.9783
 30
0.0000
  0
VERTEX
  8
CUT
 10
357.0217
 20
152.6254
 30
0.0000
  0
VERTEX
  8
CUT
 10
357.5466
 20
153.3750
 30
0.0000
  0
VERTEX
  8
CUT
 10
357.9334
 20
154.2044
 30
0.0000
  0
VERTEX
  8
CUT
 10
358.1702
 20
155.0883
 30
0.0000
  0
VERTEX
  8
CUT
 10
358.2500
 20
156.0000
 30
0.0000
  0
VERTEX
  8
CUT
 10
358.1702
 20
156.9117
 30
0.0000
  0
VERTEX
  8
CUT
 10
357.9334
 20
157.7956
 30
0.0000
  0
VERTEX
  8
CUT
 10
357.5466
 20
158.6250
 30
0.0000
  0
VERTEX
  8
CUT
 10
357.0217
 20
159.3746
 30
0.0000
  0
VERTEX
  8
CUT
 10
356.3746
 20
160.0217
 30
0.0000
  0
VERTEX
  8
CUT
 10
355.6250
 20
160.5466
 30
0.0000
  0
VERTEX
  8
CUT
 10
354.7956
 20
160.9334
 30
0.0000
  0
VERTEX
  8
CUT
 10
353.9117
 20
161.1702
 30
0.0000
  0
SEQEND
  8
CUT
  0
TEXT
  8
LABELS
 10
373.0000
 20
140.0000
 30
0.0000
 40
6
  1
rechts z30
 72
1
 11
373.0000
 21
140.0000
 31
0.0000
  0
POLYLINE
  8
CUT
 66
1
 10
0.0000
 20
0.0000
 30
0.0000
 70
1
  0
VERTEX
  8
CUT
 10
399.1420
 20
69.3840
 30
0.0000
  0
VERTEX
  8
CUT
 10
401.0740
 20
69.5600
 30
0.0000
  0
VERTEX
  8
CUT
 10
401.6800
 20
69.5310
 30
0.0000
  0
VERTEX
  8
CUT
 10
402.2920
 20
69.4310
 30
0.0000
  0
VERTEX
  8
CUT
 10
402.9070
 20
69.2810
 30
0.0000
  0
VERTEX
  8
CUT
 10
403.5240
 20
69.0880
 30
0.0000
  0
VERTEX
  8
CUT
 10
404.1410
 20
68.8580
 30
0.0000
  0
VERTEX
  8
CUT
 10
404.7580
 20
68.5920
 30
0.0000
  0
VERTEX
  8
CUT
 10
405.3730
 20
68.2920
 30
0.0000
  0
VERTEX
  8
CUT
 10
405.9860
 20
67.9600
 30
0.0000
  0
VERTEX
  8
CUT
 10
405.9920
 20
67.7200
 30
0.0000
  0
VERTEX
  8
CUT
 10
405.9970
 20
67.4800
 30
0.0000
  0
VERTEX
  8
CUT
 10
405.9990
 20
67.2400
 30
0.0000
  0
VERTEX
  8
CUT
 10
406.0000
 20
67.0000
 30
0.0000
  0
VERTEX
  8
CUT
 10
405.9990
 20
66.7600
 30
0.0000
  0
VERTEX
  8
CUT
 10
405.9970
 20
66.5200
 30
0.0000
  0
VERTEX
  8
CUT
 10
405.9920
 20
66.2800
 30
0.0000
  0
VERTEX
  8
CUT
 10
405.9860
 20
66.0400
 30
0.0000
  0
VERTEX
  8
CUT
 10
405.3730
 20
65.7080
 30
0.0000
  0
VERTEX
  8
CUT
 10
404.7580
 20
65.4080
 30
0.0000
  0
VERTEX
  8
CUT
 10
404.1410
 20
65.1420
 30
0.0000
  0
VERTEX
  8
CUT
 10
403.5240
 20
64.9120
 30
0.0000
  0
VERTEX
  8
CUT
 10
402.9070
 20
64.7190
 30
0.0000
  0
VERTEX
  8
CUT
 10
402.2920
 20
64.5690
 30
0.0000
  0
VERTEX
  8
CUT
 10
401.6800
 20
64.4690
 30
0.0000
  0
VERTEX
  8
CUT
 10
401.0740
 20
64.4400
 30
0.0000
  0
VERTEX
  8
CUT
 10
399.1420
 20
64.6160
 30
0.0000
  0
VERTEX
  8
CUT
 10
399.0990
 20
64.1840
 30
0.0000
  0
VERTEX
  8
CUT
 10
399.0480
 20
63.7530
 30
0.0000
  0
VERTEX
  8
CUT
 10
398.9910
 20
63.3230
 30
0.0000
  0
VERTEX
  8
CUT
 10
398.9270
 20
62.8940
 30
0.0000
  0
VERTEX
  8
CUT
 10
398.8550
 20
62.4660
 30
0.0000
  0
VERTEX
  8
CUT
 10
398.7770
 20
62.0390
 30
0.0000
  0
VERTEX
  8
CUT
 10
398.6910
 20
61.6130
 30
0.0000
  0
VERTEX
  8
CUT
 10
398.5990
 20
61.1890
 30
0.0000
  0
VERTEX
  8
CUT
 10
400.4910
 20
60.7600
 30
0.0000
  0
VERTEX
  8
CUT
 10
401.0590
 20
60.5450
 30
0.0000
  0
VERTEX
  8
CUT
 10
401.6100
 20
60.2600
 30
0.0000
  0
VERTEX
  8
CUT
 10
402.1480
 20
59.9270
 30
0.0000
  0
VERTEX
  8
CUT
 10
402.6750
 20
59.5540
 30
0.0000
  0
VERTEX
  8
CUT
 10
403.1910
 20
59.1440
 30
0.0000
  0
VERTEX
  8
CUT
 10
403.6950
 20
58.7000
 30
0.0000
  0
VERTEX
  8
CUT
 10
404.1880
 20
58.2250
 30
0.0000
  0
VERTEX
  8
CUT
 10
404.6680
 20
57.7190
 30
0.0000
  0
VERTEX
  8
CUT
 10
404.6000
 20
57.4890
 30
0.0000
  0
VERTEX
  8
CUT
 10
404.5300
 20
57.2600
 30
0.0000
  0
VERTEX
  8
CUT
 10
404.4580
 20
57.0310
 30
0.0000
  0
VERTEX
  8
CUT
 10
404.3850
 20
56.8020
 30
0.0000
  0
VERTEX
  8
CUT
 10
404.3100
 20
56.5750
 30
0.0000
  0
VERTEX
  8
CUT
 10
404.2330
 20
56.3470
 30
0.0000
  0
VERTEX
  8
CUT
 10
404.1550
 20
56.1200
 30
0.0000
  0
VERTEX
  8
CUT
 10
404.0750
 20
55.8940
 30
0.0000
  0
VERTEX
  8
CUT
 10
403.3890
 20
55.7670
 30
0.0000
  0
VERTEX
  8
CUT
 10
402.7120
 20
55.6720
 30
0.0000
  0
VERTEX
  8
CUT
 10
402.0430
 20
55.6100
 30
0.0000
  0
VERTEX
  8
CUT
 10
401.3850
 20
55.5810
 30
0.0000
  0
VERTEX
  8
CUT
 10
400.7390
 20
55.5890
 30
0.0000
  0
VERTEX
  8
CUT
 10
400.1080
 20
55.6360
 30
0.0000
  0
VERTEX
  8
CUT
 10
399.4940
 20
55.7300
 30
0.0000
  0
VERTEX
  8
CUT
 10
398.9090
 20
55.8900
 30
0.0000
  0
VERTEX
  8
CUT
 10
397.1250
 20
56.6550
 30
0.0000
  0
VERTEX
  8
CUT
 10
396.9510
 20
56.2570
 30
0.0000
  0
VERTEX
  8
CUT
 10
396.7700
 20
55.8630
 30
0.0000
  0
VERTEX
  8
CUT
 10
396.5830
 20
55.4710
 30
0.0000
  0
VERTEX
  8
CUT
 10
396.3890
 20
55.0830
 30
0.0000
  0
VERTEX
  8
CUT
 10
396.1890
 20
54.6980
 30
0.0000
  0
VERTEX
  8
CUT
 10
395.9820
 20
54.3160
 30
0.0000
  0
VERTEX
  8
CUT
 10
395.7690
 20
53.9380
 30
0.0000
  0
VERTEX
  8
CUT
 10
395.5500
 20
53.5630
 30
0.0000
  0
VERTEX
  8
CUT
 10
397.2170
 20
52.5700
 30
0.0000
  0
VERTEX
  8
CUT
 10
397.6910
 20
52.1900
 30
0.0000
  0
VERTEX
  8
CUT
 10
398.1270
 20
51.7490
 30
0.0000
  0
VERTEX
  8
CUT
 10
398.5360
 20
51.2660
 30
0.0000
  0
VERTEX
  8
CUT
 10
398.9220
 20
50.7480
 30
0.0000
  0
VERTEX
  8
CUT
 10
399.2860
 20
50.1990
 30
0.0000
  0
VERTEX
  8
CUT
 10
399.6280
 20
49.6210
 30
0.0000
  0
VERTEX
  8
CUT
 10
399.9500
 20
49.0170
 30
0.0000
  0
VERTEX
  8
CUT
 10
400.2500
 20
48.3880
 30
0.0000
  0
VERTEX
  8
CUT
 10
400.1140
 20
48.1900
 30
0.0000
  0
VERTEX
  8
CUT
 10
399.9770
 20
47.9930
 30
0.0000
  0
VERTEX
  8
CUT
 10
399.8380
 20
47.7980
 30
0.0000
  0
VERTEX
  8
CUT
 10
399.6980
 20
47.6030
 30
0.0000
  0
VERTEX
  8
CUT
 10
399.5560
 20
47.4090
 30
0.0000
  0
VERTEX
  8
CUT
 10
399.4130
 20
47.2170
 30
0.0000
  0
VERTEX
  8
CUT
 10
399.2680
 20
47.0250
 30
0.0000
  0
VERTEX
  8
CUT
 10
399.1220
 20
46.8350
 30
0.0000
  0
VERTEX
  8
CUT
 10
398.4310
 20
46.9260
 30
0.0000
  0
VERTEX
  8
CUT
 10
397.7570
 20
47.0450
 30
0.0000
  0
VERTEX
  8
CUT
 10
397.1020
 20
47.1930
 30
0.0000
  0
VERTEX
  8
CUT
 10
396.4670
 20
47.3690
 30
0.0000
  0
VERTEX
  8
CUT
 10
395.8550
 20
47.5760
 30
0.0000
  0
VERTEX
  8
CUT
 10
395.2690
 20
47.8160
 30
0.0000
  0
VERTEX
  8
CUT
 10
394.7150
 20
48.0940
 30
0.0000
  0
VERTEX
  8
CUT
 10
394.2080
 20
48.4270
 30
0.0000
  0
VERTEX
  8
CUT
 10
392.7480
 20
49.7060
 30
0.0000
  0
VERTEX
  8
CUT
 10
392.4590
 20
49.3820
 30
0.0000
  0
VERTEX
  8
CUT
 10
392.1650
 20
49.0620
 30
0.0000
  0
VERTEX
  8
CUT
 10
391.8660
 20
48.7480
 30
0.0000
  0
VERTEX
  8
CUT
 10
391.5620
 20
48.4380
 30
0.0000
  0
VERTEX
  8
CUT
 10
391.2520
 20
48.1340
 30
0.0000
  0
VERTEX
  8
CUT
 10
390.9380
 20
47.8350
 30
0.0000
  0
VERTEX
  8
CUT
 10
390.6180
 20
47.5410
 30
0.0000
  0
VERTEX
  8
CUT
 10
390.2940
 20
47.2520
 30
0.0000
  0
VERTEX
  8
CUT
 10
391.5730
 20
45.7920
 30
0.0000
  0
VERTEX
  8
CUT
 10
391.9060
 20
45.2850
 30
0.0000
  0
VERTEX
  8
CUT
 10
392.1840
 20
44.7310
 30
0.0000
  0
VERTEX
  8
CUT
 10
392.4240
 20
44.1450
 30
0.0000
  0
VERTEX
  8
CUT
 10
392.6310
 20
43.5330
 30
0.0000
  0
VERTEX
  8
CUT
 10
392.8070
 20
42.8980
 30
0.0000
  0
VERTEX
  8
CUT
 10
392.9550
 20
42.2430
 30
0.0000
  0
VERTEX
  8
CUT
 10
393.0740
 20
41.5690
 30
0.0000
  0
VERTEX
  8
CUT
 10
393.1650
 20
40.8780
 30
0.0000
  0
VERTEX
  8
CUT
 10
392.9750
 20
40.7320
 30
0.0000
  0
VERTEX
  8
CUT
 10
392.7830
 20
40.5870
 30
0.0000
  0
VERTEX
  8
CUT
 10
392.5910
 20
40.4440
 30
0.0000
  0
VERTEX
  8
CUT
 10
392.3970
 20
40.3020
 30
0.0000
  0
VERTEX
  8
CUT
 10
392.2020
 20
40.1620
 30
0.0000
  0
VERTEX
  8
CUT
 10
392.0070
 20
40.0230
 30
0.0000
  0
VERTEX
  8
CUT
 10
391.8100
 20
39.8860
 30
0.0000
  0
VERTEX
  8
CUT
 10
391.6120
 20
39.7500
 30
0.0000
  0
VERTEX
  8
CUT
 10
390.9830
 20
40.0500
 30
0.0000
  0
VERTEX
  8
CUT
 10
390.3790
 20
40.3720
 30
0.0000
  0
VERTEX
  8
CUT
 10
389.8010
 20
40.7140
 30
0.0000
  0
VERTEX
  8
CUT
 10
389.2520
 20
41.0780
 30
0.0000
  0
VERTEX
  8
CUT
 10
388.7340
 20
41.4640
 30
0.0000
  0
VERTEX
  8
CUT
 10
388.2510
 20
41.8730
 30
0.0000
  0
VERTEX
  8
CUT
 10
387.8100
 20
42.3090
 30
0.0000
  0
VERTEX
  8
CUT
 10
387.4300
 20
42.7830
 30
0.0000
  0
VERTEX
  8
CUT
 10
386.4370
 20
44.4500
 30
0.0000
  0
VERTEX
  8
CUT
 10
386.0620
 20
44.2310
 30
0.0000
  0
VERTEX
  8
CUT
 10
385.6840
 20
44.0180
 30
0.0000
  0
VERTEX
  8
CUT
 10
385.3020
 20
43.8110
 30
0.0000
  0
VERTEX
  8
CUT
 10
384.9170
 20
43.6110
 30
0.0000
  0
VERTEX
  8
CUT
 10
384.5290
 20
43.4170
 30
0.0000
  0
VERTEX
  8
CUT
 10
384.1370
 20
43.2300
 30
0.0000
  0
VERTEX
  8
CUT
 10
383.7430
 20
43.0490
 30
0.0000
  0
VERTEX
  8
CUT
 10
383.3450
 20
42.8750
 30
0.0000
  0
VERTEX
  8
CUT
 10
384.1100
 20
41.0910
 30
0.0000
  0
VERTEX
  8
CUT
 10
384.2700
 20
40.5060
 30
0.0000
  0
VERTEX
  8
CUT
 10
384.3640
 20
39.8920
 30
0.0000
  0
VERTEX
  8
CUT
 10
384.4110
 20
39.2610
 30
0.0000
  0
VERTEX
  8
CUT
 10
384.4190
 20
38.6150
 30
0.0000
  0
VERTEX
  8
CUT
 10
384.3900
 20
37.9570
 30
0.0000
  0
VERTEX
  8
CUT
 10
384.3280
 20
37.2880
 30
0.0000
  0
VERTEX
  8
CUT
 10
384.2330
 20
36.6110
 30
0.0000
  0
VERTEX
  8
CUT
 10
384.1060
 20
35.9250
 30
0.0000
  0
VERTEX
  8
CUT
 10
383.8800
 20
35.8450
 30
0.0000
  0
VERTEX
  8
CUT
 10
383.6530
 20
35.7670
 30
0.0000
  0
VERTEX
  8
CUT
 10
383.4250
 20
35.6900
 30
0.0000
  0
VERTEX
  8
CUT
 10
383.1980
 20
35.6150
 30
0.0000
  0
VERTEX
  8
CUT
 10
382.9690
 20
35.5420
 30
0.0000
  0
VERTEX
  8
CUT
 10
382.7400
 20
35.4700
 30
0.0000
  0
VERTEX
  8
CUT
 10
382.5110
 20
35.4000
 30
0.0000
  0
VERTEX
  8
CUT
 10
382.2810
 20
35.3320
 30
0.0000
  0
VERTEX
  8
CUT
 10
381.7750
 20
35.8120
 30
0.0000
  0
VERTEX
  8
CUT
 10
381.3000
 20
36.3050
 30
0.0000
  0
VERTEX
  8
CUT
 10
380.8560
 20
36.8090
 30
0.0000
  0
VERTEX
  8
CUT
 10
380.4460
 20
37.3250
 30
0.0000
  0
VERTEX
  8
CUT
 10
380.0730
 20
37.8520
 30
0.0000
  0
VERTEX
  8
CUT
 10
379.7400
 20
38.3900
 30
0.0000
  0
VERTEX
  8
CUT
 10
379.4550
 20
38.9410
 30
0.0000
  0
VERTEX
  8
CUT
 10
379.2400
 20
39.5090
 30
0.0000
  0
VERTEX
  8
CUT
 10
378.8110
 20
41.4010
 30
0.0000
  0
VERTEX
  8
CUT
 10
378.3870
 20
41.3090
 30
0.0000
  0
VERTEX
  8
CUT
 10
377.9610
 20
41.2230
 30
0.0000
  0
VERTEX
  8
CUT
 10
377.5340
 20
41.1450
 30
0.0000
  0
VERTEX
  8
CUT
 10
377.1060
 20
41.0730
 30
0.0000
  0
VERTEX
  8
CUT
 10
376.6770
 20
41.0090
 30
0.0000
  0
VERTEX
  8
CUT
 10
376.2470
 20
40.9520
 30
0.0000
  0
VERTEX
  8
CUT
 10
375.8160
 20
40.9010
 30
0.0000
  0
VERTEX
  8
CUT
 10
375.3840
 20
40.8580
 30
0.0000
  0
VERTEX
  8
CUT
 10
375.5600
 20
38.9260
 30
0.0000
  0
VERTEX
  8
CUT
 10
375.5310
 20
38.3200
 30
0.0000
  0
VERTEX
  8
CUT
 10
375.4310
 20
37.7080
 30
0.0000
  0
VERTEX
  8
CUT
 10
375.2810
 20
37.0930
 30
0.0000
  0
VERTEX
  8
CUT
 10
375.0880
 20
36.4760
 30
0.0000
  0
VERTEX
  8
CUT
 10
374.8580
 20
35.8590
 30
0.0000
  0
VERTEX
  8
CUT
 10
374.5920
 20
35.2420
 30
0.0000
  0
VERTEX
  8
CUT
 10
374.2920
 20
34.6270
 30
0.0000
  0
VERTEX
  8
CUT
 10
373.9600
 20
34.0140
 30
0.0000
  0
VERTEX
  8
CUT
 10
373.7200
 20
34.0080
 30
0.0000
  0
VERTEX
  8
CUT
 10
373.4800
 20
34.0030
 30
0.0000
  0
VERTEX
  8
CUT
 10
373.2400
 20
34.0010
 30
0.0000
  0
VERTEX
  8
CUT
 10
373.0000
 20
34.0000
 30
0.0000
  0
VERTEX
  8
CUT
 10
372.7600
 20
34.0010
 30
0.0000
  0
VERTEX
  8
CUT
 10
372.5200
 20
34.0030
 30
0.0000
  0
VERTEX
  8
CUT
 10
372.2800
 20
34.0080
 30
0.0000
  0
VERTEX
  8
CUT
 10
372.0400
 20
34.0140
 30
0.0000
  0
VERTEX
  8
CUT
 10
371.7080
 20
34.6270
 30
0.0000
  0
VERTEX
  8
CUT
 10
371.4080
 20
35.2420
 30
0.0000
  0
VERTEX
  8
CUT
 10
371.1420
 20
35.8590
 30
0.0000
  0
VERTEX
  8
CUT
 10
370.9120
 20
36.4760
 30
0.0000
  0
VERTEX
  8
CUT
 10
370.7190
 20
37.0930
 30
0.0000
  0
VERTEX
  8
CUT
 10
370.5690
 20
37.7080
 30
0.0000
  0
VERTEX
  8
CUT
 10
370.4690
 20
38.3200
 30
0.0000
  0
VERTEX
  8
CUT
 10
370.4400
 20
38.9260
 30
0.0000
  0
VERTEX
  8
CUT
 10
370.6160
 20
40.8580
 30
0.0000
  0
VERTEX
  8
CUT
 10
370.1840
 20
40.9010
 30
0.0000
  0
VERTEX
  8
CUT
 10
369.7530
 20
40.9520
 30
0.0000
  0
VERTEX
  8
CUT
 10
369.3230
 20
41.0090
 30
0.0000
  0
VERTEX
  8
CUT
 10
368.8940
 20
41.0730
 30
0.0000
  0
VERTEX
  8
CUT
 10
368.4660
 20
41.1450
 30
0.0000
  0
VERTEX
  8
CUT
 10
368.0390
 20
41.2230
 30
0.0000
  0
VERTEX
  8
CUT
 10
367.6130
 20
41.3090
 30
0.0000
  0
VERTEX
  8
CUT
 10
367.1890
 20
41.4010
 30
0.0000
  0
VERTEX
  8
CUT
 10
366.7600
 20
39.5090
 30
0.0000
  0
VERTEX
  8
CUT
 10
366.5450
 20
38.9410
 30
0.0000
  0
VERTEX
  8
CUT
 10
366.2600
 20
38.3900
 30
0.0000
  0
VERTEX
  8
CUT
 10
365.9270
 20
37.8520
 30
0.0000
  0
VERTEX
  8
CUT
 10
365.5540
 20
37.3250
 30
0.0000
  0
VERTEX
  8
CUT
 10
365.1440
 20
36.8090
 30
0.0000
  0
VERTEX
  8
CUT
 10
364.7000
 20
36.3050
 30
0.0000
  0
VERTEX
  8
CUT
 10
364.2250
 20
35.8120
 30
0.0000
  0
VERTEX
  8
CUT
 10
363.7190
 20
35.3320
 30
0.0000
  0
VERTEX
  8
CUT
 10
363.4890
 20
35.4000
 30
0.0000
  0
VERTEX
  8
CUT
 10
363.2600
 20
35.4700
 30
0.0000
  0
VERTEX
  8
CUT
 10
363.0310
 20
35.5420
 30
0.0000
  0
VERTEX
  8
CUT
 10
362.8020
 20
35.6150
 30
0.0000
  0
VERTEX
  8
CUT
 10
362.5750
 20
35.6900
 30
0.0000
  0
VERTEX
  8
CUT
 10
362.3470
 20
35.7670
 30
0.0000
  0
VERTEX
  8
CUT
 10
362.1200
 20
35.8450
 30
0.0000
  0
VERTEX
  8
CUT
 10
361.8940
 20
35.9250
 30
0.0000
  0
VERTEX
  8
CUT
 10
361.7670
 20
36.6110
 30
0.0000
  0
VERTEX
  8
CUT
 10
361.6720
 20
37.2880
 30
0.0000
  0
VERTEX
  8
CUT
 10
361.6100
 20
37.9570
 30
0.0000
  0
VERTEX
  8
CUT
 10
361.5810
 20
38.6150
 30
0.0000
  0
VERTEX
  8
CUT
 10
361.5890
 20
39.2610
 30
0.0000
  0
VERTEX
  8
CUT
 10
361.6360
 20
39.8920
 30
0.0000
  0
VERTEX
  8
CUT
 10
361.7300
 20
40.5060
 30
0.0000
  0
VERTEX
  8
CUT
 10
361.8900
 20
41.0910
 30
0.0000
  0
VERTEX
  8
CUT
 10
362.6550
 20
42.8750
 30
0.0000
  0
VERTEX
  8
CUT
 10
362.2570
 20
43.0490
 30
0.0000
  0
VERTEX
  8
CUT
 10
361.8630
 20
43.2300
 30
0.0000
  0
VERTEX
  8
CUT
 10
361.4710
 20
43.4170
 30
0.0000
  0
VERTEX
  8
CUT
 10
361.0830
 20
43.6110
 30
0.0000
  0
VERTEX
  8
CUT
 10
360.6980
 20
43.8110
 30
0.0000
  0
VERTEX
  8
CUT
 10
360.3160
 20
44.0180
 30
0.0000
  0
VERTEX
  8
CUT
 10
359.9380
 20
44.2310
 30
0.0000
  0
VERTEX
  8
CUT
 10
359.5630
 20
44.4500
 30
0.0000
  0
VERTEX
  8
CUT
 10
358.5700
 20
42.7830
 30
0.0000
  0
VERTEX
  8
CUT
 10
358.1900
 20
42.3090
 30
0.0000
  0
VERTEX
  8
CUT
 10
357.7490
 20
41.8730
 30
0.0000
  0
VERTEX
  8
CUT
 10
357.2660
 20
41.4640
 30
0.0000
  0
VERTEX
  8
CUT
 10
356.7480
 20
41.0780
 30
0.0000
  0
VERTEX
  8
CUT
 10
356.1990
 20
40.7140
 30
0.0000
  0
VERTEX
  8
CUT
 10
355.6210
 20
40.3720
 30
0.0000
  0
VERTEX
  8
CUT
 10
355.0170
 20
40.0500
 30
0.0000
  0
VERTEX
  8
CUT
 10
354.3880
 20
39.7500
 30
0.0000
  0
VERTEX
  8
CUT
 10
354.1900
 20
39.8860
 30
0.0000
  0
VERTEX
  8
CUT
 10
353.9930
 20
40.0230
 30
0.0000
  0
VERTEX
  8
CUT
 10
353.7980
 20
40.1620
 30
0.0000
  0
VERTEX
  8
CUT
 10
353.6030
 20
40.3020
 30
0.0000
  0
VERTEX
  8
CUT
 10
353.4090
 20
40.4440
 30
0.0000
  0
VERTEX
  8
CUT
 10
353.2170
 20
40.5870
 30
0.0000
  0
VERTEX
  8
CUT
 10
353.0250
 20
40.7320
 30
0.0000
  0
VERTEX
  8
CUT
 10
352.8350
 20
40.8780
 30
0.0000
  0
VERTEX
  8
CUT
 10
352.9260
 20
41.5690
 30
0.0000
  0
VERTEX
  8
CUT
 10
353.0450
 20
42.2430
 30
0.0000
  0
VERTEX
  8
CUT
 10
353.1930
 20
42.8980
 30
0.0000
  0
VERTEX
  8
CUT
 10
353.3690
 20
43.5330
 30
0.0000
  0
VERTEX
  8
CUT
 10
353.5760
 20
44.1450
 30
0.0000
  0
VERTEX
  8
CUT
 10
353.8160
 20
44.7310
 30
0.0000
  0
VERTEX
  8
CUT
 10
354.0940
 20
45.2850
 30
0.0000
  0
VERTEX
  8
CUT
 10
354.4270
 20
45.7920
 30
0.0000
  0
VERTEX
  8
CUT
 10
355.7060
 20
47.2520
 30
0.0000
  0
VERTEX
  8
CUT
 10
355.3820
 20
47.5410
 30
0.0000
  0
VERTEX
  8
CUT
 10
355.0620
 20
47.8350
 30
0.0000
  0
VERTEX
  8
CUT
 10
354.7480
 20
48.1340
 30
0.0000
  0
VERTEX
  8
CUT
 10
354.4380
 20
48.4380
 30
0.0000
  0
VERTEX
  8
CUT
 10
354.1340
 20
48.7480
 30
0.0000
  0
VERTEX
  8
CUT
 10
353.8350
 20
49.0620
 30
0.0000
  0
VERTEX
  8
CUT
 10
353.5410
 20
49.3820
 30
0.0000
  0
VERTEX
  8
CUT
 10
353.2520
 20
49.7060
 30
0.0000
  0
VERTEX
  8
CUT
 10
351.7920
 20
48.4270
 30
0.0000
  0
VERTEX
  8
CUT
 10
351.2850
 20
48.0940
 30
0.0000
  0
VERTEX
  8
CUT
 10
350.7310
 20
47.8160
 30
0.0000
  0
VERTEX
  8
CUT
 10
350.1450
 20
47.5760
 30
0.0000
  0
VERTEX
  8
CUT
 10
349.5330
 20
47.3690
 30
0.0000
  0
VERTEX
  8
CUT
 10
348.8980
 20
47.1930
 30
0.0000
  0
VERTEX
  8
CUT
 10
348.2430
 20
47.0450
 30
0.0000
  0
VERTEX
  8
CUT
 10
347.5690
 20
46.9260
 30
0.0000
  0
VERTEX
  8
CUT
 10
346.8780
 20
46.8350
 30
0.0000
  0
VERTEX
  8
CUT
 10
346.7320
 20
47.0250
 30
0.0000
  0
VERTEX
  8
CUT
 10
346.5870
 20
47.2170
 30
0.0000
  0
VERTEX
  8
CUT
 10
346.4440
 20
47.4090
 30
0.0000
  0
VERTEX
  8
CUT
 10
346.3020
 20
47.6030
 30
0.0000
  0
VERTEX
  8
CUT
 10
346.1620
 20
47.7980
 30
0.0000
  0
VERTEX
  8
CUT
 10
346.0230
 20
47.9930
 30
0.0000
  0
VERTEX
  8
CUT
 10
345.8860
 20
48.1900
 30
0.0000
  0
VERTEX
  8
CUT
 10
345.7500
 20
48.3880
 30
0.0000
  0
VERTEX
  8
CUT
 10
346.0500
 20
49.0170
 30
0.0000
  0
VERTEX
  8
CUT
 10
346.3720
 20
49.6210
 30
0.0000
  0
VERTEX
  8
CUT
 10
346.7140
 20
50.1990
 30
0.0000
  0
VERTEX
  8
CUT
 10
347.0780
 20
50.7480
 30
0.0000
  0
VERTEX
  8
CUT
 10
347.4640
 20
51.2660
 30
0.0000
  0
VERTEX
  8
CUT
 10
347.8730
 20
51.7490
 30
0.0000
  0
VERTEX
  8
CUT
 10
348.3090
 20
52.1900
 30
0.0000
  0
VERTEX
  8
CUT
 10
348.7830
 20
52.5700
 30
0.0000
  0
VERTEX
  8
CUT
 10
350.4500
 20
53.5630
 30
0.0000
  0
VERTEX
  8
CUT
 10
350.2310
 20
53.9380
 30
0.0000
  0
VERTEX
  8
CUT
 10
350.0180
 20
54.3160
 30
0.0000
  0
VERTEX
  8
CUT
 10
349.8110
 20
54.6980
 30
0.0000
  0
VERTEX
  8
CUT
 10
349.6110
 20
55.0830
 30
0.0000
  0
VERTEX
  8
CUT
 10
349.4170
 20
55.4710
 30
0.0000
  0
VERTEX
  8
CUT
 10
349.2300
 20
55.8630
 30
0.0000
  0
VERTEX
  8
CUT
 10
349.0490
 20
56.2570
 30
0.0000
  0
VERTEX
  8
CUT
 10
348.8750
 20
56.6550
 30
0.0000
  0
VERTEX
  8
CUT
 10
347.0910
 20
55.8900
 30
0.0000
  0
VERTEX
  8
CUT
 10
346.5060
 20
55.7300
 30
0.0000
  0
VERTEX
  8
CUT
 10
345.8920
 20
55.6360
 30
0.0000
  0
VERTEX
  8
CUT
 10
345.2610
 20
55.5890
 30
0.0000
  0
VERTEX
  8
CUT
 10
344.6150
 20
55.5810
 30
0.0000
  0
VERTEX
  8
CUT
 10
343.9570
 20
55.6100
 30
0.0000
  0
VERTEX
  8
CUT
 10
343.2880
 20
55.6720
 30
0.0000
  0
VERTEX
  8
CUT
 10
342.6110
 20
55.7670
 30
0.0000
  0
VERTEX
  8
CUT
 10
341.9250
 20
55.8940
 30
0.0000
  0
VERTEX
  8
CUT
 10
341.8450
 20
56.1200
 30
0.0000
  0
VERTEX
  8
CUT
 10
341.7670
 20
56.3470
 30
0.0000
  0
VERTEX
  8
CUT
 10
341.6900
 20
56.5750
 30
0.0000
  0
VERTEX
  8
CUT
 10
341.6150
 20
56.8020
 30
0.0000
  0
VERTEX
  8
CUT
 10
341.5420
 20
57.0310
 30
0.0000
  0
VERTEX
  8
CUT
 10
341.4700
 20
57.2600
 30
0.0000
  0
VERTEX
  8
CUT
 10
341.4000
 20
57.4890
 30
0.0000
  0
VERTEX
  8
CUT
 10
341.3320
 20
57.7190
 30
0.0000
  0
VERTEX
  8
CUT
 10
341.8120
 20
58.2250
 30
0.0000
  0
VERTEX
  8
CUT
 10
342.3050
 20
58.7000
 30
0.0000
  0
VERTEX
  8
CUT
 10
342.8090
 20
59.1440
 30
0.0000
  0
VERTEX
  8
CUT
 10
343.3250
 20
59.5540
 30
0.0000
  0
VERTEX
  8
CUT
 10
343.8520
 20
59.9270
 30
0.0000
  0
VERTEX
  8
CUT
 10
344.3900
 20
60.2600
 30
0.0000
  0
VERTEX
  8
CUT
 10
344.9410
 20
60.5450
 30
0.0000
  0
VERTEX
  8
CUT
 10
345.5090
 20
60.7600
 30
0.0000
  0
VERTEX
  8
CUT
 10
347.4010
 20
61.1890
 30
0.0000
  0
VERTEX
  8
CUT
 10
347.3090
 20
61.6130
 30
0.0000
  0
VERTEX
  8
CUT
 10
347.2230
 20
62.0390
 30
0.0000
  0
VERTEX
  8
CUT
 10
347.1450
 20
62.4660
 30
0.0000
  0
VERTEX
  8
CUT
 10
347.0730
 20
62.8940
 30
0.0000
  0
VERTEX
  8
CUT
 10
347.0090
 20
63.3230
 30
0.0000
  0
VERTEX
  8
CUT
 10
346.9520
 20
63.7530
 30
0.0000
  0
VERTEX
  8
CUT
 10
346.9010
 20
64.1840
 30
0.0000
  0
VERTEX
  8
CUT
 10
346.8580
 20
64.6160
 30
0.0000
  0
VERTEX
  8
CUT
 10
344.9260
 20
64.4400
 30
0.0000
  0
VERTEX
  8
CUT
 10
344.3200
 20
64.4690
 30
0.0000
  0
VERTEX
  8
CUT
 10
343.7080
 20
64.5690
 30
0.0000
  0
VERTEX
  8
CUT
 10
343.0930
 20
64.7190
 30
0.0000
  0
VERTEX
  8
CUT
 10
342.4760
 20
64.9120
 30
0.0000
  0
VERTEX
  8
CUT
 10
341.8590
 20
65.1420
 30
0.0000
  0
VERTEX
  8
CUT
 10
341.2420
 20
65.4080
 30
0.0000
  0
VERTEX
  8
CUT
 10
340.6270
 20
65.7080
 30
0.0000
  0
VERTEX
  8
CUT
 10
340.0140
 20
66.0400
 30
0.0000
  0
VERTEX
  8
CUT
 10
340.0080
 20
66.2800
 30
0.0000
  0
VERTEX
  8
CUT
 10
340.0030
 20
66.5200
 30
0.0000
  0
VERTEX
  8
CUT
 10
340.0010
 20
66.7600
 30
0.0000
  0
VERTEX
  8
CUT
 10
340.0000
 20
67.0000
 30
0.0000
  0
VERTEX
  8
CUT
 10
340.0010
 20
67.2400
 30
0.0000
  0
VERTEX
  8
CUT
 10
340.0030
 20
67.4800
 30
0.0000
  0
VERTEX
  8
CUT
 10
340.0080
 20
67.7200
 30
0.0000
  0
VERTEX
  8
CUT
 10
340.0140
 20
67.9600
 30
0.0000
  0
VERTEX
  8
CUT
 10
340.6270
 20
68.2920
 30
0.0000
  0
VERTEX
  8
CUT
 10
341.2420
 20
68.5920
 30
0.0000
  0
VERTEX
  8
CUT
 10
341.8590
 20
68.8580
 30
0.0000
  0
VERTEX
  8
CUT
 10
342.4760
 20
69.0880
 30
0.0000
  0
VERTEX
  8
CUT
 10
343.0930
 20
69.2810
 30
0.0000
  0
VERTEX
  8
CUT
 10
343.7080
 20
69.4310
 30
0.0000
  0
VERTEX
  8
CUT
 10
344.3200
 20
69.5310
 30
0.0000
  0
VERTEX
  8
CUT
 10
344.9260
 20
69.5600
 30
0.0000
  0
VERTEX
  8
CUT
 10
346.8580
 20
69.3840
 30
0.0000
  0
VERTEX
  8
CUT
 10
346.9010
 20
69.8160
 30
0.0000
  0
VERTEX
  8
CUT
 10
346.9520
 20
70.2470
 30
0.0000
  0
VERTEX
  8
CUT
 10
347.0090
 20
70.6770
 30
0.0000
  0
VERTEX
  8
CUT
 10
347.0730
 20
71.1060
 30
0.0000
  0
VERTEX
  8
CUT
 10
347.1450
 20
71.5340
 30
0.0000
  0
VERTEX
  8
CUT
 10
347.2230
 20
71.9610
 30
0.0000
  0
VERTEX
  8
CUT
 10
347.3090
 20
72.3870
 30
0.0000
  0
VERTEX
  8
CUT
 10
347.4010
 20
72.8110
 30
0.0000
  0
VERTEX
  8
CUT
 10
345.5090
 20
73.2400
 30
0.0000
  0
VERTEX
  8
CUT
 10
344.9410
 20
73.4550
 30
0.0000
  0
VERTEX
  8
CUT
 10
344.3900
 20
73.7400
 30
0.0000
  0
VERTEX
  8
CUT
 10
343.8520
 20
74.0730
 30
0.0000
  0
VERTEX
  8
CUT
 10
343.3250
 20
74.4460
 30
0.0000
  0
VERTEX
  8
CUT
 10
342.8090
 20
74.8560
 30
0.0000
  0
VERTEX
  8
CUT
 10
342.3050
 20
75.3000
 30
0.0000
  0
VERTEX
  8
CUT
 10
341.8120
 20
75.7750
 30
0.0000
  0
VERTEX
  8
CUT
 10
341.3320
 20
76.2810
 30
0.0000
  0
VERTEX
  8
CUT
 10
341.4000
 20
76.5110
 30
0.0000
  0
VERTEX
  8
CUT
 10
341.4700
 20
76.7400
 30
0.0000
  0
VERTEX
  8
CUT
 10
341.5420
 20
76.9690
 30
0.0000
  0
VERTEX
  8
CUT
 10
341.6150
 20
77.1980
 30
0.0000
  0
VERTEX
  8
CUT
 10
341.6900
 20
77.4250
 30
0.0000
  0
VERTEX
  8
CUT
 10
341.7670
 20
77.6530
 30
0.0000
  0
VERTEX
  8
CUT
 10
341.8450
 20
77.8800
 30
0.0000
  0
VERTEX
  8
CUT
 10
341.9250
 20
78.1060
 30
0.0000
  0
VERTEX
  8
CUT
 10
342.6110
 20
78.2330
 30
0.0000
  0
VERTEX
  8
CUT
 10
343.2880
 20
78.3280
 30
0.0000
  0
VERTEX
  8
CUT
 10
343.9570
 20
78.3900
 30
0.0000
  0
VERTEX
  8
CUT
 10
344.6150
 20
78.4190
 30
0.0000
  0
VERTEX
  8
CUT
 10
345.2610
 20
78.4110
 30
0.0000
  0
VERTEX
  8
CUT
 10
345.8920
 20
78.3640
 30
0.0000
  0
VERTEX
  8
CUT
 10
346.5060
 20
78.2700
 30
0.0000
  0
VERTEX
  8
CUT
 10
347.0910
 20
78.1100
 30
0.0000
  0
VERTEX
  8
CUT
 10
348.8750
 20
77.3450
 30
0.0000
  0
VERTEX
  8
CUT
 10
349.0490
 20
77.7430
 30
0.0000
  0
VERTEX
  8
CUT
 10
349.2300
 20
78.1370
 30
0.0000
  0
VERTEX
  8
CUT
 10
349.4170
 20
78.5290
 30
0.0000
  0
VERTEX
  8
CUT
 10
349.6110
 20
78.9170
 30
0.0000
  0
VERTEX
  8
CUT
 10
349.8110
 20
79.3020
 30
0.0000
  0
VERTEX
  8
CUT
 10
350.0180
 20
79.6840
 30
0.0000
  0
VERTEX
  8
CUT
 10
350.2310
 20
80.0620
 30
0.0000
  0
VERTEX
  8
CUT
 10
350.4500
 20
80.4370
 30
0.0000
  0
VERTEX
  8
CUT
 10
348.7830
 20
81.4300
 30
0.0000
  0
VERTEX
  8
CUT
 10
348.3090
 20
81.8100
 30
0.0000
  0
VERTEX
  8
CUT
 10
347.8730
 20
82.2510
 30
0.0000
  0
VERTEX
  8
CUT
 10
347.4640
 20
82.7340
 30
0.0000
  0
VERTEX
  8
CUT
 10
347.0780
 20
83.2520
 30
0.0000
  0
VERTEX
  8
CUT
 10
346.7140
 20
83.8010
 30
0.0000
  0
VERTEX
  8
CUT
 10
346.3720
 20
84.3790
 30
0.0000
  0
VERTEX
  8
CUT
 10
346.0500
 20
84.9830
 30
0.0000
  0
VERTEX
  8
CUT
 10
345.7500
 20
85.6120
 30
0.0000
  0
VERTEX
  8
CUT
 10
345.8860
 20
85.8100
 30
0.0000
  0
VERTEX
  8
CUT
 10
346.0230
 20
86.0070
 30
0.0000
  0
VERTEX
  8
CUT
 10
346.1620
 20
86.2020
 30
0.0000
  0
VERTEX
  8
CUT
 10
346.3020
 20
86.3970
 30
0.0000
  0
VERTEX
  8
CUT
 10
346.4440
 20
86.5910
 30
0.0000
  0
VERTEX
  8
CUT
 10
346.5870
 20
86.7830
 30
0.0000
  0
VERTEX
  8
CUT
 10
346.7320
 20
86.9750
 30
0.0000
  0
VERTEX
  8
CUT
 10
346.8780
 20
87.1650
 30
0.0000
  0
VERTEX
  8
CUT
 10
347.5690
 20
87.0740
 30
0.0000
  0
VERTEX
  8
CUT
 10
348.2430
 20
86.9550
 30
0.0000
  0
VERTEX
  8
CUT
 10
348.8980
 20
86.8070
 30
0.0000
  0
VERTEX
  8
CUT
 10
349.5330
 20
86.6310
 30
0.0000
  0
VERTEX
  8
CUT
 10
350.1450
 20
86.4240
 30
0.0000
  0
VERTEX
  8
CUT
 10
350.7310
 20
86.1840
 30
0.0000
  0
VERTEX
  8
CUT
 10
351.2850
 20
85.9060
 30
0.0000
  0
VERTEX
  8
CUT
 10
351.7920
 20
85.5730
 30
0.0000
  0
VERTEX
  8
CUT
 10
353.2520
 20
84.2940
 30
0.0000
  0
VERTEX
  8
CUT
 10
353.5410
 20
84.6180
 30
0.0000
  0
VERTEX
  8
CUT
 10
353.8350
 20
84.9380
 30
0.0000
  0
VERTEX
  8
CUT
 10
354.1340
 20
85.2520
 30
0.0000
  0
VERTEX
  8
CUT
 10
354.4380
 20
85.5620
 30
0.0000
  0
VERTEX
  8
CUT
 10
354.7480
 20
85.8660
 30
0.0000
  0
VERTEX
  8
CUT
 10
355.0620
 20
86.1650
 30
0.0000
  0
VERTEX
  8
CUT
 10
355.3820
 20
86.4590
 30
0.0000
  0
VERTEX
  8
CUT
 10
355.7060
 20
86.7480
 30
0.0000
  0
VERTEX
  8
CUT
 10
354.4270
 20
88.2080
 30
0.0000
  0
VERTEX
  8
CUT
 10
354.0940
 20
88.7150
 30
0.0000
  0
VERTEX
  8
CUT
 10
353.8160
 20
89.2690
 30
0.0000
  0
VERTEX
  8
CUT
 10
353.5760
 20
89.8550
 30
0.0000
  0
VERTEX
  8
CUT
 10
353.3690
 20
90.4670
 30
0.0000
  0
VERTEX
  8
CUT
 10
353.1930
 20
91.1020
 30
0.0000
  0
VERTEX
  8
CUT
 10
353.0450
 20
91.7570
 30
0.0000
  0
VERTEX
  8
CUT
 10
352.9260
 20
92.4310
 30
0.0000
  0
VERTEX
  8
CUT
 10
352.8350
 20
93.1220
 30
0.0000
  0
VERTEX
  8
CUT
 10
353.0250
 20
93.2680
 30
0.0000
  0
VERTEX
  8
CUT
 10
353.2170
 20
93.4130
 30
0.0000
  0
VERTEX
  8
CUT
 10
353.4090
 20
93.5560
 30
0.0000
  0
VERTEX
  8
CUT
 10
353.6030
 20
93.6980
 30
0.0000
  0
VERTEX
  8
CUT
 10
353.7980
 20
93.8380
 30
0.0000
  0
VERTEX
  8
CUT
 10
353.9930
 20
93.9770
 30
0.0000
  0
VERTEX
  8
CUT
 10
354.1900
 20
94.1140
 30
0.0000
  0
VERTEX
  8
CUT
 10
354.3880
 20
94.2500
 30
0.0000
  0
VERTEX
  8
CUT
 10
355.0170
 20
93.9500
 30
0.0000
  0
VERTEX
  8
CUT
 10
355.6210
 20
93.6280
 30
0.0000
  0
VERTEX
  8
CUT
 10
356.1990
 20
93.2860
 30
0.0000
  0
VERTEX
  8
CUT
 10
356.7480
 20
92.9220
 30
0.0000
  0
VERTEX
  8
CUT
 10
357.2660
 20
92.5360
 30
0.0000
  0
VERTEX
  8
CUT
 10
357.7490
 20
92.1270
 30
0.0000
  0
VERTEX
  8
CUT
 10
358.1900
 20
91.6910
 30
0.0000
  0
VERTEX
  8
CUT
 10
358.5700
 20
91.2170
 30
0.0000
  0
VERTEX
  8
CUT
 10
359.5630
 20
89.5500
 30
0.0000
  0
VERTEX
  8
CUT
 10
359.9380
 20
89.7690
 30
0.0000
  0
VERTEX
  8
CUT
 10
360.3160
 20
89.9820
 30
0.0000
  0
VERTEX
  8
CUT
 10
360.6980
 20
90.1890
 30
0.0000
  0
VERTEX
  8
CUT
 10
361.0830
 20
90.3890
 30
0.0000
  0
VERTEX
  8
CUT
 10
361.4710
 20
90.5830
 30
0.0000
  0
VERTEX
  8
CUT
 10
361.8630
 20
90.7700
 30
0.0000
  0
VERTEX
  8
CUT
 10
362.2570
 20
90.9510
 30
0.0000
  0
VERTEX
  8
CUT
 10
362.6550
 20
91.1250
 30
0.0000
  0
VERTEX
  8
CUT
 10
361.8900
 20
92.9090
 30
0.0000
  0
VERTEX
  8
CUT
 10
361.7300
 20
93.4940
 30
0.0000
  0
VERTEX
  8
CUT
 10
361.6360
 20
94.1080
 30
0.0000
  0
VERTEX
  8
CUT
 10
361.5890
 20
94.7390
 30
0.0000
  0
VERTEX
  8
CUT
 10
361.5810
 20
95.3850
 30
0.0000
  0
VERTEX
  8
CUT
 10
361.6100
 20
96.0430
 30
0.0000
  0
VERTEX
  8
CUT
 10
361.6720
 20
96.7120
 30
0.0000
  0
VERTEX
  8
CUT
 10
361.7670
 20
97.3890
 30
0.0000
  0
VERTEX
  8
CUT
 10
361.8940
 20
98.0750
 30
0.0000
  0
VERTEX
  8
CUT
 10
362.1200
 20
98.1550
 30
0.0000
  0
VERTEX
  8
CUT
 10
362.3470
 20
98.2330
 30
0.0000
  0
VERTEX
  8
CUT
 10
362.5750
 20
98.3100
 30
0.0000
  0
VERTEX
  8
CUT
 10
362.8020
 20
98.3850
 30
0.0000
  0
VERTEX
  8
CUT
 10
363.0310
 20
98.4580
 30
0.0000
  0
VERTEX
  8
CUT
 10
363.2600
 20
98.5300
 30
0.0000
  0
VERTEX
  8
CUT
 10
363.4890
 20
98.6000
 30
0.0000
  0
VERTEX
  8
CUT
 10
363.7190
 20
98.6680
 30
0.0000
  0
VERTEX
  8
CUT
 10
364.2250
 20
98.1880
 30
0.0000
  0
VERTEX
  8
CUT
 10
364.7000
 20
97.6950
 30
0.0000
  0
VERTEX
  8
CUT
 10
365.1440
 20
97.1910
 30
0.0000
  0
VERTEX
  8
CUT
 10
365.5540
 20
96.6750
 30
0.0000
  0
VERTEX
  8
CUT
 10
365.9270
 20
96.1480
 30
0.0000
  0
VERTEX
  8
CUT
 10
366.2600
 20
95.6100
 30
0.0000
  0
VERTEX
  8
CUT
 10
366.5450
 20
95.0590
 30
0.0000
  0
VERTEX
  8
CUT
 10
366.7600
 20
94.4910
 30
0.0000
  0
VERTEX
  8
CUT
 10
367.1890
 20
92.5990
 30
0.0000
  0
VERTEX
  8
CUT
 10
367.6130
 20
92.6910
 30
0.0000
  0
VERTEX
  8
CUT
 10
368.0390
 20
92.7770
 30
0.0000
  0
VERTEX
  8
CUT
 10
368.4660
 20
92.8550
 30
0.0000
  0
VERTEX
  8
CUT
 10
368.8940
 20
92.9270
 30
0.0000
  0
VERTEX
  8
CUT
 10
369.3230
 20
92.9910
 30
0.0000
  0
VERTEX
  8
CUT
 10
369.7530
 20
93.0480
 30
0.0000
  0
VERTEX
  8
CUT
 10
370.1840
 20
93.0990
 30
0.0000
  0
VERTEX
  8
CUT
 10
370.6160
 20
93.1420
 30
0.0000
  0
VERTEX
  8
CUT
 10
370.4400
 20
95.0740
 30
0.0000
  0
VERTEX
  8
CUT
 10
370.4690
 20
95.6800
 30
0.0000
  0
VERTEX
  8
CUT
 10
370.5690
 20
96.2920
 30
0.0000
  0
VERTEX
  8
CUT
 10
370.7190
 20
96.9070
 30
0.0000
  0
VERTEX
  8
CUT
 10
370.9120
 20
97.5240
 30
0.0000
  0
VERTEX
  8
CUT
 10
371.1420
 20
98.1410
 30
0.0000
  0
VERTEX
  8
CUT
 10
371.4080
 20
98.7580
 30
0.0000
  0
VERTEX
  8
CUT
 10
371.7080
 20
99.3730
 30
0.0000
  0
VERTEX
  8
CUT
 10
372.0400
 20
99.9860
 30
0.0000
  0
VERTEX
  8
CUT
 10
372.2800
 20
99.9920
 30
0.0000
  0
VERTEX
  8
CUT
 10
372.5200
 20
99.9970
 30
0.0000
  0
VERTEX
  8
CUT
 10
372.7600
 20
99.9990
 30
0.0000
  0
VERTEX
  8
CUT
 10
373.0000
 20
100.0000
 30
0.0000
  0
VERTEX
  8
CUT
 10
373.2400
 20
99.9990
 30
0.0000
  0
VERTEX
  8
CUT
 10
373.4800
 20
99.9970
 30
0.0000
  0
VERTEX
  8
CUT
 10
373.7200
 20
99.9920
 30
0.0000
  0
VERTEX
  8
CUT
 10
373.9600
 20
99.9860
 30
0.0000
  0
VERTEX
  8
CUT
 10
374.2920
 20
99.3730
 30
0.0000
  0
VERTEX
  8
CUT
 10
374.5920
 20
98.7580
 30
0.0000
  0
VERTEX
  8
CUT
 10
374.8580
 20
98.1410
 30
0.0000
  0
VERTEX
  8
CUT
 10
375.0880
 20
97.5240
 30
0.0000
  0
VERTEX
  8
CUT
 10
375.2810
 20
96.9070
 30
0.0000
  0
VERTEX
  8
CUT
 10
375.4310
 20
96.2920
 30
0.0000
  0
VERTEX
  8
CUT
 10
375.5310
 20
95.6800
 30
0.0000
  0
VERTEX
  8
CUT
 10
375.5600
 20
95.0740
 30
0.0000
  0
VERTEX
  8
CUT
 10
375.3840
 20
93.1420
 30
0.0000
  0
VERTEX
  8
CUT
 10
375.8160
 20
93.0990
 30
0.0000
  0
VERTEX
  8
CUT
 10
376.2470
 20
93.0480
 30
0.0000
  0
VERTEX
  8
CUT
 10
376.6770
 20
92.9910
 30
0.0000
  0
VERTEX
  8
CUT
 10
377.1060
 20
92.9270
 30
0.0000
  0
VERTEX
  8
CUT
 10
377.5340
 20
92.8550
 30
0.0000
  0
VERTEX
  8
CUT
 10
377.9610
 20
92.7770
 30
0.0000
  0
VERTEX
  8
CUT
 10
378.3870
 20
92.6910
 30
0.0000
  0
VERTEX
  8
CUT
 10
378.8110
 20
92.5990
 30
0.0000
  0
VERTEX
  8
CUT
 10
379.2400
 20
94.4910
 30
0.0000
  0
VERTEX
  8
CUT
 10
379.4550
 20
95.0590
 30
0.0000
  0
VERTEX
  8
CUT
 10
379.7400
 20
95.6100
 30
0.0000
  0
VERTEX
  8
CUT
 10
380.0730
 20
96.1480
 30
0.0000
  0
VERTEX
  8
CUT
 10
380.4460
 20
96.6750
 30
0.0000
  0
VERTEX
  8
CUT
 10
380.8560
 20
97.1910
 30
0.0000
  0
VERTEX
  8
CUT
 10
381.3000
 20
97.6950
 30
0.0000
  0
VERTEX
  8
CUT
 10
381.7750
 20
98.1880
 30
0.0000
  0
VERTEX
  8
CUT
 10
382.2810
 20
98.6680
 30
0.0000
  0
VERTEX
  8
CUT
 10
382.5110
 20
98.6000
 30
0.0000
  0
VERTEX
  8
CUT
 10
382.7400
 20
98.5300
 30
0.0000
  0
VERTEX
  8
CUT
 10
382.9690
 20
98.4580
 30
0.0000
  0
VERTEX
  8
CUT
 10
383.1980
 20
98.3850
 30
0.0000
  0
VERTEX
  8
CUT
 10
383.4250
 20
98.3100
 30
0.0000
  0
VERTEX
  8
CUT
 10
383.6530
 20
98.2330
 30
0.0000
  0
VERTEX
  8
CUT
 10
383.8800
 20
98.1550
 30
0.0000
  0
VERTEX
  8
CUT
 10
384.1060
 20
98.0750
 30
0.0000
  0
VERTEX
  8
CUT
 10
384.2330
 20
97.3890
 30
0.0000
  0
VERTEX
  8
CUT
 10
384.3280
 20
96.7120
 30
0.0000
  0
VERTEX
  8
CUT
 10
384.3900
 20
96.0430
 30
0.0000
  0
VERTEX
  8
CUT
 10
384.4190
 20
95.3850
 30
0.0000
  0
VERTEX
  8
CUT
 10
384.4110
 20
94.7390
 30
0.0000
  0
VERTEX
  8
CUT
 10
384.3640
 20
94.1080
 30
0.0000
  0
VERTEX
  8
CUT
 10
384.2700
 20
93.4940
 30
0.0000
  0
VERTEX
  8
CUT
 10
384.1100
 20
92.9090
 30
0.0000
  0
VERTEX
  8
CUT
 10
383.3450
 20
91.1250
 30
0.0000
  0
VERTEX
  8
CUT
 10
383.7430
 20
90.9510
 30
0.0000
  0
VERTEX
  8
CUT
 10
384.1370
 20
90.7700
 30
0.0000
  0
VERTEX
  8
CUT
 10
384.5290
 20
90.5830
 30
0.0000
  0
VERTEX
  8
CUT
 10
384.9170
 20
90.3890
 30
0.0000
  0
VERTEX
  8
CUT
 10
385.3020
 20
90.1890
 30
0.0000
  0
VERTEX
  8
CUT
 10
385.6840
 20
89.9820
 30
0.0000
  0
VERTEX
  8
CUT
 10
386.0620
 20
89.7690
 30
0.0000
  0
VERTEX
  8
CUT
 10
386.4370
 20
89.5500
 30
0.0000
  0
VERTEX
  8
CUT
 10
387.4300
 20
91.2170
 30
0.0000
  0
VERTEX
  8
CUT
 10
387.8100
 20
91.6910
 30
0.0000
  0
VERTEX
  8
CUT
 10
388.2510
 20
92.1270
 30
0.0000
  0
VERTEX
  8
CUT
 10
388.7340
 20
92.5360
 30
0.0000
  0
VERTEX
  8
CUT
 10
389.2520
 20
92.9220
 30
0.0000
  0
VERTEX
  8
CUT
 10
389.8010
 20
93.2860
 30
0.0000
  0
VERTEX
  8
CUT
 10
390.3790
 20
93.6280
 30
0.0000
  0
VERTEX
  8
CUT
 10
390.9830
 20
93.9500
 30
0.0000
  0
VERTEX
  8
CUT
 10
391.6120
 20
94.2500
 30
0.0000
  0
VERTEX
  8
CUT
 10
391.8100
 20
94.1140
 30
0.0000
  0
VERTEX
  8
CUT
 10
392.0070
 20
93.9770
 30
0.0000
  0
VERTEX
  8
CUT
 10
392.2020
 20
93.8380
 30
0.0000
  0
VERTEX
  8
CUT
 10
392.3970
 20
93.6980
 30
0.0000
  0
VERTEX
  8
CUT
 10
392.5910
 20
93.5560
 30
0.0000
  0
VERTEX
  8
CUT
 10
392.7830
 20
93.4130
 30
0.0000
  0
VERTEX
  8
CUT
 10
392.9750
 20
93.2680
 30
0.0000
  0
VERTEX
  8
CUT
 10
393.1650
 20
93.1220
 30
0.0000
  0
VERTEX
  8
CUT
 10
393.0740
 20
92.4310
 30
0.0000
  0
VERTEX
  8
CUT
 10
392.9550
 20
91.7570
 30
0.0000
  0
VERTEX
  8
CUT
 10
392.8070
 20
91.1020
 30
0.0000
  0
VERTEX
  8
CUT
 10
392.6310
 20
90.4670
 30
0.0000
  0
VERTEX
  8
CUT
 10
392.4240
 20
89.8550
 30
0.0000
  0
VERTEX
  8
CUT
 10
392.1840
 20
89.2690
 30
0.0000
  0
VERTEX
  8
CUT
 10
391.9060
 20
88.7150
 30
0.0000
  0
VERTEX
  8
CUT
 10
391.5730
 20
88.2080
 30
0.0000
  0
VERTEX
  8
CUT
 10
390.2940
 20
86.7480
 30
0.0000
  0
VERTEX
  8
CUT
 10
390.6180
 20
86.4590
 30
0.0000
  0
VERTEX
  8
CUT
 10
390.9380
 20
86.1650
 30
0.0000
  0
VERTEX
  8
CUT
 10
391.2520
 20
85.8660
 30
0.0000
  0
VERTEX
  8
CUT
 10
391.5620
 20
85.5620
 30
0.0000
  0
VERTEX
  8
CUT
 10
391.8660
 20
85.2520
 30
0.0000
  0
VERTEX
  8
CUT
 10
392.1650
 20
84.9380
 30
0.0000
  0
VERTEX
  8
CUT
 10
392.4590
 20
84.6180
 30
0.0000
  0
VERTEX
  8
CUT
 10
392.7480
 20
84.2940
 30
0.0000
  0
VERTEX
  8
CUT
 10
394.2080
 20
85.5730
 30
0.0000
  0
VERTEX
  8
CUT
 10
394.7150
 20
85.9060
 30
0.0000
  0
VERTEX
  8
CUT
 10
395.2690
 20
86.1840
 30
0.0000
  0
VERTEX
  8
CUT
 10
395.8550
 20
86.4240
 30
0.0000
  0
VERTEX
  8
CUT
 10
396.4670
 20
86.6310
 30
0.0000
  0
VERTEX
  8
CUT
 10
397.1020
 20
86.8070
 30
0.0000
  0
VERTEX
  8
CUT
 10
397.7570
 20
86.9550
 30
0.0000
  0
VERTEX
  8
CUT
 10
398.4310
 20
87.0740
 30
0.0000
  0
VERTEX
  8
CUT
 10
399.1220
 20
87.1650
 30
0.0000
  0
VERTEX
  8
CUT
 10
399.2680
 20
86.9750
 30
0.0000
  0
VERTEX
  8
CUT
 10
399.4130
 20
86.7830
 30
0.0000
  0
VERTEX
  8
CUT
 10
399.5560
 20
86.5910
 30
0.0000
  0
VERTEX
  8
CUT
 10
399.6980
 20
86.3970
 30
0.0000
  0
VERTEX
  8
CUT
 10
399.8380
 20
86.2020
 30
0.0000
  0
VERTEX
  8
CUT
 10
399.9770
 20
86.0070
 30
0.0000
  0
VERTEX
  8
CUT
 10
400.1140
 20
85.8100
 30
0.0000
  0
VERTEX
  8
CUT
 10
400.2500
 20
85.6120
 30
0.0000
  0
VERTEX
  8
CUT
 10
399.9500
 20
84.9830
 30
0.0000
  0
VERTEX
  8
CUT
 10
399.6280
 20
84.3790
 30
0.0000
  0
VERTEX
  8
CUT
 10
399.2860
 20
83.8010
 30
0.0000
  0
VERTEX
  8
CUT
 10
398.9220
 20
83.2520
 30
0.0000
  0
VERTEX
  8
CUT
 10
398.5360
 20
82.7340
 30
0.0000
  0
VERTEX
  8
CUT
 10
398.1270
 20
82.2510
 30
0.0000
  0
VERTEX
  8
CUT
 10
397.6910
 20
81.8100
 30
0.0000
  0
VERTEX
  8
CUT
 10
397.2170
 20
81.4300
 30
0.0000
  0
VERTEX
  8
CUT
 10
395.5500
 20
80.4370
 30
0.0000
  0
VERTEX
  8
CUT
 10
395.7690
 20
80.0620
 30
0.0000
  0
VERTEX
  8
CUT
 10
395.9820
 20
79.6840
 30
0.0000
  0
VERTEX
  8
CUT
 10
396.1890
 20
79.3020
 30
0.0000
  0
VERTEX
  8
CUT
 10
396.3890
 20
78.9170
 30
0.0000
  0
VERTEX
  8
CUT
 10
396.5830
 20
78.5290
 30
0.0000
  0
VERTEX
  8
CUT
 10
396.7700
 20
78.1370
 30
0.0000
  0
VERTEX
  8
CUT
 10
396.9510
 20
77.7430
 30
0.0000
  0
VERTEX
  8
CUT
 10
397.1250
 20
77.3450
 30
0.0000
  0
VERTEX
  8
CUT
 10
398.9090
 20
78.1100
 30
0.0000
  0
VERTEX
  8
CUT
 10
399.4940
 20
78.2700
 30
0.0000
  0
VERTEX
  8
CUT
 10
400.1080
 20
78.3640
 30
0.0000
  0
VERTEX
  8
CUT
 10
400.7390
 20
78.4110
 30
0.0000
  0
VERTEX
  8
CUT
 10
401.3850
 20
78.4190
 30
0.0000
  0
VERTEX
  8
CUT
 10
402.0430
 20
78.3900
 30
0.0000
  0
VERTEX
  8
CUT
 10
402.7120
 20
78.3280
 30
0.0000
  0
VERTEX
  8
CUT
 10
403.3890
 20
78.2330
 30
0.0000
  0
VERTEX
  8
CUT
 10
404.0750
 20
78.1060
 30
0.0000
  0
VERTEX
  8
CUT
 10
404.1550
 20
77.8800
 30
0.0000
  0
VERTEX
  8
CUT
 10
404.2330
 20
77.6530
 30
0.0000
  0
VERTEX
  8
CUT
 10
404.3100
 20
77.4250
 30
0.0000
  0
VERTEX
  8
CUT
 10
404.3850
 20
77.1980
 30
0.0000
  0
VERTEX
  8
CUT
 10
404.4580
 20
76.9690
 30
0.0000
  0
VERTEX
  8
CUT
 10
404.5300
 20
76.7400
 30
0.0000
  0
VERTEX
  8
CUT
 10
404.6000
 20
76.5110
 30
0.0000
  0
VERTEX
  8
CUT
 10
404.6680
 20
76.2810
 30
0.0000
  0
VERTEX
  8
CUT
 10
404.1880
 20
75.7750
 30
0.0000
  0
VERTEX
  8
CUT
 10
403.6950
 20
75.3000
 30
0.0000
  0
VERTEX
  8
CUT
 10
403.1910
 20
74.8560
 30
0.0000
  0
VERTEX
  8
CUT
 10
402.6750
 20
74.4460
 30
0.0000
  0
VERTEX
  8
CUT
 10
402.1480
 20
74.0730
 30
0.0000
  0
VERTEX
  8
CUT
 10
401.6100
 20
73.7400
 30
0.0000
  0
VERTEX
  8
CUT
 10
401.0590
 20
73.4550
 30
0.0000
  0
VERTEX
  8
CUT
 10
400.4910
 20
73.2400
 30
0.0000
  0
VERTEX
  8
CUT
 10
398.5990
 20
72.8110
 30
0.0000
  0
VERTEX
  8
CUT
 10
398.6910
 20
72.3870
 30
0.0000
  0
VERTEX
  8
CUT
 10
398.7770
 20
71.9610
 30
0.0000
  0
VERTEX
  8
CUT
 10
398.8550
 20
71.5340
 30
0.0000
  0
VERTEX
  8
CUT
 10
398.9270
 20
71.1060
 30
0.0000
  0
VERTEX
  8
CUT
 10
398.9910
 20
70.6770
 30
0.0000
  0
VERTEX
  8
CUT
 10
399.0480
 20
70.2470
 30
0.0000
  0
VERTEX
  8
CUT
 10
399.0990
 20
69.8160
 30
0.0000
  0
SEQEND
  8
CUT
  0
CIRCLE
  8
CUT
 10
373.0000
 20
67.0000
 30
0.0000
 40
5.2500
  0
CIRCLE
  8
CUT
 10
390.0000
 20
67.0000
 30
0.0000
 40
3.2500
  0
TEXT
  8
LABELS
 10
373.0000
 20
51.0000
 30
0.0000
 40
6
  1
slinger z20
 72
1
 11
373.0000
 21
51.0000
 31
0.0000
  0
ENDSEC
  0
EOF
