  0
SECTION
  2
HEADER
  9
$ACADVER
  1
AC1027
  9
$ACADMAINTVER
 70
   125
  9
$DWGCODEPAGE
  3
ANSI_1252
  9
$LASTSAVEDBY
  1
kaley
  9
$REQUIREDVERSIONS
160
                 0
  9
$INSBASE
 10
0.0
 20
0.0
 30
0.0
  9
$EXTMIN
 10
36.491351
 20
6.649122
 30
0.0
  9
$EXTMAX
 10
1178.491351
 20
833.649122
 30
0.0
  9
$LIMMIN
 10
0.0
 20
0.0
  9
$LIMMAX
 10
1189.0
 20
841.0
  9
$ORTHOMODE
 70
     0
  9
$REGENMODE
 70
     1
  9
$FILLMODE
 70
     1
  9
$QTEXTMODE
 70
     0
  9
$MIRRTEXT
 70
     0
  9
$LTSCALE
 40
0.75
  9
$ATTMODE
 70
     1
  9
$TEXTSIZE
 40
3.5
  9
$TRACEWID
 40
1.0
  9
$TEXTSTYLE
  7
Standard
  9
$CLAYER
  8
0
  9
$CELTYPE
  6
ByLayer
  9
$CECOLOR
 62
   256
  9
$CELTSCALE
 40
1.0
  9
$DISPSILH
 70
     0
  9
$DIMSCALE
 40
1.0
  9
$DIMASZ
 40
3.5
  9
$DIMEXO
 40
2.1
  9
$DIMDLI
 40
10.5
  9
$DIMRND
 40
0.0
  9
$DIMDLE
 40
0.0
  9
$DIMEXE
 40
2.1
  9
$DIMTP
 40
0.1
  9
$DIMTM
 40
0.1
  9
$DIMTXT
 40
3.5
  9
$DIMCEN
 40
0.0
  9
$DIMTSZ
 40
0.0
  9
$DIMTOL
 70
     0
  9
$DIMLIM
 70
     0
  9
$DIMTIH
 70
     0
  9
$DIMTOH
 70
     0
  9
$DIMSE1
 70
     0
  9
$DIMSE2
 70
     0
  9
$DIMTAD
 70
     1
  9
$DIMZIN
 70
    12
  9
$DIMBLK
  1

  9
$DIMASO
 70
     1
  9
$DIMSHO
 70
     1
  9
$DIMPOST
  1

  9
$DIMAPOST
  1

  9
$DIMALT
 70
     0
  9
$DIMALTD
 70
     2
  9
$DIMALTF
 40
0.03937
  9
$DIMLFAC
 40
1.0
  9
$DIMTOFL
 70
     1
  9
$DIMTVP
 40
0.0
  9
$DIMTIX
 70
     0
  9
$DIMSOXD
 70
     0
  9
$DIMSAH
 70
     0
  9
$DIMBLK1
  1

  9
$DIMBLK2
  1

  9
$DIMSTYLE
  2
Dim-ISO-25
  9
$DIMCLRD
 70
     0
  9
$DIMCLRE
 70
     0
  9
$DIMCLRT
 70
     0
  9
$DIMTFAC
 40
0.714286
  9
$DIMGAP
 40
1.4
  9
$DIMJUST
 70
     0
  9
$DIMSD1
 70
     0
  9
$DIMSD2
 70
     0
  9
$DIMTOLJ
 70
     0
  9
$DIMTZIN
 70
    12
  9
$DIMALTZ
 70
    12
  9
$DIMALTTZ
 70
    12
  9
$DIMUPT
 70
     0
  9
$DIMDEC
 70
     2
  9
$DIMTDEC
 70
     2
  9
$DIMALTU
 70
     2
  9
$DIMALTTD
 70
     2
  9
$DIMTXSTY
  7
Standard
  9
$DIMAUNIT
 70
     0
  9
$DIMADEC
 70
     2
  9
$DIMALTRND
 40
0.0
  9
$DIMAZIN
 70
     3
  9
$DIMDSEP
 70
    46
  9
$DIMATFIT
 70
     3
  9
$DIMFRAC
 70
     0
  9
$DIMLDRBLK
  1

  9
$DIMLUNIT
 70
     2
  9
$DIMLWD
 70
    -2
  9
$DIMLWE
 70
    -2
  9
$DIMTMOVE
 70
     0
  9
$DIMFXL
 40
1.0
  9
$DIMFXLON
 70
     0
  9
$DIMJOGANG
 40
0.785398
  9
$DIMTFILL
 70
     0
  9
$DIMTFILLCLR
 70
     0
  9
$DIMARCSYM
 70
     0
  9
$DIMLTYPE
  6

  9
$DIMLTEX1
  6

  9
$DIMLTEX2
  6

  9
$DIMTXTDIRECTION
 70
     0
  9
$LUNITS
 70
     2
  9
$LUPREC
 70
     4
  9
$SKETCHINC
 40
1.0
  9
$FILLETRAD
 40
0.0
  9
$AUNITS
 70
     0
  9
$AUPREC
 70
     0
  9
$MENU
  1
.
  9
$ELEVATION
 40
0.0
  9
$PELEVATION
 40
0.0
  9
$THICKNESS
 40
0.0
  9
$LIMCHECK
 70
     0
  9
$CHAMFERA
 40
0.0
  9
$CHAMFERB
 40
0.0
  9
$CHAMFERC
 40
0.0
  9
$CHAMFERD
 40
0.0
  9
$SKPOLY
 70
     0
  9
$TDCREATE
 40
2461315.476828704
  9
$TDUCREATE
 40
2461315.393495370
  9
$TDUPDATE
 40
2461315.476828704
  9
$TDUUPDATE
 40
2461315.393495370
  9
$TDINDWG
 40
0.0000000000
  9
$TDUSRTIMER
 40
0.0000000000
  9
$USRTIMER
 70
     1
  9
$ANGBASE
 50
0.0
  9
$ANGDIR
 70
     0
  9
$PDMODE
 70
     0
  9
$PDSIZE
 40
0.0
  9
$PLINEWID
 40
0.0
  9
$SPLFRAME
 70
     0
  9
$SPLINETYPE
 70
     6
  9
$SPLINESEGS
 70
     8
  9
$HANDSEED
  5
A8F
  9
$SURFTAB1
 70
     6
  9
$SURFTAB2
 70
     6
  9
$SURFTYPE
 70
     6
  9
$SURFU
 70
     6
  9
$SURFV
 70
     6
  9
$UCSBASE
  2

  9
$UCSNAME
  2

  9
$UCSORG
 10
0.0
 20
0.0
 30
0.0
  9
$UCSXDIR
 10
1.0
 20
0.0
 30
0.0
  9
$UCSYDIR
 10
0.0
 20
1.0
 30
0.0
  9
$UCSORTHOREF
  2

  9
$UCSORTHOVIEW
 70
     0
  9
$UCSORGTOP
 10
0.0
 20
0.0
 30
0.0
  9
$UCSORGBOTTOM
 10
0.0
 20
0.0
 30
0.0
  9
$UCSORGLEFT
 10
0.0
 20
0.0
 30
0.0
  9
$UCSORGRIGHT
 10
0.0
 20
0.0
 30
0.0
  9
$UCSORGFRONT
 10
0.0
 20
0.0
 30
0.0
  9
$UCSORGBACK
 10
0.0
 20
0.0
 30
0.0
  9
$PUCSBASE
  2

  9
$PUCSNAME
  2

  9
$PUCSORG
 10
0.0
 20
0.0
 30
0.0
  9
$PUCSXDIR
 10
1.0
 20
0.0
 30
0.0
  9
$PUCSYDIR
 10
0.0
 20
1.0
 30
0.0
  9
$PUCSORTHOREF
  2

  9
$PUCSORTHOVIEW
 70
     0
  9
$PUCSORGTOP
 10
0.0
 20
0.0
 30
0.0
  9
$PUCSORGBOTTOM
 10
0.0
 20
0.0
 30
0.0
  9
$PUCSORGLEFT
 10
0.0
 20
0.0
 30
0.0
  9
$PUCSORGRIGHT
 10
0.0
 20
0.0
 30
0.0
  9
$PUCSORGFRONT
 10
0.0
 20
0.0
 30
0.0
  9
$PUCSORGBACK
 10
0.0
 20
0.0
 30
0.0
  9
$USERI1
 70
     0
  9
$USERI2
 70
     0
  9
$USERI3
 70
     0
  9
$USERI4
 70
     0
  9
$USERI5
 70
     0
  9
$USERR1
 40
0.0
  9
$USERR2
 40
0.0
  9
$USERR3
 40
0.0
  9
$USERR4
 40
0.0
  9
$USERR5
 40
0.0
  9
$WORLDVIEW
 70
     1
  9
$SHADEDGE
 70
     3
  9
$SHADEDIF
 70
    70
  9
$TILEMODE
 70
     1
  9
$MAXACTVP
 70
    64
  9
$PINSBASE
 10
0.0
 20
0.0
 30
0.0
  9
$PLIMCHECK
 70
     0
  9
$PEXTMIN
 10
1.000000E+20
 20
1.000000E+20
 30
1.000000E+20
  9
$PEXTMAX
 10
-1.000000E+20
 20
-1.000000E+20
 30
-1.000000E+20
  9
$PLIMMIN
 10
0.0
 20
0.0
  9
$PLIMMAX
 10
12.0
 20
9.0
  9
$UNITMODE
 70
     0
  9
$VISRETAIN
 70
     1
  9
$PLINEGEN
 70
     0
  9
$PSLTSCALE
 70
     1
  9
$TREEDEPTH
 70
  3020
  9
$CMLSTYLE
  2
Standard
  9
$CMLJUST
 70
     0
  9
$CMLSCALE
 40
20.0
  9
$PROXYGRAPHICS
 70
     1
  9
$MEASUREMENT
 70
     1
  9
$CELWEIGHT
370
    -1
  9
$ENDCAPS
280
     0
  9
$JOINSTYLE
280
     0
  9
$LWDISPLAY
290
     0
  9
$INSUNITS
 70
     4
  9
$HYPERLINKBASE
  1

  9
$STYLESHEET
  1

  9
$XEDIT
290
     1
  9
$CEPSNTYPE
380
     0
  9
$PSTYLEMODE
290
     1
  9
$FINGERPRINTGUID
  2
{5F584D1D-BB2D-1A4E-81A8-8E9E972AE856}
  9
$VERSIONGUID
  2
{3356B44A-9200-E24A-979F-42F578F66C92}
  9
$EXTNAMES
290
     1
  9
$PSVPSCALE
 40
0.0
  9
$OLESTARTUP
290
     0
  9
$SORTENTS
280
   127
  9
$INDEXCTL
280
     0
  9
$HIDETEXT
280
     1
  9
$XCLIPFRAME
280
     0
  9
$HALOGAP
280
     0
  9
$OBSCOLOR
 70
   257
  9
$OBSLTYPE
280
     0
  9
$INTERSECTIONDISPLAY
280
     0
  9
$INTERSECTIONCOLOR
 70
   257
  9
$DIMASSOC
280
     2
  9
$PROJECTNAME
  1

  9
$CAMERADISPLAY
290
     0
  9
$LENSLENGTH
 40
50.0
  9
$CAMERAHEIGHT
 40
0.0
  9
$STEPSPERSEC
 40
2.0
  9
$STEPSIZE
 40
6.0
  9
$3DDWFPREC
 40
2.0
  9
$PSOLWIDTH
 40
5.0
  9
$PSOLHEIGHT
 40
80.0
  9
$LOFTANG1
 40
1.570796
  9
$LOFTANG2
 40
1.570796
  9
$LOFTMAG1
 40
0.0
  9
$LOFTMAG2
 40
0.0
  9
$LOFTPARAM
 70
     7
  9
$LOFTNORMALS
280
     1
  9
$LATITUDE
 40
37.795
  9
$LONGITUDE
 40
-122.394
  9
$NORTHDIRECTION
 40
0.0
  9
$TIMEZONE
 70
 -8000
  9
$LIGHTGLYPHDISPLAY
280
     1
  9
$TILEMODELIGHTSYNCH
280
     1
  9
$CMATERIAL
347
11
  9
$SOLIDHIST
280
     0
  9
$SHOWHIST
280
     1
  9
$DWFFRAME
280
     2
  9
$DGNFRAME
280
     0
  9
$REALWORLDSCALE
290
     1
  9
$INTERFERECOLOR
 62
     1
  9
$INTERFEREOBJVS
345
33
  9
$INTERFEREVPVS
346
30
  9
$CSHADOW
280
     0
  9
$SHADOWPLANELOCATION
 40
0.0
  0
ENDSEC
  0
SECTION
  2
CLASSES
  0
CLASS
  1
ACDBDICTIONARYWDFLT
  2
AcDbDictionaryWithDefault
  3
ObjectDBX Classes
 90
        0
 91
        1
280
     0
281
     0
  0
CLASS
  1
MATERIAL
  2
AcDbMaterial
  3
ObjectDBX Classes
 90
     1153
 91
        3
280
     0
281
     0
  0
CLASS
  1
VISUALSTYLE
  2
AcDbVisualStyle
  3
ObjectDBX Classes
 90
     4095
 91
       24
280
     0
281
     0
  0
CLASS
  1
SCALE
  2
AcDbScale
  3
ObjectDBX Classes
 90
     1153
 91
       17
280
     0
281
     0
  0
CLASS
  1
TABLESTYLE
  2
AcDbTableStyle
  3
ObjectDBX Classes
 90
     4095
 91
        1
280
     0
281
     0
  0
CLASS
  1
MLEADERSTYLE
  2
AcDbMLeaderStyle
  3
ACDB_MLEADERSTYLE_CLASS
 90
     4095
 91
        1
280
     0
281
     0
  0
CLASS
  1
ACDBSECTIONVIEWSTYLE
  2
AcDbSectionViewStyle
  3
ObjectDBX Classes
 90
     1025
 91
        1
280
     0
281
     0
  0
CLASS
  1
ACDBDETAILVIEWSTYLE
  2
AcDbDetailViewStyle
  3
ObjectDBX Classes
 90
     1025
 91
        1
280
     0
281
     0
  0
CLASS
  1
ACMESCOPE
  2
AcMeScope
  3
AcMeServices
 90
     1024
 91
        1
280
     0
281
     0
  0
CLASS
  1
ACMECOMMANDHISTORY
  2
AcMeCommandHistory
  3
AcMeServices
 90
     1024
 91
        1
280
     0
281
     0
  0
CLASS
  1
ACIMSYSVARMAN
  2
AcImSysVarManager
  3
AcMeServices
 90
     1024
 91
        1
280
     0
281
     0
  0
CLASS
  1
ACIMINTSYSVAR
  2
AcImIntSysVar
  3
AcMeServices
 90
     1024
 91
        1
280
     0
281
     0
  0
CLASS
  1
ACMESTATEMGR
  2
AcMeStateMgr
  3
AcMeServices
 90
     1024
 91
        1
280
     0
281
     0
  0
CLASS
  1
ACGREFMASTER
  2
AcGrefMaster
  3
AcAttribServices
 90
     1024
 91
        1
280
     0
281
     0
  0
CLASS
  1
SORTENTSTABLE
  2
AcDbSortentsTable
  3
ObjectDBX Classes
 90
        0
 91
        1
280
     0
281
     0
  0
CLASS
  1
DICTIONARYVAR
  2
AcDbDictionaryVar
  3
ObjectDBX Classes
 90
        0
 91
        6
280
     0
281
     0
  0
CLASS
  1
CELLSTYLEMAP
  2
AcDbCellStyleMap
  3
ObjectDBX Classes
 90
     1152
 91
        1
280
     0
281
     0
  0
ENDSEC
  0
SECTION
  2
TABLES
  0
TABLE
  2
VPORT
  5
8
330
0
100
AcDbSymbolTable
 70
     1
1001
ACAD
1000
DbSaveVer
1071
      335
  0
VPORT
  5
57
330
8
100
AcDbSymbolTableRecord
100
AcDbViewportTableRecord
  2
*Active
 70
     0
 10
0.0
 20
0.0
 11
1.0
 21
1.0
 12
607.491351
 22
420.149122
 13
0.0
 23
0.0
 14
0.5
 24
0.5
 15
0.0
 25
0.0
 16
0.0
 26
0.0
 36
1.0
 17
0.0
 27
0.0
 37
0.0
 40
827.0
 41
1.686461
 42
50.0
 43
0.0
 44
0.0
 50
0.0
 51
0.0
 71
     0
 72
 20000
 73
     1
 74
     0
 75
     0
 76
     0
 77
     0
 78
     0
281
     0
 65
     1
110
0.0
120
0.0
130
0.0
111
1.0
121
0.0
131
0.0
112
0.0
122
1.0
132
0.0
 79
     0
146
0.0
348
2F
 60
     3
 61
     5
292
     1
282
     1
141
0.0
142
0.0
 63
   250
421
  3355443
  0
ENDTAB
  0
TABLE
  2
LTYPE
  5
5
330
0
100
AcDbSymbolTable
 70
    14
  0
LTYPE
  5
5B
330
5
100
AcDbSymbolTableRecord
100
AcDbLinetypeTableRecord
  2
ByBlock
 70
     0
  3

 72
    65
 73
     0
 40
0.0
  0
LTYPE
  5
5C
330
5
100
AcDbSymbolTableRecord
100
AcDbLinetypeTableRecord
  2
ByLayer
 70
     0
  3

 72
    65
 73
     0
 40
0.0
  0
LTYPE
  5
5D
330
5
100
AcDbSymbolTableRecord
100
AcDbLinetypeTableRecord
  2
Continuous
 70
     0
  3
Solid line
 72
    65
 73
     0
 40
0.0
  0
LTYPE
  5
80
330
5
100
AcDbSymbolTableRecord
100
AcDbLinetypeTableRecord
  2
HIDDEN
 70
     0
  3
Hidden __ __ __ __ __ __ __ __ __ __ __ __ __ _
 72
    65
 73
     2
 40
9.525
 49
6.35
 74
     0
 49
-3.175
 74
     0
  0
LTYPE
  5
81
330
5
100
AcDbSymbolTableRecord
100
AcDbLinetypeTableRecord
  2
PHANTOM2
 70
     0
  3
Phantom (.5x) ___ _ _ ___ _ _ ___ _ _ ___ _ _
 72
    65
 73
     6
 40
31.75
 49
15.875
 74
     0
 49
-3.175
 74
     0
 49
3.175
 74
     0
 49
-3.175
 74
     0
 49
3.175
 74
     0
 49
-3.175
 74
     0
  0
LTYPE
  5
82
330
5
100
AcDbSymbolTableRecord
100
AcDbLinetypeTableRecord
  2
CENTER
 70
     0
  3
Center ____ _ ____ _ ____ _ ____ _ ____ _ ____
 72
    65
 73
     4
 40
50.8
 49
31.75
 74
     0
 49
-6.35
 74
     0
 49
6.35
 74
     0
 49
-6.35
 74
     0
  0
LTYPE
  5
90
330
5
100
AcDbSymbolTableRecord
100
AcDbLinetypeTableRecord
  2
AM_ISO02W050
 70
     0
  3
__ __ __ __ __ __ __ __ __ __ __ __ __ __ __
 72
    65
 73
     2
 40
7.5
 49
6.0
 74
     0
 49
-1.5
 74
     0
  0
LTYPE
  5
91
330
5
100
AcDbSymbolTableRecord
100
AcDbLinetypeTableRecord
  2
AM_ISO08W050
 70
     0
  3
____ . ____ . ____ . ____ . ____ . ____ . ____
 72
    65
 73
     4
 40
18.0
 49
12.0
 74
     0
 49
-1.5
 74
     0
 49
3.0
 74
     0
 49
-1.5
 74
     0
  0
LTYPE
  5
92
330
5
100
AcDbSymbolTableRecord
100
AcDbLinetypeTableRecord
  2
AM_ISO09W050
 70
     0
  3
_____ . . _____ . . _____ . . ____ .. ____
 72
    65
 73
     6
 40
22.5
 49
12.0
 74
     0
 49
-1.5
 74
     0
 49
3.0
 74
     0
 49
-1.5
 74
     0
 49
3.0
 74
     0
 49
-1.5
 74
     0
  0
LTYPE
  5
93
330
5
100
AcDbSymbolTableRecord
100
AcDbLinetypeTableRecord
  2
Amconstr
 70
     0
  3
_______________________
 72
    65
 73
     2
 40
9999.0
 49
9999.0
 74
     0
 49
0.0
 74
     0
  0
LTYPE
  5
94
330
5
100
AcDbSymbolTableRecord
100
AcDbLinetypeTableRecord
  2
AM_ISO08W050x2
 70
     0
  3
__ . __ . __ . __ . __ . __
 72
    65
 73
     4
 40
9.0
 49
6.0
 74
     0
 49
-0.75
 74
     0
 49
1.5
 74
     0
 49
-0.75
 74
     0
  0
LTYPE
  5
95
330
5
100
AcDbSymbolTableRecord
100
AcDbLinetypeTableRecord
  2
AM_ISO02W050x2
 70
     0
  3
 _ _ _ _ _ _ _ _ _ _ _ _
 72
    65
 73
     2
 40
3.75
 49
3.0
 74
     0
 49
-0.75
 74
     0
  0
LTYPE
  5
96
330
5
100
AcDbSymbolTableRecord
100
AcDbLinetypeTableRecord
  2
Amzigzag
 70
     0
  3
/\/-/\/-/\/-/\/-/\/-/\/
 72
    65
 73
     2
 40
11.0001
 49
0.0001
 74
     4
 75
   136
340
8D
 46
0.04
 50
0.0
 44
0.0
 45
0.0
 49
-11.0
 74
     0
  0
LTYPE
  5
97
330
5
100
AcDbSymbolTableRecord
100
AcDbLinetypeTableRecord
  2
ACISOWELD
 70
     0
  3
_ _ _ _ _
 72
    65
 73
     2
 40
2.0
 49
2.0
 74
     0
 49
-1.0
 74
     0
  0
LTYPE
  5
98
330
5
100
AcDbSymbolTableRecord
100
AcDbLinetypeTableRecord
  2
ACISOTGL
 70
     0
  3
_ _ _ _ _
 72
    65
 73
     2
 40
3.0
 49
2.0
 74
     0
 49
-1.0
 74
     0
  0
LTYPE
  5
99
330
5
100
AcDbSymbolTableRecord
100
AcDbLinetypeTableRecord
  2
ACISOTGB
 70
     0
  3
__ . . __ . .
 72
    65
 73
     6
 40
9.0
 49
4.0
 74
     0
 49
-1.0
 74
     0
 49
1.0
 74
     0
 49
-1.0
 74
     0
 49
1.0
 74
     0
 49
-1.0
 74
     0
  0
ENDTAB
  0
TABLE
  2
LAYER
  5
2
330
0
100
AcDbSymbolTable
 70
     3
  0
LAYER
  5
54
330
2
100
AcDbSymbolTableRecord
100
AcDbLayerTableRecord
  2
0
 70
     0
 62
     7
  6
Continuous
370
    -3
390
F
347
21
348
0
1001
AcAecLayerStandard
1000

1000

  0
LAYER
  5
A5
330
2
100
AcDbSymbolTableRecord
100
AcDbLayerTableRecord
  2
Visible
 70
     0
 62
     7
  6
Continuous
370
    70
390
F
347
21
348
0
  0
ENDTAB
  0
TABLE
  2
STYLE
  5
3
330
0
100
AcDbSymbolTable
 70
     4
  0
STYLE
  5
55
330
3
100
AcDbSymbolTableRecord
100
AcDbTextStyleTableRecord
  2
Standard
 70
     0
 40
0.0
 41
1.0
 50
0.0
 71
     0
 42
3.5
  3
arial.ttf
  4

1001
ACAD
1000
Arial
1071
       34
  0
STYLE
  5
5A
330
3
100
AcDbSymbolTableRecord
100
AcDbTextStyleTableRecord
  2
Annotative
 70
     0
 40
0.0
 41
1.0
 50
0.0
 71
     0
 42
0.2
  3
txt
  4

1001
AcadAnnotative
1000
AnnotativeData
1002
{
1070
     1
1070
     1
1002
}
  0
STYLE
  5
8D
330
3
100
AcDbSymbolTableRecord
100
AcDbTextStyleTableRecord
  2

 70
     1
 40
0.0
 41
1.0
 50
0.0
 71
     0
 42
10.0
  3
genltshp.shx
  4

  0
STYLE
  5
8E
330
3
100
AcDbSymbolTableRecord
100
AcDbTextStyleTableRecord
  2
ACISOGDT
 70
     0
 40
0.0
 41
1.0
 50
0.0
 71
     0
 42
10.0
  3
amgdt.shx
  4

  0
ENDTAB
  0
TABLE
  2
VIEW
  5
6
330
0
100
AcDbSymbolTable
 70
     0
  0
ENDTAB
  0
TABLE
  2
UCS
  5
7
330
0
100
AcDbSymbolTable
 70
     0
  0
ENDTAB
  0
TABLE
  2
APPID
  5
9
330
0
100
AcDbSymbolTable
 70
    16
  0
APPID
  5
56
330
9
100
AcDbSymbolTableRecord
100
AcDbRegAppTableRecord
  2
ACAD
 70
     0
  0
APPID
  5
5E
330
9
100
AcDbSymbolTableRecord
100
AcDbRegAppTableRecord
  2
AcadAnnotative
 70
     0
  0
APPID
  5
78
330
9
100
AcDbSymbolTableRecord
100
AcDbRegAppTableRecord
  2
ACAD_PSEXT
 70
     0
  0
APPID
  5
79
330
9
100
AcDbSymbolTableRecord
100
AcDbRegAppTableRecord
  2
MCAD_NO_VIS
 70
     0
  0
APPID
  5
7A
330
9
100
AcDbSymbolTableRecord
100
AcDbRegAppTableRecord
  2
ACAD_TEMP_GRAPHIC
 70
     0
  0
APPID
  5
83
330
9
100
AcDbSymbolTableRecord
100
AcDbRegAppTableRecord
  2
ACAD_DSTYLE_DIMJAG
 70
     0
  0
APPID
  5
84
330
9
100
AcDbSymbolTableRecord
100
AcDbRegAppTableRecord
  2
ACAD_DSTYLE_DIMTALN
 70
     0
  0
APPID
  5
85
330
9
100
AcDbSymbolTableRecord
100
AcDbRegAppTableRecord
  2
ACAD_NAV_VCDISPLAY
 70
     0
  0
APPID
  5
86
330
9
100
AcDbSymbolTableRecord
100
AcDbRegAppTableRecord
  2
ACAD_DSTYLE_DIMBREAK
 70
     0
  0
APPID
  5
87
330
9
100
AcDbSymbolTableRecord
100
AcDbRegAppTableRecord
  2
FUSIONCURRENTTITLEBLOCK
 70
     0
  0
APPID
  5
88
330
9
100
AcDbSymbolTableRecord
100
AcDbRegAppTableRecord
  2
AcSynergy
 70
     0
  0
APPID
  5
89
330
9
100
AcDbSymbolTableRecord
100
AcDbRegAppTableRecord
  2
GENIUS_GENSCREG_15
 70
     0
  0
APPID
  5
8A
330
9
100
AcDbSymbolTableRecord
100
AcDbRegAppTableRecord
  2
GENIUS_GENOBJ-N-SDF_13
 70
     0
  0
APPID
  5
8B
330
9
100
AcDbSymbolTableRecord
100
AcDbRegAppTableRecord
  2
GENIUS_GENODEF_13
 70
     0
  0
APPID
  5
8C
330
9
100
AcDbSymbolTableRecord
100
AcDbRegAppTableRecord
  2
ACATTRIBSERVICES
 70
     0
  0
APPID
  5
A80
330
9
100
AcDbSymbolTableRecord
100
AcDbRegAppTableRecord
  2
AcAecLayerStandard
 70
     0
  0
ENDTAB
  0
TABLE
  2
DIMSTYLE
  5
A
330
0
100
AcDbSymbolTable
 70
     4
100
AcDbDimStyleTable
 71
     1
340
9D
  0
DIMSTYLE
105
58
330
A
100
AcDbSymbolTableRecord
100
AcDbDimStyleTableRecord
  2
Standard
 70
     0
 41
3.5
 42
2.1
 43
10.5
 44
2.1
 78
    12
 79
     3
140
3.5
143
0.03937
146
0.714286
147
1.4
179
     2
271
     2
272
     2
284
    12
340
55
  0
DIMSTYLE
105
59
330
A
100
AcDbSymbolTableRecord
100
AcDbDimStyleTableRecord
  2
Annotative
 70
     0
 40
0.0
 41
3.5
 42
2.1
 43
10.5
 44
2.1
 73
     0
 74
     0
 77
     1
 78
    12
 79
     3
140
3.5
141
2.5
143
0.03937
146
0.714286
147
1.4
171
     3
172
     1
179
     2
271
     2
272
     2
274
     3
278
    44
283
     0
284
    12
340
55
1001
AcadAnnotative
1000
AnnotativeData
1002
{
1070
     1
1070
     1
1002
}
  0
DIMSTYLE
105
9C
330
A
100
AcDbSymbolTableRecord
100
AcDbDimStyleTableRecord
  2
ISO-25
 70
     0
  4
in
 41
3.5
 42
2.1
 43
10.5
 44
2.1
 47
0.1
 48
0.1
 73
     0
 74
     0
 77
     1
 78
    12
 79
     3
140
3.5
141
0.0
143
0.03937
146
0.714286
147
1.4
171
     4
172
     1
176
   256
177
   256
178
   256
179
     2
271
     2
272
     2
274
     4
283
     0
284
    12
285
     8
340
55
1001
ACAD_DSTYLE_DIMJAG
1070
   388
1040
1.5
1001
ACAD_DSTYLE_DIMTALN
1070
   392
1070
     1
1001
ACAD_DSTYLE_DIMBREAK
1070
   391
1040
3.5
  0
DIMSTYLE
105
9D
330
A
100
AcDbSymbolTableRecord
100
AcDbDimStyleTableRecord
  2
Dim-ISO-25
 70
     0
 41
3.5
 42
2.1
 43
10.5
 44
2.1
 47
0.1
 48
0.1
 73
     0
 74
     0
 77
     1
 78
    12
 79
     3
140
3.5
141
0.0
143
0.03937
146
0.714286
147
1.4
172
     1
179
     2
271
     2
272
     2
283
     0
284
    12
285
    12
286
    12
340
55
1001
ACAD_DSTYLE_DIMJAG
1070
   388
1040
1.5
1001
ACAD_DSTYLE_DIMTALN
1070
   392
1070
     1
1001
ACAD_DSTYLE_DIMBREAK
1070
   391
1040
3.5
  0
ENDTAB
  0
TABLE
  2
BLOCK_RECORD
  5
1
330
0
100
AcDbSymbolTable
 70
     2
  0
BLOCK_RECORD
  5
70
102
{ACAD_XDICTIONARY
360
9E
102
}
330
1
100
AcDbSymbolTableRecord
100
AcDbBlockTableRecord
  2
*Model_Space
340
73
 70
     0
280
     1
281
     0
  0
BLOCK_RECORD
  5
6C
330
1
100
AcDbSymbolTableRecord
100
AcDbBlockTableRecord
  2
*Paper_Space
340
6F
 70
     0
280
     1
281
     0
  0
BLOCK_RECORD
  5
74
330
1
100
AcDbSymbolTableRecord
100
AcDbBlockTableRecord
  2
*Paper_Space0
340
77
 70
     0
280
     1
281
     0
  0
ENDTAB
  0
ENDSEC
  0
SECTION
  2
BLOCKS
  0
BLOCK
  5
71
330
70
100
AcDbEntity
  8
0
100
AcDbBlockBegin
  2
*Model_Space
 70
     0
 10
0.0
 20
0.0
 30
0.0
  3
*Model_Space
  1

  0
ENDBLK
  5
72
330
70
100
AcDbEntity
  8
0
100
AcDbBlockEnd
  0
BLOCK
  5
6D
330
6C
100
AcDbEntity
 67
     1
  8
0
100
AcDbBlockBegin
  2
*Paper_Space
 70
     0
 10
0.0
 20
0.0
 30
0.0
  3
*Paper_Space
  1

  0
ENDBLK
  5
6E
330
6C
100
AcDbEntity
 67
     1
  8
0
100
AcDbBlockEnd
  0
BLOCK
  5
75
330
74
100
AcDbEntity
 67
     1
  8
0
100
AcDbBlockBegin
  2
*Paper_Space0
 70
     0
 10
0.0
 20
0.0
 30
0.0
  3
*Paper_Space0
  1

  0
ENDBLK
  5
76
330
74
100
AcDbEntity
 67
     1
  8
0
100
AcDbBlockEnd
  0
ENDSEC
  0
SECTION
  2
ENTITIES
  0
LINE
  5
593
330
70
100
AcDbEntity
  8
Visible
100
AcDbLine
 10
835.491351
 20
833.649122
 30
0.0
 11
835.491351
 21
827.649122
 31
0.0
  0
LINE
  5
594
330
70
100
AcDbEntity
  8
Visible
100
AcDbLine
 10
847.491351
 20
833.649122
 30
0.0
 11
835.491351
 21
833.649122
 31
0.0
  0
LINE
  5
595
330
70
100
AcDbEntity
  8
Visible
100
AcDbLine
 10
847.491351
 20
827.649122
 30
0.0
 11
847.491351
 21
833.649122
 31
0.0
  0
LINE
  5
596
330
70
100
AcDbEntity
  8
Visible
100
AcDbLine
 10
859.491351
 20
827.649122
 30
0.0
 11
847.491351
 21
827.649122
 31
0.0
  0
LINE
  5
597
330
70
100
AcDbEntity
  8
Visible
100
AcDbLine
 10
859.491351
 20
833.649122
 30
0.0
 11
859.491351
 21
827.649122
 31
0.0
  0
LINE
  5
598
330
70
100
AcDbEntity
  8
Visible
100
AcDbLine
 10
871.491351
 20
833.649122
 30
0.0
 11
859.491351
 21
833.649122
 31
0.0
  0
LINE
  5
599
330
70
100
AcDbEntity
  8
Visible
100
AcDbLine
 10
871.491351
 20
827.649122
 30
0.0
 11
871.491351
 21
833.649122
 31
0.0
  0
LINE
  5
59A
330
70
100
AcDbEntity
  8
Visible
100
AcDbLine
 10
883.491351
 20
827.649122
 30
0.0
 11
871.491351
 21
827.649122
 31
0.0
  0
LINE
  5
59B
330
70
100
AcDbEntity
  8
Visible
100
AcDbLine
 10
883.491351
 20
833.649122
 30
0.0
 11
883.491351
 21
827.649122
 31
0.0
  0
LINE
  5
59C
330
70
100
AcDbEntity
  8
Visible
100
AcDbLine
 10
895.491351
 20
833.649122
 30
0.0
 11
883.491351
 21
833.649122
 31
0.0
  0
LINE
  5
59D
330
70
100
AcDbEntity
  8
Visible
100
AcDbLine
 10
895.491351
 20
827.649122
 30
0.0
 11
895.491351
 21
833.649122
 31
0.0
  0
LINE
  5
59E
330
70
100
AcDbEntity
  8
Visible
100
AcDbLine
 10
907.491351
 20
827.649122
 30
0.0
 11
895.491351
 21
827.649122
 31
0.0
  0
LINE
  5
59F
330
70
100
AcDbEntity
  8
Visible
100
AcDbLine
 10
907.491351
 20
833.649122
 30
0.0
 11
907.491351
 21
827.649122
 31
0.0
  0
LINE
  5
5A0
330
70
100
AcDbEntity
  8
Visible
100
AcDbLine
 10
919.491351
 20
833.649122
 30
0.0
 11
907.491351
 21
833.649122
 31
0.0
  0
LINE
  5
5A1
330
70
100
AcDbEntity
  8
Visible
100
AcDbLine
 10
919.491351
 20
827.649122
 30
0.0
 11
919.491351
 21
833.649122
 31
0.0
  0
LINE
  5
5A2
330
70
100
AcDbEntity
  8
Visible
100
AcDbLine
 10
931.491351
 20
827.649122
 30
0.0
 11
919.491351
 21
827.649122
 31
0.0
  0
LINE
  5
5A3
330
70
100
AcDbEntity
  8
Visible
100
AcDbLine
 10
931.491351
 20
833.649122
 30
0.0
 11
931.491351
 21
827.649122
 31
0.0
  0
LINE
  5
5A4
330
70
100
AcDbEntity
  8
Visible
100
AcDbLine
 10
943.491351
 20
833.649122
 30
0.0
 11
931.491351
 21
833.649122
 31
0.0
  0
LINE
  5
5A5
330
70
100
AcDbEntity
  8
Visible
100
AcDbLine
 10
943.491351
 20
827.649122
 30
0.0
 11
943.491351
 21
833.649122
 31
0.0
  0
LINE
  5
5A6
330
70
100
AcDbEntity
  8
Visible
100
AcDbLine
 10
955.491351
 20
827.649122
 30
0.0
 11
943.491351
 21
827.649122
 31
0.0
  0
LINE
  5
5A7
330
70
100
AcDbEntity
  8
Visible
100
AcDbLine
 10
955.491351
 20
833.649122
 30
0.0
 11
955.491351
 21
827.649122
 31
0.0
  0
LINE
  5
5A8
330
70
100
AcDbEntity
  8
Visible
100
AcDbLine
 10
967.491351
 20
833.649122
 30
0.0
 11
955.491351
 21
833.649122
 31
0.0
  0
LINE
  5
5A9
330
70
100
AcDbEntity
  8
Visible
100
AcDbLine
 10
967.491351
 20
827.649122
 30
0.0
 11
967.491351
 21
833.649122
 31
0.0
  0
LINE
  5
5AA
330
70
100
AcDbEntity
  8
Visible
100
AcDbLine
 10
979.491351
 20
827.649122
 30
0.0
 11
967.491351
 21
827.649122
 31
0.0
  0
LINE
  5
5AB
330
70
100
AcDbEntity
  8
Visible
100
AcDbLine
 10
979.491351
 20
833.649122
 30
0.0
 11
979.491351
 21
827.649122
 31
0.0
  0
LINE
  5
5AC
330
70
100
AcDbEntity
  8
Visible
100
AcDbLine
 10
991.491351
 20
833.649122
 30
0.0
 11
979.491351
 21
833.649122
 31
0.0
  0
LINE
  5
5AD
330
70
100
AcDbEntity
  8
Visible
100
AcDbLine
 10
991.491351
 20
827.649122
 30
0.0
 11
991.491351
 21
833.649122
 31
0.0
  0
LINE
  5
5AE
330
70
100
AcDbEntity
  8
Visible
100
AcDbLine
 10
1003.491351
 20
827.649122
 30
0.0
 11
991.491351
 21
827.649122
 31
0.0
  0
LINE
  5
5AF
330
70
100
AcDbEntity
  8
Visible
100
AcDbLine
 10
1003.491351
 20
833.649122
 30
0.0
 11
1003.491351
 21
827.649122
 31
0.0
  0
LINE
  5
5B0
330
70
100
AcDbEntity
  8
Visible
100
AcDbLine
 10
1015.491351
 20
833.649122
 30
0.0
 11
1003.491351
 21
833.649122
 31
0.0
  0
LINE
  5
5B1
330
70
100
AcDbEntity
  8
Visible
100
AcDbLine
 10
1015.491351
 20
827.649122
 30
0.0
 11
1015.491351
 21
833.649122
 31
0.0
  0
LINE
  5
5B2
330
70
100
AcDbEntity
  8
Visible
100
AcDbLine
 10
1027.491351
 20
827.649122
 30
0.0
 11
1015.491351
 21
827.649122
 31
0.0
  0
LINE
  5
5B3
330
70
100
AcDbEntity
  8
Visible
100
AcDbLine
 10
1027.491351
 20
833.649122
 30
0.0
 11
1027.491351
 21
827.649122
 31
0.0
  0
LINE
  5
5B4
330
70
100
AcDbEntity
  8
Visible
100
AcDbLine
 10
1039.491351
 20
833.649122
 30
0.0
 11
1027.491351
 21
833.649122
 31
0.0
  0
LINE
  5
5B5
330
70
100
AcDbEntity
  8
Visible
100
AcDbLine
 10
1039.491351
 20
827.649122
 30
0.0
 11
1039.491351
 21
833.649122
 31
0.0
  0
LINE
  5
5B6
330
70
100
AcDbEntity
  8
Visible
100
AcDbLine
 10
1051.491351
 20
827.649122
 30
0.0
 11
1039.491351
 21
827.649122
 31
0.0
  0
LINE
  5
5B7
330
70
100
AcDbEntity
  8
Visible
100
AcDbLine
 10
1051.491351
 20
833.649122
 30
0.0
 11
1051.491351
 21
827.649122
 31
0.0
  0
LINE
  5
5B8
330
70
100
AcDbEntity
  8
Visible
100
AcDbLine
 10
1063.491351
 20
833.649122
 30
0.0
 11
1051.491351
 21
833.649122
 31
0.0
  0
LINE
  5
5B9
330
70
100
AcDbEntity
  8
Visible
100
AcDbLine
 10
1063.491351
 20
827.649122
 30
0.0
 11
1063.491351
 21
833.649122
 31
0.0
  0
LINE
  5
5BA
330
70
100
AcDbEntity
  8
Visible
100
AcDbLine
 10
1075.491351
 20
827.649122
 30
0.0
 11
1063.491351
 21
827.649122
 31
0.0
  0
LINE
  5
5BB
330
70
100
AcDbEntity
  8
Visible
100
AcDbLine
 10
1075.491351
 20
833.649122
 30
0.0
 11
1075.491351
 21
827.649122
 31
0.0
  0
LINE
  5
5BC
330
70
100
AcDbEntity
  8
Visible
100
AcDbLine
 10
1087.491351
 20
833.649122
 30
0.0
 11
1075.491351
 21
833.649122
 31
0.0
  0
LINE
  5
5BD
330
70
100
AcDbEntity
  8
Visible
100
AcDbLine
 10
1087.491351
 20
827.649122
 30
0.0
 11
1087.491351
 21
833.649122
 31
0.0
  0
LINE
  5
5BE
330
70
100
AcDbEntity
  8
Visible
100
AcDbLine
 10
1099.491351
 20
827.649122
 30
0.0
 11
1087.491351
 21
827.649122
 31
0.0
  0
LINE
  5
5BF
330
70
100
AcDbEntity
  8
Visible
100
AcDbLine
 10
1099.491351
 20
833.649122
 30
0.0
 11
1099.491351
 21
827.649122
 31
0.0
  0
LINE
  5
5C0
330
70
100
AcDbEntity
  8
Visible
100
AcDbLine
 10
1111.491351
 20
833.649122
 30
0.0
 11
1099.491351
 21
833.649122
 31
0.0
  0
LINE
  5
5C1
330
70
100
AcDbEntity
  8
Visible
100
AcDbLine
 10
1111.491351
 20
827.649122
 30
0.0
 11
1111.491351
 21
833.649122
 31
0.0
  0
LINE
  5
5C2
330
70
100
AcDbEntity
  8
Visible
100
AcDbLine
 10
1123.491351
 20
827.649122
 30
0.0
 11
1111.491351
 21
827.649122
 31
0.0
  0
LINE
  5
5C3
330
70
100
AcDbEntity
  8
Visible
100
AcDbLine
 10
1123.491351
 20
833.649122
 30
0.0
 11
1123.491351
 21
827.649122
 31
0.0
  0
LINE
  5
5C4
330
70
100
AcDbEntity
  8
Visible
100
AcDbLine
 10
1135.491351
 20
833.649122
 30
0.0
 11
1123.491351
 21
833.649122
 31
0.0
  0
LINE
  5
5C5
330
70
100
AcDbEntity
  8
Visible
100
AcDbLine
 10
1135.491351
 20
827.649122
 30
0.0
 11
1135.491351
 21
833.649122
 31
0.0
  0
LINE
  5
5C6
330
70
100
AcDbEntity
  8
Visible
100
AcDbLine
 10
1147.491351
 20
827.649122
 30
0.0
 11
1135.491351
 21
827.649122
 31
0.0
  0
LINE
  5
5C7
330
70
100
AcDbEntity
  8
Visible
100
AcDbLine
 10
1147.491351
 20
833.649122
 30
0.0
 11
1147.491351
 21
827.649122
 31
0.0
  0
LINE
  5
5C8
330
70
100
AcDbEntity
  8
Visible
100
AcDbLine
 10
1159.491351
 20
833.649122
 30
0.0
 11
1147.491351
 21
833.649122
 31
0.0
  0
LINE
  5
5C9
330
70
100
AcDbEntity
  8
Visible
100
AcDbLine
 10
1159.491351
 20
827.649122
 30
0.0
 11
1159.491351
 21
833.649122
 31
0.0
  0
LINE
  5
5CA
330
70
100
AcDbEntity
  8
Visible
100
AcDbLine
 10
1172.491351
 20
827.649122
 30
0.0
 11
1159.491351
 21
827.649122
 31
0.0
  0
LINE
  5
5CB
330
70
100
AcDbEntity
  8
Visible
100
AcDbLine
 10
1172.491351
 20
813.649122
 30
0.0
 11
1172.491351
 21
827.649122
 31
0.0
  0
LINE
  5
5CC
330
70
100
AcDbEntity
  8
Visible
100
AcDbLine
 10
1178.491351
 20
813.649122
 30
0.0
 11
1172.491351
 21
813.649122
 31
0.0
  0
LINE
  5
5CD
330
70
100
AcDbEntity
  8
Visible
100
AcDbLine
 10
1178.491351
 20
801.649122
 30
0.0
 11
1178.491351
 21
813.649122
 31
0.0
  0
LINE
  5
5CE
330
70
100
AcDbEntity
  8
Visible
100
AcDbLine
 10
1172.491351
 20
801.649122
 30
0.0
 11
1178.491351
 21
801.649122
 31
0.0
  0
LINE
  5
5CF
330
70
100
AcDbEntity
  8
Visible
100
AcDbLine
 10
1172.491351
 20
789.649122
 30
0.0
 11
1172.491351
 21
801.649122
 31
0.0
  0
LINE
  5
5D0
330
70
100
AcDbEntity
  8
Visible
100
AcDbLine
 10
1178.491351
 20
789.649122
 30
0.0
 11
1172.491351
 21
789.649122
 31
0.0
  0
LINE
  5
5D1
330
70
100
AcDbEntity
  8
Visible
100
AcDbLine
 10
1178.491351
 20
777.649122
 30
0.0
 11
1178.491351
 21
789.649122
 31
0.0
  0
LINE
  5
5D2
330
70
100
AcDbEntity
  8
Visible
100
AcDbLine
 10
1172.491351
 20
777.649122
 30
0.0
 11
1178.491351
 21
777.649122
 31
0.0
  0
LINE
  5
5D3
330
70
100
AcDbEntity
  8
Visible
100
AcDbLine
 10
1172.491351
 20
765.649122
 30
0.0
 11
1172.491351
 21
777.649122
 31
0.0
  0
LINE
  5
5D4
330
70
100
AcDbEntity
  8
Visible
100
AcDbLine
 10
1178.491351
 20
765.649122
 30
0.0
 11
1172.491351
 21
765.649122
 31
0.0
  0
LINE
  5
5D5
330
70
100
AcDbEntity
  8
Visible
100
AcDbLine
 10
1178.491351
 20
753.649122
 30
0.0
 11
1178.491351
 21
765.649122
 31
0.0
  0
LINE
  5
5D6
330
70
100
AcDbEntity
  8
Visible
100
AcDbLine
 10
1172.491351
 20
753.649122
 30
0.0
 11
1178.491351
 21
753.649122
 31
0.0
  0
LINE
  5
5D7
330
70
100
AcDbEntity
  8
Visible
100
AcDbLine
 10
1172.491351
 20
741.649122
 30
0.0
 11
1172.491351
 21
753.649122
 31
0.0
  0
LINE
  5
5D8
330
70
100
AcDbEntity
  8
Visible
100
AcDbLine
 10
1178.491351
 20
741.649122
 30
0.0
 11
1172.491351
 21
741.649122
 31
0.0
  0
LINE
  5
5D9
330
70
100
AcDbEntity
  8
Visible
100
AcDbLine
 10
1178.491351
 20
729.649122
 30
0.0
 11
1178.491351
 21
741.649122
 31
0.0
  0
LINE
  5
5DA
330
70
100
AcDbEntity
  8
Visible
100
AcDbLine
 10
1172.491351
 20
729.649122
 30
0.0
 11
1178.491351
 21
729.649122
 31
0.0
  0
LINE
  5
5DB
330
70
100
AcDbEntity
  8
Visible
100
AcDbLine
 10
1172.491351
 20
717.649122
 30
0.0
 11
1172.491351
 21
729.649122
 31
0.0
  0
LINE
  5
5DC
330
70
100
AcDbEntity
  8
Visible
100
AcDbLine
 10
1178.491351
 20
717.649122
 30
0.0
 11
1172.491351
 21
717.649122
 31
0.0
  0
LINE
  5
5DD
330
70
100
AcDbEntity
  8
Visible
100
AcDbLine
 10
1178.491351
 20
705.649122
 30
0.0
 11
1178.491351
 21
717.649122
 31
0.0
  0
LINE
  5
5DE
330
70
100
AcDbEntity
  8
Visible
100
AcDbLine
 10
1172.491351
 20
705.649122
 30
0.0
 11
1178.491351
 21
705.649122
 31
0.0
  0
LINE
  5
5DF
330
70
100
AcDbEntity
  8
Visible
100
AcDbLine
 10
1172.491351
 20
693.649122
 30
0.0
 11
1172.491351
 21
705.649122
 31
0.0
  0
LINE
  5
5E0
330
70
100
AcDbEntity
  8
Visible
100
AcDbLine
 10
1178.491351
 20
693.649122
 30
0.0
 11
1172.491351
 21
693.649122
 31
0.0
  0
LINE
  5
5E1
330
70
100
AcDbEntity
  8
Visible
100
AcDbLine
 10
1178.491351
 20
681.649122
 30
0.0
 11
1178.491351
 21
693.649122
 31
0.0
  0
LINE
  5
5E2
330
70
100
AcDbEntity
  8
Visible
100
AcDbLine
 10
1172.491351
 20
681.649122
 30
0.0
 11
1178.491351
 21
681.649122
 31
0.0
  0
LINE
  5
5E3
330
70
100
AcDbEntity
  8
Visible
100
AcDbLine
 10
1172.491351
 20
669.649122
 30
0.0
 11
1172.491351
 21
681.649122
 31
0.0
  0
LINE
  5
5E4
330
70
100
AcDbEntity
  8
Visible
100
AcDbLine
 10
1178.491351
 20
669.649122
 30
0.0
 11
1172.491351
 21
669.649122
 31
0.0
  0
LINE
  5
5E5
330
70
100
AcDbEntity
  8
Visible
100
AcDbLine
 10
1178.491351
 20
657.649122
 30
0.0
 11
1178.491351
 21
669.649122
 31
0.0
  0
LINE
  5
5E6
330
70
100
AcDbEntity
  8
Visible
100
AcDbLine
 10
1172.491351
 20
657.649122
 30
0.0
 11
1178.491351
 21
657.649122
 31
0.0
  0
LINE
  5
5E7
330
70
100
AcDbEntity
  8
Visible
100
AcDbLine
 10
1172.491351
 20
645.649122
 30
0.0
 11
1172.491351
 21
657.649122
 31
0.0
  0
LINE
  5
5E8
330
70
100
AcDbEntity
  8
Visible
100
AcDbLine
 10
1178.491351
 20
645.649122
 30
0.0
 11
1172.491351
 21
645.649122
 31
0.0
  0
LINE
  5
5E9
330
70
100
AcDbEntity
  8
Visible
100
AcDbLine
 10
1178.491351
 20
633.649122
 30
0.0
 11
1178.491351
 21
645.649122
 31
0.0
  0
LINE
  5
5EA
330
70
100
AcDbEntity
  8
Visible
100
AcDbLine
 10
1172.491351
 20
633.649122
 30
0.0
 11
1178.491351
 21
633.649122
 31
0.0
  0
LINE
  5
5EB
330
70
100
AcDbEntity
  8
Visible
100
AcDbLine
 10
1172.491351
 20
621.649122
 30
0.0
 11
1172.491351
 21
633.649122
 31
0.0
  0
LINE
  5
5EC
330
70
100
AcDbEntity
  8
Visible
100
AcDbLine
 10
1178.491351
 20
621.649122
 30
0.0
 11
1172.491351
 21
621.649122
 31
0.0
  0
LINE
  5
5ED
330
70
100
AcDbEntity
  8
Visible
100
AcDbLine
 10
1178.491351
 20
609.649122
 30
0.0
 11
1178.491351
 21
621.649122
 31
0.0
  0
LINE
  5
5EE
330
70
100
AcDbEntity
  8
Visible
100
AcDbLine
 10
1172.491351
 20
609.649122
 30
0.0
 11
1178.491351
 21
609.649122
 31
0.0
  0
LINE
  5
5EF
330
70
100
AcDbEntity
  8
Visible
100
AcDbLine
 10
1172.491351
 20
597.649122
 30
0.0
 11
1172.491351
 21
609.649122
 31
0.0
  0
LINE
  5
5F0
330
70
100
AcDbEntity
  8
Visible
100
AcDbLine
 10
1178.491351
 20
597.649122
 30
0.0
 11
1172.491351
 21
597.649122
 31
0.0
  0
LINE
  5
5F1
330
70
100
AcDbEntity
  8
Visible
100
AcDbLine
 10
1178.491351
 20
585.649122
 30
0.0
 11
1178.491351
 21
597.649122
 31
0.0
  0
LINE
  5
5F2
330
70
100
AcDbEntity
  8
Visible
100
AcDbLine
 10
1172.491351
 20
585.649122
 30
0.0
 11
1178.491351
 21
585.649122
 31
0.0
  0
LINE
  5
5F3
330
70
100
AcDbEntity
  8
Visible
100
AcDbLine
 10
1172.491351
 20
573.649122
 30
0.0
 11
1172.491351
 21
585.649122
 31
0.0
  0
LINE
  5
5F4
330
70
100
AcDbEntity
  8
Visible
100
AcDbLine
 10
1178.491351
 20
573.649122
 30
0.0
 11
1172.491351
 21
573.649122
 31
0.0
  0
LINE
  5
5F5
330
70
100
AcDbEntity
  8
Visible
100
AcDbLine
 10
1178.491351
 20
561.649122
 30
0.0
 11
1178.491351
 21
573.649122
 31
0.0
  0
LINE
  5
5F6
330
70
100
AcDbEntity
  8
Visible
100
AcDbLine
 10
1172.491351
 20
561.649122
 30
0.0
 11
1178.491351
 21
561.649122
 31
0.0
  0
LINE
  5
5F7
330
70
100
AcDbEntity
  8
Visible
100
AcDbLine
 10
1172.491351
 20
549.649122
 30
0.0
 11
1172.491351
 21
561.649122
 31
0.0
  0
LINE
  5
5F8
330
70
100
AcDbEntity
  8
Visible
100
AcDbLine
 10
1178.491351
 20
549.649122
 30
0.0
 11
1172.491351
 21
549.649122
 31
0.0
  0
LINE
  5
5F9
330
70
100
AcDbEntity
  8
Visible
100
AcDbLine
 10
1178.491351
 20
537.649122
 30
0.0
 11
1178.491351
 21
549.649122
 31
0.0
  0
LINE
  5
5FA
330
70
100
AcDbEntity
  8
Visible
100
AcDbLine
 10
1172.491351
 20
537.649122
 30
0.0
 11
1178.491351
 21
537.649122
 31
0.0
  0
LINE
  5
5FB
330
70
100
AcDbEntity
  8
Visible
100
AcDbLine
 10
1172.491351
 20
525.649122
 30
0.0
 11
1172.491351
 21
537.649122
 31
0.0
  0
LINE
  5
5FC
330
70
100
AcDbEntity
  8
Visible
100
AcDbLine
 10
1178.491351
 20
525.649122
 30
0.0
 11
1172.491351
 21
525.649122
 31
0.0
  0
LINE
  5
5FD
330
70
100
AcDbEntity
  8
Visible
100
AcDbLine
 10
1178.491351
 20
513.649122
 30
0.0
 11
1178.491351
 21
525.649122
 31
0.0
  0
LINE
  5
5FE
330
70
100
AcDbEntity
  8
Visible
100
AcDbLine
 10
1172.491351
 20
513.649122
 30
0.0
 11
1178.491351
 21
513.649122
 31
0.0
  0
LINE
  5
5FF
330
70
100
AcDbEntity
  8
Visible
100
AcDbLine
 10
1172.491351
 20
501.649122
 30
0.0
 11
1172.491351
 21
513.649122
 31
0.0
  0
LINE
  5
600
330
70
100
AcDbEntity
  8
Visible
100
AcDbLine
 10
1178.491351
 20
501.649122
 30
0.0
 11
1172.491351
 21
501.649122
 31
0.0
  0
LINE
  5
601
330
70
100
AcDbEntity
  8
Visible
100
AcDbLine
 10
1178.491351
 20
489.649122
 30
0.0
 11
1178.491351
 21
501.649122
 31
0.0
  0
LINE
  5
602
330
70
100
AcDbEntity
  8
Visible
100
AcDbLine
 10
1172.491351
 20
489.649122
 30
0.0
 11
1178.491351
 21
489.649122
 31
0.0
  0
LINE
  5
603
330
70
100
AcDbEntity
  8
Visible
100
AcDbLine
 10
1172.491351
 20
477.649122
 30
0.0
 11
1172.491351
 21
489.649122
 31
0.0
  0
LINE
  5
604
330
70
100
AcDbEntity
  8
Visible
100
AcDbLine
 10
1178.491351
 20
477.649122
 30
0.0
 11
1172.491351
 21
477.649122
 31
0.0
  0
LINE
  5
605
330
70
100
AcDbEntity
  8
Visible
100
AcDbLine
 10
1178.491351
 20
465.649122
 30
0.0
 11
1178.491351
 21
477.649122
 31
0.0
  0
LINE
  5
606
330
70
100
AcDbEntity
  8
Visible
100
AcDbLine
 10
1172.491351
 20
465.649122
 30
0.0
 11
1178.491351
 21
465.649122
 31
0.0
  0
LINE
  5
607
330
70
100
AcDbEntity
  8
Visible
100
AcDbLine
 10
1172.491351
 20
453.649122
 30
0.0
 11
1172.491351
 21
465.649122
 31
0.0
  0
LINE
  5
608
330
70
100
AcDbEntity
  8
Visible
100
AcDbLine
 10
1178.491351
 20
453.649122
 30
0.0
 11
1172.491351
 21
453.649122
 31
0.0
  0
LINE
  5
609
330
70
100
AcDbEntity
  8
Visible
100
AcDbLine
 10
1178.491351
 20
441.649122
 30
0.0
 11
1178.491351
 21
453.649122
 31
0.0
  0
LINE
  5
60A
330
70
100
AcDbEntity
  8
Visible
100
AcDbLine
 10
1172.491351
 20
441.649122
 30
0.0
 11
1178.491351
 21
441.649122
 31
0.0
  0
LINE
  5
60B
330
70
100
AcDbEntity
  8
Visible
100
AcDbLine
 10
1172.491351
 20
427.649122
 30
0.0
 11
1172.491351
 21
441.649122
 31
0.0
  0
LINE
  5
60C
330
70
100
AcDbEntity
  8
Visible
100
AcDbLine
 10
1159.491351
 20
427.649122
 30
0.0
 11
1172.491351
 21
427.649122
 31
0.0
  0
LINE
  5
60D
330
70
100
AcDbEntity
  8
Visible
100
AcDbLine
 10
1159.491351
 20
421.649122
 30
0.0
 11
1159.491351
 21
427.649122
 31
0.0
  0
LINE
  5
60E
330
70
100
AcDbEntity
  8
Visible
100
AcDbLine
 10
1147.491351
 20
421.649122
 30
0.0
 11
1159.491351
 21
421.649122
 31
0.0
  0
LINE
  5
60F
330
70
100
AcDbEntity
  8
Visible
100
AcDbLine
 10
1147.491351
 20
427.649122
 30
0.0
 11
1147.491351
 21
421.649122
 31
0.0
  0
LINE
  5
610
330
70
100
AcDbEntity
  8
Visible
100
AcDbLine
 10
1135.491351
 20
427.649122
 30
0.0
 11
1147.491351
 21
427.649122
 31
0.0
  0
LINE
  5
611
330
70
100
AcDbEntity
  8
Visible
100
AcDbLine
 10
1135.491351
 20
421.649122
 30
0.0
 11
1135.491351
 21
427.649122
 31
0.0
  0
LINE
  5
612
330
70
100
AcDbEntity
  8
Visible
100
AcDbLine
 10
1123.491351
 20
421.649122
 30
0.0
 11
1135.491351
 21
421.649122
 31
0.0
  0
LINE
  5
613
330
70
100
AcDbEntity
  8
Visible
100
AcDbLine
 10
1123.491351
 20
427.649122
 30
0.0
 11
1123.491351
 21
421.649122
 31
0.0
  0
LINE
  5
614
330
70
100
AcDbEntity
  8
Visible
100
AcDbLine
 10
1111.491351
 20
427.649122
 30
0.0
 11
1123.491351
 21
427.649122
 31
0.0
  0
LINE
  5
615
330
70
100
AcDbEntity
  8
Visible
100
AcDbLine
 10
1111.491351
 20
421.649122
 30
0.0
 11
1111.491351
 21
427.649122
 31
0.0
  0
LINE
  5
616
330
70
100
AcDbEntity
  8
Visible
100
AcDbLine
 10
1099.491351
 20
421.649122
 30
0.0
 11
1111.491351
 21
421.649122
 31
0.0
  0
LINE
  5
617
330
70
100
AcDbEntity
  8
Visible
100
AcDbLine
 10
1099.491351
 20
427.649122
 30
0.0
 11
1099.491351
 21
421.649122
 31
0.0
  0
LINE
  5
618
330
70
100
AcDbEntity
  8
Visible
100
AcDbLine
 10
1087.491351
 20
427.649122
 30
0.0
 11
1099.491351
 21
427.649122
 31
0.0
  0
LINE
  5
619
330
70
100
AcDbEntity
  8
Visible
100
AcDbLine
 10
1087.491351
 20
421.649122
 30
0.0
 11
1087.491351
 21
427.649122
 31
0.0
  0
LINE
  5
61A
330
70
100
AcDbEntity
  8
Visible
100
AcDbLine
 10
1075.491351
 20
421.649122
 30
0.0
 11
1087.491351
 21
421.649122
 31
0.0
  0
LINE
  5
61B
330
70
100
AcDbEntity
  8
Visible
100
AcDbLine
 10
1075.491351
 20
427.649122
 30
0.0
 11
1075.491351
 21
421.649122
 31
0.0
  0
LINE
  5
61C
330
70
100
AcDbEntity
  8
Visible
100
AcDbLine
 10
1063.491351
 20
427.649122
 30
0.0
 11
1075.491351
 21
427.649122
 31
0.0
  0
LINE
  5
61D
330
70
100
AcDbEntity
  8
Visible
100
AcDbLine
 10
1063.491351
 20
421.649122
 30
0.0
 11
1063.491351
 21
427.649122
 31
0.0
  0
LINE
  5
61E
330
70
100
AcDbEntity
  8
Visible
100
AcDbLine
 10
1051.491351
 20
421.649122
 30
0.0
 11
1063.491351
 21
421.649122
 31
0.0
  0
LINE
  5
61F
330
70
100
AcDbEntity
  8
Visible
100
AcDbLine
 10
1051.491351
 20
427.649122
 30
0.0
 11
1051.491351
 21
421.649122
 31
0.0
  0
LINE
  5
620
330
70
100
AcDbEntity
  8
Visible
100
AcDbLine
 10
1039.491351
 20
427.649122
 30
0.0
 11
1051.491351
 21
427.649122
 31
0.0
  0
LINE
  5
621
330
70
100
AcDbEntity
  8
Visible
100
AcDbLine
 10
1039.491351
 20
421.649122
 30
0.0
 11
1039.491351
 21
427.649122
 31
0.0
  0
LINE
  5
622
330
70
100
AcDbEntity
  8
Visible
100
AcDbLine
 10
1027.491351
 20
421.649122
 30
0.0
 11
1039.491351
 21
421.649122
 31
0.0
  0
LINE
  5
623
330
70
100
AcDbEntity
  8
Visible
100
AcDbLine
 10
1027.491351
 20
427.649122
 30
0.0
 11
1027.491351
 21
421.649122
 31
0.0
  0
LINE
  5
624
330
70
100
AcDbEntity
  8
Visible
100
AcDbLine
 10
1015.491351
 20
427.649122
 30
0.0
 11
1027.491351
 21
427.649122
 31
0.0
  0
LINE
  5
625
330
70
100
AcDbEntity
  8
Visible
100
AcDbLine
 10
1015.491351
 20
421.649122
 30
0.0
 11
1015.491351
 21
427.649122
 31
0.0
  0
LINE
  5
626
330
70
100
AcDbEntity
  8
Visible
100
AcDbLine
 10
1003.491351
 20
421.649122
 30
0.0
 11
1015.491351
 21
421.649122
 31
0.0
  0
LINE
  5
627
330
70
100
AcDbEntity
  8
Visible
100
AcDbLine
 10
1003.491351
 20
427.649122
 30
0.0
 11
1003.491351
 21
421.649122
 31
0.0
  0
LINE
  5
628
330
70
100
AcDbEntity
  8
Visible
100
AcDbLine
 10
991.491351
 20
427.649122
 30
0.0
 11
1003.491351
 21
427.649122
 31
0.0
  0
LINE
  5
629
330
70
100
AcDbEntity
  8
Visible
100
AcDbLine
 10
991.491351
 20
421.649122
 30
0.0
 11
991.491351
 21
427.649122
 31
0.0
  0
LINE
  5
62A
330
70
100
AcDbEntity
  8
Visible
100
AcDbLine
 10
979.491351
 20
421.649122
 30
0.0
 11
991.491351
 21
421.649122
 31
0.0
  0
LINE
  5
62B
330
70
100
AcDbEntity
  8
Visible
100
AcDbLine
 10
979.491351
 20
427.649122
 30
0.0
 11
979.491351
 21
421.649122
 31
0.0
  0
LINE
  5
62C
330
70
100
AcDbEntity
  8
Visible
100
AcDbLine
 10
967.491351
 20
427.649122
 30
0.0
 11
979.491351
 21
427.649122
 31
0.0
  0
LINE
  5
62D
330
70
100
AcDbEntity
  8
Visible
100
AcDbLine
 10
967.491351
 20
421.649122
 30
0.0
 11
967.491351
 21
427.649122
 31
0.0
  0
LINE
  5
62E
330
70
100
AcDbEntity
  8
Visible
100
AcDbLine
 10
955.491351
 20
421.649122
 30
0.0
 11
967.491351
 21
421.649122
 31
0.0
  0
LINE
  5
62F
330
70
100
AcDbEntity
  8
Visible
100
AcDbLine
 10
955.491351
 20
427.649122
 30
0.0
 11
955.491351
 21
421.649122
 31
0.0
  0
LINE
  5
630
330
70
100
AcDbEntity
  8
Visible
100
AcDbLine
 10
943.491351
 20
427.649122
 30
0.0
 11
955.491351
 21
427.649122
 31
0.0
  0
LINE
  5
631
330
70
100
AcDbEntity
  8
Visible
100
AcDbLine
 10
943.491351
 20
421.649122
 30
0.0
 11
943.491351
 21
427.649122
 31
0.0
  0
LINE
  5
632
330
70
100
AcDbEntity
  8
Visible
100
AcDbLine
 10
931.491351
 20
421.649122
 30
0.0
 11
943.491351
 21
421.649122
 31
0.0
  0
LINE
  5
633
330
70
100
AcDbEntity
  8
Visible
100
AcDbLine
 10
931.491351
 20
427.649122
 30
0.0
 11
931.491351
 21
421.649122
 31
0.0
  0
LINE
  5
634
330
70
100
AcDbEntity
  8
Visible
100
AcDbLine
 10
919.491351
 20
427.649122
 30
0.0
 11
931.491351
 21
427.649122
 31
0.0
  0
LINE
  5
635
330
70
100
AcDbEntity
  8
Visible
100
AcDbLine
 10
919.491351
 20
421.649122
 30
0.0
 11
919.491351
 21
427.649122
 31
0.0
  0
LINE
  5
636
330
70
100
AcDbEntity
  8
Visible
100
AcDbLine
 10
907.491351
 20
421.649122
 30
0.0
 11
919.491351
 21
421.649122
 31
0.0
  0
LINE
  5
637
330
70
100
AcDbEntity
  8
Visible
100
AcDbLine
 10
907.491351
 20
427.649122
 30
0.0
 11
907.491351
 21
421.649122
 31
0.0
  0
LINE
  5
638
330
70
100
AcDbEntity
  8
Visible
100
AcDbLine
 10
895.491351
 20
427.649122
 30
0.0
 11
907.491351
 21
427.649122
 31
0.0
  0
LINE
  5
639
330
70
100
AcDbEntity
  8
Visible
100
AcDbLine
 10
895.491351
 20
421.649122
 30
0.0
 11
895.491351
 21
427.649122
 31
0.0
  0
LINE
  5
63A
330
70
100
AcDbEntity
  8
Visible
100
AcDbLine
 10
883.491351
 20
421.649122
 30
0.0
 11
895.491351
 21
421.649122
 31
0.0
  0
LINE
  5
63B
330
70
100
AcDbEntity
  8
Visible
100
AcDbLine
 10
883.491351
 20
427.649122
 30
0.0
 11
883.491351
 21
421.649122
 31
0.0
  0
LINE
  5
63C
330
70
100
AcDbEntity
  8
Visible
100
AcDbLine
 10
871.491351
 20
427.649122
 30
0.0
 11
883.491351
 21
427.649122
 31
0.0
  0
LINE
  5
63D
330
70
100
AcDbEntity
  8
Visible
100
AcDbLine
 10
871.491351
 20
421.649122
 30
0.0
 11
871.491351
 21
427.649122
 31
0.0
  0
LINE
  5
63E
330
70
100
AcDbEntity
  8
Visible
100
AcDbLine
 10
859.491351
 20
421.649122
 30
0.0
 11
871.491351
 21
421.649122
 31
0.0
  0
LINE
  5
63F
330
70
100
AcDbEntity
  8
Visible
100
AcDbLine
 10
859.491351
 20
427.649122
 30
0.0
 11
859.491351
 21
421.649122
 31
0.0
  0
LINE
  5
640
330
70
100
AcDbEntity
  8
Visible
100
AcDbLine
 10
847.491351
 20
427.649122
 30
0.0
 11
859.491351
 21
427.649122
 31
0.0
  0
LINE
  5
641
330
70
100
AcDbEntity
  8
Visible
100
AcDbLine
 10
847.491351
 20
421.649122
 30
0.0
 11
847.491351
 21
427.649122
 31
0.0
  0
LINE
  5
642
330
70
100
AcDbEntity
  8
Visible
100
AcDbLine
 10
835.491351
 20
421.649122
 30
0.0
 11
847.491351
 21
421.649122
 31
0.0
  0
LINE
  5
643
330
70
100
AcDbEntity
  8
Visible
100
AcDbLine
 10
835.491351
 20
427.649122
 30
0.0
 11
835.491351
 21
421.649122
 31
0.0
  0
LINE
  5
644
330
70
100
AcDbEntity
  8
Visible
100
AcDbLine
 10
822.491351
 20
427.649122
 30
0.0
 11
835.491351
 21
427.649122
 31
0.0
  0
LINE
  5
645
330
70
100
AcDbEntity
  8
Visible
100
AcDbLine
 10
822.491351
 20
441.649122
 30
0.0
 11
822.491351
 21
427.649122
 31
0.0
  0
LINE
  5
646
330
70
100
AcDbEntity
  8
Visible
100
AcDbLine
 10
816.491351
 20
441.649122
 30
0.0
 11
822.491351
 21
441.649122
 31
0.0
  0
LINE
  5
647
330
70
100
AcDbEntity
  8
Visible
100
AcDbLine
 10
816.491351
 20
453.649122
 30
0.0
 11
816.491351
 21
441.649122
 31
0.0
  0
LINE
  5
648
330
70
100
AcDbEntity
  8
Visible
100
AcDbLine
 10
822.491351
 20
453.649122
 30
0.0
 11
816.491351
 21
453.649122
 31
0.0
  0
LINE
  5
649
330
70
100
AcDbEntity
  8
Visible
100
AcDbLine
 10
822.491351
 20
465.649122
 30
0.0
 11
822.491351
 21
453.649122
 31
0.0
  0
LINE
  5
64A
330
70
100
AcDbEntity
  8
Visible
100
AcDbLine
 10
816.491351
 20
465.649122
 30
0.0
 11
822.491351
 21
465.649122
 31
0.0
  0
LINE
  5
64B
330
70
100
AcDbEntity
  8
Visible
100
AcDbLine
 10
816.491351
 20
477.649122
 30
0.0
 11
816.491351
 21
465.649122
 31
0.0
  0
LINE
  5
64C
330
70
100
AcDbEntity
  8
Visible
100
AcDbLine
 10
822.491351
 20
477.649122
 30
0.0
 11
816.491351
 21
477.649122
 31
0.0
  0
LINE
  5
64D
330
70
100
AcDbEntity
  8
Visible
100
AcDbLine
 10
822.491351
 20
489.649122
 30
0.0
 11
822.491351
 21
477.649122
 31
0.0
  0
LINE
  5
64E
330
70
100
AcDbEntity
  8
Visible
100
AcDbLine
 10
816.491351
 20
489.649122
 30
0.0
 11
822.491351
 21
489.649122
 31
0.0
  0
LINE
  5
64F
330
70
100
AcDbEntity
  8
Visible
100
AcDbLine
 10
816.491351
 20
501.649122
 30
0.0
 11
816.491351
 21
489.649122
 31
0.0
  0
LINE
  5
650
330
70
100
AcDbEntity
  8
Visible
100
AcDbLine
 10
822.491351
 20
501.649122
 30
0.0
 11
816.491351
 21
501.649122
 31
0.0
  0
LINE
  5
651
330
70
100
AcDbEntity
  8
Visible
100
AcDbLine
 10
822.491351
 20
513.649122
 30
0.0
 11
822.491351
 21
501.649122
 31
0.0
  0
LINE
  5
652
330
70
100
AcDbEntity
  8
Visible
100
AcDbLine
 10
816.491351
 20
513.649122
 30
0.0
 11
822.491351
 21
513.649122
 31
0.0
  0
LINE
  5
653
330
70
100
AcDbEntity
  8
Visible
100
AcDbLine
 10
816.491351
 20
525.649122
 30
0.0
 11
816.491351
 21
513.649122
 31
0.0
  0
LINE
  5
654
330
70
100
AcDbEntity
  8
Visible
100
AcDbLine
 10
822.491351
 20
525.649122
 30
0.0
 11
816.491351
 21
525.649122
 31
0.0
  0
LINE
  5
655
330
70
100
AcDbEntity
  8
Visible
100
AcDbLine
 10
822.491351
 20
537.649122
 30
0.0
 11
822.491351
 21
525.649122
 31
0.0
  0
LINE
  5
656
330
70
100
AcDbEntity
  8
Visible
100
AcDbLine
 10
816.491351
 20
537.649122
 30
0.0
 11
822.491351
 21
537.649122
 31
0.0
  0
LINE
  5
657
330
70
100
AcDbEntity
  8
Visible
100
AcDbLine
 10
816.491351
 20
549.649122
 30
0.0
 11
816.491351
 21
537.649122
 31
0.0
  0
LINE
  5
658
330
70
100
AcDbEntity
  8
Visible
100
AcDbLine
 10
822.491351
 20
549.649122
 30
0.0
 11
816.491351
 21
549.649122
 31
0.0
  0
LINE
  5
659
330
70
100
AcDbEntity
  8
Visible
100
AcDbLine
 10
822.491351
 20
561.649122
 30
0.0
 11
822.491351
 21
549.649122
 31
0.0
  0
LINE
  5
65A
330
70
100
AcDbEntity
  8
Visible
100
AcDbLine
 10
816.491351
 20
561.649122
 30
0.0
 11
822.491351
 21
561.649122
 31
0.0
  0
LINE
  5
65B
330
70
100
AcDbEntity
  8
Visible
100
AcDbLine
 10
816.491351
 20
573.649122
 30
0.0
 11
816.491351
 21
561.649122
 31
0.0
  0
LINE
  5
65C
330
70
100
AcDbEntity
  8
Visible
100
AcDbLine
 10
822.491351
 20
573.649122
 30
0.0
 11
816.491351
 21
573.649122
 31
0.0
  0
LINE
  5
65D
330
70
100
AcDbEntity
  8
Visible
100
AcDbLine
 10
822.491351
 20
585.649122
 30
0.0
 11
822.491351
 21
573.649122
 31
0.0
  0
LINE
  5
65E
330
70
100
AcDbEntity
  8
Visible
100
AcDbLine
 10
816.491351
 20
585.649122
 30
0.0
 11
822.491351
 21
585.649122
 31
0.0
  0
LINE
  5
65F
330
70
100
AcDbEntity
  8
Visible
100
AcDbLine
 10
816.491351
 20
597.649122
 30
0.0
 11
816.491351
 21
585.649122
 31
0.0
  0
LINE
  5
660
330
70
100
AcDbEntity
  8
Visible
100
AcDbLine
 10
822.491351
 20
597.649122
 30
0.0
 11
816.491351
 21
597.649122
 31
0.0
  0
LINE
  5
661
330
70
100
AcDbEntity
  8
Visible
100
AcDbLine
 10
822.491351
 20
609.649122
 30
0.0
 11
822.491351
 21
597.649122
 31
0.0
  0
LINE
  5
662
330
70
100
AcDbEntity
  8
Visible
100
AcDbLine
 10
816.491351
 20
609.649122
 30
0.0
 11
822.491351
 21
609.649122
 31
0.0
  0
LINE
  5
663
330
70
100
AcDbEntity
  8
Visible
100
AcDbLine
 10
816.491351
 20
621.649122
 30
0.0
 11
816.491351
 21
609.649122
 31
0.0
  0
LINE
  5
664
330
70
100
AcDbEntity
  8
Visible
100
AcDbLine
 10
822.491351
 20
621.649122
 30
0.0
 11
816.491351
 21
621.649122
 31
0.0
  0
LINE
  5
665
330
70
100
AcDbEntity
  8
Visible
100
AcDbLine
 10
822.491351
 20
633.649122
 30
0.0
 11
822.491351
 21
621.649122
 31
0.0
  0
LINE
  5
666
330
70
100
AcDbEntity
  8
Visible
100
AcDbLine
 10
816.491351
 20
633.649122
 30
0.0
 11
822.491351
 21
633.649122
 31
0.0
  0
LINE
  5
667
330
70
100
AcDbEntity
  8
Visible
100
AcDbLine
 10
816.491351
 20
645.649122
 30
0.0
 11
816.491351
 21
633.649122
 31
0.0
  0
LINE
  5
668
330
70
100
AcDbEntity
  8
Visible
100
AcDbLine
 10
822.491351
 20
645.649122
 30
0.0
 11
816.491351
 21
645.649122
 31
0.0
  0
LINE
  5
669
330
70
100
AcDbEntity
  8
Visible
100
AcDbLine
 10
822.491351
 20
657.649122
 30
0.0
 11
822.491351
 21
645.649122
 31
0.0
  0
LINE
  5
66A
330
70
100
AcDbEntity
  8
Visible
100
AcDbLine
 10
816.491351
 20
657.649122
 30
0.0
 11
822.491351
 21
657.649122
 31
0.0
  0
LINE
  5
66B
330
70
100
AcDbEntity
  8
Visible
100
AcDbLine
 10
816.491351
 20
669.649122
 30
0.0
 11
816.491351
 21
657.649122
 31
0.0
  0
LINE
  5
66C
330
70
100
AcDbEntity
  8
Visible
100
AcDbLine
 10
822.491351
 20
669.649122
 30
0.0
 11
816.491351
 21
669.649122
 31
0.0
  0
LINE
  5
66D
330
70
100
AcDbEntity
  8
Visible
100
AcDbLine
 10
822.491351
 20
681.649122
 30
0.0
 11
822.491351
 21
669.649122
 31
0.0
  0
LINE
  5
66E
330
70
100
AcDbEntity
  8
Visible
100
AcDbLine
 10
816.491351
 20
681.649122
 30
0.0
 11
822.491351
 21
681.649122
 31
0.0
  0
LINE
  5
66F
330
70
100
AcDbEntity
  8
Visible
100
AcDbLine
 10
816.491351
 20
693.649122
 30
0.0
 11
816.491351
 21
681.649122
 31
0.0
  0
LINE
  5
670
330
70
100
AcDbEntity
  8
Visible
100
AcDbLine
 10
822.491351
 20
693.649122
 30
0.0
 11
816.491351
 21
693.649122
 31
0.0
  0
LINE
  5
671
330
70
100
AcDbEntity
  8
Visible
100
AcDbLine
 10
822.491351
 20
705.649122
 30
0.0
 11
822.491351
 21
693.649122
 31
0.0
  0
LINE
  5
672
330
70
100
AcDbEntity
  8
Visible
100
AcDbLine
 10
816.491351
 20
705.649122
 30
0.0
 11
822.491351
 21
705.649122
 31
0.0
  0
LINE
  5
673
330
70
100
AcDbEntity
  8
Visible
100
AcDbLine
 10
816.491351
 20
717.649122
 30
0.0
 11
816.491351
 21
705.649122
 31
0.0
  0
LINE
  5
674
330
70
100
AcDbEntity
  8
Visible
100
AcDbLine
 10
822.491351
 20
717.649122
 30
0.0
 11
816.491351
 21
717.649122
 31
0.0
  0
LINE
  5
675
330
70
100
AcDbEntity
  8
Visible
100
AcDbLine
 10
822.491351
 20
729.649122
 30
0.0
 11
822.491351
 21
717.649122
 31
0.0
  0
LINE
  5
676
330
70
100
AcDbEntity
  8
Visible
100
AcDbLine
 10
816.491351
 20
729.649122
 30
0.0
 11
822.491351
 21
729.649122
 31
0.0
  0
LINE
  5
677
330
70
100
AcDbEntity
  8
Visible
100
AcDbLine
 10
816.491351
 20
741.649122
 30
0.0
 11
816.491351
 21
729.649122
 31
0.0
  0
LINE
  5
678
330
70
100
AcDbEntity
  8
Visible
100
AcDbLine
 10
822.491351
 20
741.649122
 30
0.0
 11
816.491351
 21
741.649122
 31
0.0
  0
LINE
  5
679
330
70
100
AcDbEntity
  8
Visible
100
AcDbLine
 10
822.491351
 20
753.649122
 30
0.0
 11
822.491351
 21
741.649122
 31
0.0
  0
LINE
  5
67A
330
70
100
AcDbEntity
  8
Visible
100
AcDbLine
 10
816.491351
 20
753.649122
 30
0.0
 11
822.491351
 21
753.649122
 31
0.0
  0
LINE
  5
67B
330
70
100
AcDbEntity
  8
Visible
100
AcDbLine
 10
816.491351
 20
765.649122
 30
0.0
 11
816.491351
 21
753.649122
 31
0.0
  0
LINE
  5
67C
330
70
100
AcDbEntity
  8
Visible
100
AcDbLine
 10
822.491351
 20
765.649122
 30
0.0
 11
816.491351
 21
765.649122
 31
0.0
  0
LINE
  5
67D
330
70
100
AcDbEntity
  8
Visible
100
AcDbLine
 10
822.491351
 20
777.649122
 30
0.0
 11
822.491351
 21
765.649122
 31
0.0
  0
LINE
  5
67E
330
70
100
AcDbEntity
  8
Visible
100
AcDbLine
 10
816.491351
 20
777.649122
 30
0.0
 11
822.491351
 21
777.649122
 31
0.0
  0
LINE
  5
67F
330
70
100
AcDbEntity
  8
Visible
100
AcDbLine
 10
816.491351
 20
789.649122
 30
0.0
 11
816.491351
 21
777.649122
 31
0.0
  0
LINE
  5
680
330
70
100
AcDbEntity
  8
Visible
100
AcDbLine
 10
822.491351
 20
789.649122
 30
0.0
 11
816.491351
 21
789.649122
 31
0.0
  0
LINE
  5
681
330
70
100
AcDbEntity
  8
Visible
100
AcDbLine
 10
822.491351
 20
801.649122
 30
0.0
 11
822.491351
 21
789.649122
 31
0.0
  0
LINE
  5
682
330
70
100
AcDbEntity
  8
Visible
100
AcDbLine
 10
816.491351
 20
801.649122
 30
0.0
 11
822.491351
 21
801.649122
 31
0.0
  0
LINE
  5
683
330
70
100
AcDbEntity
  8
Visible
100
AcDbLine
 10
816.491351
 20
813.649122
 30
0.0
 11
816.491351
 21
801.649122
 31
0.0
  0
LINE
  5
684
330
70
100
AcDbEntity
  8
Visible
100
AcDbLine
 10
822.491351
 20
813.649122
 30
0.0
 11
816.491351
 21
813.649122
 31
0.0
  0
LINE
  5
685
330
70
100
AcDbEntity
  8
Visible
100
AcDbLine
 10
822.491351
 20
827.649122
 30
0.0
 11
822.491351
 21
813.649122
 31
0.0
  0
LINE
  5
686
330
70
100
AcDbEntity
  8
Visible
100
AcDbLine
 10
835.491351
 20
827.649122
 30
0.0
 11
822.491351
 21
827.649122
 31
0.0
  0
LINE
  5
687
330
70
100
AcDbEntity
  8
Visible
100
AcDbLine
 10
55.491351
 20
427.649122
 30
0.0
 11
55.491351
 21
433.649122
 31
0.0
  0
LINE
  5
688
330
70
100
AcDbEntity
  8
Visible
100
AcDbLine
 10
67.491351
 20
427.649122
 30
0.0
 11
55.491351
 21
427.649122
 31
0.0
  0
LINE
  5
689
330
70
100
AcDbEntity
  8
Visible
100
AcDbLine
 10
67.491351
 20
433.649122
 30
0.0
 11
67.491351
 21
427.649122
 31
0.0
  0
LINE
  5
68A
330
70
100
AcDbEntity
  8
Visible
100
AcDbLine
 10
79.491351
 20
433.649122
 30
0.0
 11
67.491351
 21
433.649122
 31
0.0
  0
LINE
  5
68B
330
70
100
AcDbEntity
  8
Visible
100
AcDbLine
 10
79.491351
 20
427.649122
 30
0.0
 11
79.491351
 21
433.649122
 31
0.0
  0
LINE
  5
68C
330
70
100
AcDbEntity
  8
Visible
100
AcDbLine
 10
91.491351
 20
427.649122
 30
0.0
 11
79.491351
 21
427.649122
 31
0.0
  0
LINE
  5
68D
330
70
100
AcDbEntity
  8
Visible
100
AcDbLine
 10
91.491351
 20
433.649122
 30
0.0
 11
91.491351
 21
427.649122
 31
0.0
  0
LINE
  5
68E
330
70
100
AcDbEntity
  8
Visible
100
AcDbLine
 10
103.491351
 20
433.649122
 30
0.0
 11
91.491351
 21
433.649122
 31
0.0
  0
LINE
  5
68F
330
70
100
AcDbEntity
  8
Visible
100
AcDbLine
 10
103.491351
 20
427.649122
 30
0.0
 11
103.491351
 21
433.649122
 31
0.0
  0
LINE
  5
690
330
70
100
AcDbEntity
  8
Visible
100
AcDbLine
 10
115.491351
 20
427.649122
 30
0.0
 11
103.491351
 21
427.649122
 31
0.0
  0
LINE
  5
691
330
70
100
AcDbEntity
  8
Visible
100
AcDbLine
 10
115.491351
 20
433.649122
 30
0.0
 11
115.491351
 21
427.649122
 31
0.0
  0
LINE
  5
692
330
70
100
AcDbEntity
  8
Visible
100
AcDbLine
 10
127.491351
 20
433.649122
 30
0.0
 11
115.491351
 21
433.649122
 31
0.0
  0
LINE
  5
693
330
70
100
AcDbEntity
  8
Visible
100
AcDbLine
 10
127.491351
 20
427.649122
 30
0.0
 11
127.491351
 21
433.649122
 31
0.0
  0
LINE
  5
694
330
70
100
AcDbEntity
  8
Visible
100
AcDbLine
 10
139.491351
 20
427.649122
 30
0.0
 11
127.491351
 21
427.649122
 31
0.0
  0
LINE
  5
695
330
70
100
AcDbEntity
  8
Visible
100
AcDbLine
 10
139.491351
 20
433.649122
 30
0.0
 11
139.491351
 21
427.649122
 31
0.0
  0
LINE
  5
696
330
70
100
AcDbEntity
  8
Visible
100
AcDbLine
 10
151.491351
 20
433.649122
 30
0.0
 11
139.491351
 21
433.649122
 31
0.0
  0
LINE
  5
697
330
70
100
AcDbEntity
  8
Visible
100
AcDbLine
 10
151.491351
 20
427.649122
 30
0.0
 11
151.491351
 21
433.649122
 31
0.0
  0
LINE
  5
698
330
70
100
AcDbEntity
  8
Visible
100
AcDbLine
 10
163.491351
 20
427.649122
 30
0.0
 11
151.491351
 21
427.649122
 31
0.0
  0
LINE
  5
699
330
70
100
AcDbEntity
  8
Visible
100
AcDbLine
 10
163.491351
 20
433.649122
 30
0.0
 11
163.491351
 21
427.649122
 31
0.0
  0
LINE
  5
69A
330
70
100
AcDbEntity
  8
Visible
100
AcDbLine
 10
175.491351
 20
433.649122
 30
0.0
 11
163.491351
 21
433.649122
 31
0.0
  0
LINE
  5
69B
330
70
100
AcDbEntity
  8
Visible
100
AcDbLine
 10
175.491351
 20
427.649122
 30
0.0
 11
175.491351
 21
433.649122
 31
0.0
  0
LINE
  5
69C
330
70
100
AcDbEntity
  8
Visible
100
AcDbLine
 10
187.491351
 20
427.649122
 30
0.0
 11
175.491351
 21
427.649122
 31
0.0
  0
LINE
  5
69D
330
70
100
AcDbEntity
  8
Visible
100
AcDbLine
 10
187.491351
 20
433.649122
 30
0.0
 11
187.491351
 21
427.649122
 31
0.0
  0
LINE
  5
69E
330
70
100
AcDbEntity
  8
Visible
100
AcDbLine
 10
199.491351
 20
433.649122
 30
0.0
 11
187.491351
 21
433.649122
 31
0.0
  0
LINE
  5
69F
330
70
100
AcDbEntity
  8
Visible
100
AcDbLine
 10
199.491351
 20
427.649122
 30
0.0
 11
199.491351
 21
433.649122
 31
0.0
  0
LINE
  5
6A0
330
70
100
AcDbEntity
  8
Visible
100
AcDbLine
 10
211.491351
 20
427.649122
 30
0.0
 11
199.491351
 21
427.649122
 31
0.0
  0
LINE
  5
6A1
330
70
100
AcDbEntity
  8
Visible
100
AcDbLine
 10
211.491351
 20
433.649122
 30
0.0
 11
211.491351
 21
427.649122
 31
0.0
  0
LINE
  5
6A2
330
70
100
AcDbEntity
  8
Visible
100
AcDbLine
 10
223.491351
 20
433.649122
 30
0.0
 11
211.491351
 21
433.649122
 31
0.0
  0
LINE
  5
6A3
330
70
100
AcDbEntity
  8
Visible
100
AcDbLine
 10
223.491351
 20
427.649122
 30
0.0
 11
223.491351
 21
433.649122
 31
0.0
  0
LINE
  5
6A4
330
70
100
AcDbEntity
  8
Visible
100
AcDbLine
 10
235.491351
 20
427.649122
 30
0.0
 11
223.491351
 21
427.649122
 31
0.0
  0
LINE
  5
6A5
330
70
100
AcDbEntity
  8
Visible
100
AcDbLine
 10
235.491351
 20
433.649122
 30
0.0
 11
235.491351
 21
427.649122
 31
0.0
  0
LINE
  5
6A6
330
70
100
AcDbEntity
  8
Visible
100
AcDbLine
 10
247.491351
 20
433.649122
 30
0.0
 11
235.491351
 21
433.649122
 31
0.0
  0
LINE
  5
6A7
330
70
100
AcDbEntity
  8
Visible
100
AcDbLine
 10
247.491351
 20
427.649122
 30
0.0
 11
247.491351
 21
433.649122
 31
0.0
  0
LINE
  5
6A8
330
70
100
AcDbEntity
  8
Visible
100
AcDbLine
 10
259.491351
 20
427.649122
 30
0.0
 11
247.491351
 21
427.649122
 31
0.0
  0
LINE
  5
6A9
330
70
100
AcDbEntity
  8
Visible
100
AcDbLine
 10
259.491351
 20
433.649122
 30
0.0
 11
259.491351
 21
427.649122
 31
0.0
  0
LINE
  5
6AA
330
70
100
AcDbEntity
  8
Visible
100
AcDbLine
 10
271.491351
 20
433.649122
 30
0.0
 11
259.491351
 21
433.649122
 31
0.0
  0
LINE
  5
6AB
330
70
100
AcDbEntity
  8
Visible
100
AcDbLine
 10
271.491351
 20
427.649122
 30
0.0
 11
271.491351
 21
433.649122
 31
0.0
  0
LINE
  5
6AC
330
70
100
AcDbEntity
  8
Visible
100
AcDbLine
 10
283.491351
 20
427.649122
 30
0.0
 11
271.491351
 21
427.649122
 31
0.0
  0
LINE
  5
6AD
330
70
100
AcDbEntity
  8
Visible
100
AcDbLine
 10
283.491351
 20
433.649122
 30
0.0
 11
283.491351
 21
427.649122
 31
0.0
  0
LINE
  5
6AE
330
70
100
AcDbEntity
  8
Visible
100
AcDbLine
 10
295.491351
 20
433.649122
 30
0.0
 11
283.491351
 21
433.649122
 31
0.0
  0
LINE
  5
6AF
330
70
100
AcDbEntity
  8
Visible
100
AcDbLine
 10
295.491351
 20
427.649122
 30
0.0
 11
295.491351
 21
433.649122
 31
0.0
  0
LINE
  5
6B0
330
70
100
AcDbEntity
  8
Visible
100
AcDbLine
 10
307.491351
 20
427.649122
 30
0.0
 11
295.491351
 21
427.649122
 31
0.0
  0
LINE
  5
6B1
330
70
100
AcDbEntity
  8
Visible
100
AcDbLine
 10
307.491351
 20
433.649122
 30
0.0
 11
307.491351
 21
427.649122
 31
0.0
  0
LINE
  5
6B2
330
70
100
AcDbEntity
  8
Visible
100
AcDbLine
 10
319.491351
 20
433.649122
 30
0.0
 11
307.491351
 21
433.649122
 31
0.0
  0
LINE
  5
6B3
330
70
100
AcDbEntity
  8
Visible
100
AcDbLine
 10
319.491351
 20
427.649122
 30
0.0
 11
319.491351
 21
433.649122
 31
0.0
  0
LINE
  5
6B4
330
70
100
AcDbEntity
  8
Visible
100
AcDbLine
 10
331.491351
 20
427.649122
 30
0.0
 11
319.491351
 21
427.649122
 31
0.0
  0
LINE
  5
6B5
330
70
100
AcDbEntity
  8
Visible
100
AcDbLine
 10
331.491351
 20
433.649122
 30
0.0
 11
331.491351
 21
427.649122
 31
0.0
  0
LINE
  5
6B6
330
70
100
AcDbEntity
  8
Visible
100
AcDbLine
 10
343.491351
 20
433.649122
 30
0.0
 11
331.491351
 21
433.649122
 31
0.0
  0
LINE
  5
6B7
330
70
100
AcDbEntity
  8
Visible
100
AcDbLine
 10
343.491351
 20
427.649122
 30
0.0
 11
343.491351
 21
433.649122
 31
0.0
  0
LINE
  5
6B8
330
70
100
AcDbEntity
  8
Visible
100
AcDbLine
 10
355.491351
 20
427.649122
 30
0.0
 11
343.491351
 21
427.649122
 31
0.0
  0
LINE
  5
6B9
330
70
100
AcDbEntity
  8
Visible
100
AcDbLine
 10
355.491351
 20
433.649122
 30
0.0
 11
355.491351
 21
427.649122
 31
0.0
  0
LINE
  5
6BA
330
70
100
AcDbEntity
  8
Visible
100
AcDbLine
 10
367.491351
 20
433.649122
 30
0.0
 11
355.491351
 21
433.649122
 31
0.0
  0
LINE
  5
6BB
330
70
100
AcDbEntity
  8
Visible
100
AcDbLine
 10
367.491351
 20
427.649122
 30
0.0
 11
367.491351
 21
433.649122
 31
0.0
  0
LINE
  5
6BC
330
70
100
AcDbEntity
  8
Visible
100
AcDbLine
 10
379.491351
 20
427.649122
 30
0.0
 11
367.491351
 21
427.649122
 31
0.0
  0
LINE
  5
6BD
330
70
100
AcDbEntity
  8
Visible
100
AcDbLine
 10
379.491351
 20
433.649122
 30
0.0
 11
379.491351
 21
427.649122
 31
0.0
  0
LINE
  5
6BE
330
70
100
AcDbEntity
  8
Visible
100
AcDbLine
 10
398.491351
 20
433.649122
 30
0.0
 11
379.491351
 21
433.649122
 31
0.0
  0
LINE
  5
6BF
330
70
100
AcDbEntity
  8
Visible
100
AcDbLine
 10
398.491351
 20
417.649122
 30
0.0
 11
398.491351
 21
433.649122
 31
0.0
  0
LINE
  5
6C0
330
70
100
AcDbEntity
  8
Visible
100
AcDbLine
 10
392.491351
 20
417.649122
 30
0.0
 11
398.491351
 21
417.649122
 31
0.0
  0
LINE
  5
6C1
330
70
100
AcDbEntity
  8
Visible
100
AcDbLine
 10
392.491351
 20
405.649122
 30
0.0
 11
392.491351
 21
417.649122
 31
0.0
  0
LINE
  5
6C2
330
70
100
AcDbEntity
  8
Visible
100
AcDbLine
 10
398.491351
 20
405.649122
 30
0.0
 11
392.491351
 21
405.649122
 31
0.0
  0
LINE
  5
6C3
330
70
100
AcDbEntity
  8
Visible
100
AcDbLine
 10
398.491351
 20
393.649122
 30
0.0
 11
398.491351
 21
405.649122
 31
0.0
  0
LINE
  5
6C4
330
70
100
AcDbEntity
  8
Visible
100
AcDbLine
 10
392.491351
 20
393.649122
 30
0.0
 11
398.491351
 21
393.649122
 31
0.0
  0
LINE
  5
6C5
330
70
100
AcDbEntity
  8
Visible
100
AcDbLine
 10
392.491351
 20
381.649122
 30
0.0
 11
392.491351
 21
393.649122
 31
0.0
  0
LINE
  5
6C6
330
70
100
AcDbEntity
  8
Visible
100
AcDbLine
 10
398.491351
 20
381.649122
 30
0.0
 11
392.491351
 21
381.649122
 31
0.0
  0
LINE
  5
6C7
330
70
100
AcDbEntity
  8
Visible
100
AcDbLine
 10
398.491351
 20
369.649122
 30
0.0
 11
398.491351
 21
381.649122
 31
0.0
  0
LINE
  5
6C8
330
70
100
AcDbEntity
  8
Visible
100
AcDbLine
 10
392.491351
 20
369.649122
 30
0.0
 11
398.491351
 21
369.649122
 31
0.0
  0
LINE
  5
6C9
330
70
100
AcDbEntity
  8
Visible
100
AcDbLine
 10
392.491351
 20
357.649122
 30
0.0
 11
392.491351
 21
369.649122
 31
0.0
  0
LINE
  5
6CA
330
70
100
AcDbEntity
  8
Visible
100
AcDbLine
 10
398.491351
 20
357.649122
 30
0.0
 11
392.491351
 21
357.649122
 31
0.0
  0
LINE
  5
6CB
330
70
100
AcDbEntity
  8
Visible
100
AcDbLine
 10
398.491351
 20
345.649122
 30
0.0
 11
398.491351
 21
357.649122
 31
0.0
  0
LINE
  5
6CC
330
70
100
AcDbEntity
  8
Visible
100
AcDbLine
 10
392.491351
 20
345.649122
 30
0.0
 11
398.491351
 21
345.649122
 31
0.0
  0
LINE
  5
6CD
330
70
100
AcDbEntity
  8
Visible
100
AcDbLine
 10
392.491351
 20
333.649122
 30
0.0
 11
392.491351
 21
345.649122
 31
0.0
  0
LINE
  5
6CE
330
70
100
AcDbEntity
  8
Visible
100
AcDbLine
 10
398.491351
 20
333.649122
 30
0.0
 11
392.491351
 21
333.649122
 31
0.0
  0
LINE
  5
6CF
330
70
100
AcDbEntity
  8
Visible
100
AcDbLine
 10
398.491351
 20
321.649122
 30
0.0
 11
398.491351
 21
333.649122
 31
0.0
  0
LINE
  5
6D0
330
70
100
AcDbEntity
  8
Visible
100
AcDbLine
 10
392.491351
 20
321.649122
 30
0.0
 11
398.491351
 21
321.649122
 31
0.0
  0
LINE
  5
6D1
330
70
100
AcDbEntity
  8
Visible
100
AcDbLine
 10
392.491351
 20
309.649122
 30
0.0
 11
392.491351
 21
321.649122
 31
0.0
  0
LINE
  5
6D2
330
70
100
AcDbEntity
  8
Visible
100
AcDbLine
 10
398.491351
 20
309.649122
 30
0.0
 11
392.491351
 21
309.649122
 31
0.0
  0
LINE
  5
6D3
330
70
100
AcDbEntity
  8
Visible
100
AcDbLine
 10
398.491351
 20
297.649122
 30
0.0
 11
398.491351
 21
309.649122
 31
0.0
  0
LINE
  5
6D4
330
70
100
AcDbEntity
  8
Visible
100
AcDbLine
 10
392.491351
 20
297.649122
 30
0.0
 11
398.491351
 21
297.649122
 31
0.0
  0
LINE
  5
6D5
330
70
100
AcDbEntity
  8
Visible
100
AcDbLine
 10
392.491351
 20
285.649122
 30
0.0
 11
392.491351
 21
297.649122
 31
0.0
  0
LINE
  5
6D6
330
70
100
AcDbEntity
  8
Visible
100
AcDbLine
 10
398.491351
 20
285.649122
 30
0.0
 11
392.491351
 21
285.649122
 31
0.0
  0
LINE
  5
6D7
330
70
100
AcDbEntity
  8
Visible
100
AcDbLine
 10
398.491351
 20
273.649122
 30
0.0
 11
398.491351
 21
285.649122
 31
0.0
  0
LINE
  5
6D8
330
70
100
AcDbEntity
  8
Visible
100
AcDbLine
 10
392.491351
 20
273.649122
 30
0.0
 11
398.491351
 21
273.649122
 31
0.0
  0
LINE
  5
6D9
330
70
100
AcDbEntity
  8
Visible
100
AcDbLine
 10
392.491351
 20
261.649122
 30
0.0
 11
392.491351
 21
273.649122
 31
0.0
  0
LINE
  5
6DA
330
70
100
AcDbEntity
  8
Visible
100
AcDbLine
 10
398.491351
 20
261.649122
 30
0.0
 11
392.491351
 21
261.649122
 31
0.0
  0
LINE
  5
6DB
330
70
100
AcDbEntity
  8
Visible
100
AcDbLine
 10
398.491351
 20
249.649122
 30
0.0
 11
398.491351
 21
261.649122
 31
0.0
  0
LINE
  5
6DC
330
70
100
AcDbEntity
  8
Visible
100
AcDbLine
 10
392.491351
 20
249.649122
 30
0.0
 11
398.491351
 21
249.649122
 31
0.0
  0
LINE
  5
6DD
330
70
100
AcDbEntity
  8
Visible
100
AcDbLine
 10
392.491351
 20
237.649122
 30
0.0
 11
392.491351
 21
249.649122
 31
0.0
  0
LINE
  5
6DE
330
70
100
AcDbEntity
  8
Visible
100
AcDbLine
 10
398.491351
 20
237.649122
 30
0.0
 11
392.491351
 21
237.649122
 31
0.0
  0
LINE
  5
6DF
330
70
100
AcDbEntity
  8
Visible
100
AcDbLine
 10
398.491351
 20
221.649122
 30
0.0
 11
398.491351
 21
237.649122
 31
0.0
  0
LINE
  5
6E0
330
70
100
AcDbEntity
  8
Visible
100
AcDbLine
 10
379.491351
 20
221.649122
 30
0.0
 11
398.491351
 21
221.649122
 31
0.0
  0
LINE
  5
6E1
330
70
100
AcDbEntity
  8
Visible
100
AcDbLine
 10
379.491351
 20
227.649122
 30
0.0
 11
379.491351
 21
221.649122
 31
0.0
  0
LINE
  5
6E2
330
70
100
AcDbEntity
  8
Visible
100
AcDbLine
 10
367.491351
 20
227.649122
 30
0.0
 11
379.491351
 21
227.649122
 31
0.0
  0
LINE
  5
6E3
330
70
100
AcDbEntity
  8
Visible
100
AcDbLine
 10
367.491351
 20
221.649122
 30
0.0
 11
367.491351
 21
227.649122
 31
0.0
  0
LINE
  5
6E4
330
70
100
AcDbEntity
  8
Visible
100
AcDbLine
 10
355.491351
 20
221.649122
 30
0.0
 11
367.491351
 21
221.649122
 31
0.0
  0
LINE
  5
6E5
330
70
100
AcDbEntity
  8
Visible
100
AcDbLine
 10
355.491351
 20
227.649122
 30
0.0
 11
355.491351
 21
221.649122
 31
0.0
  0
LINE
  5
6E6
330
70
100
AcDbEntity
  8
Visible
100
AcDbLine
 10
343.491351
 20
227.649122
 30
0.0
 11
355.491351
 21
227.649122
 31
0.0
  0
LINE
  5
6E7
330
70
100
AcDbEntity
  8
Visible
100
AcDbLine
 10
343.491351
 20
221.649122
 30
0.0
 11
343.491351
 21
227.649122
 31
0.0
  0
LINE
  5
6E8
330
70
100
AcDbEntity
  8
Visible
100
AcDbLine
 10
331.491351
 20
221.649122
 30
0.0
 11
343.491351
 21
221.649122
 31
0.0
  0
LINE
  5
6E9
330
70
100
AcDbEntity
  8
Visible
100
AcDbLine
 10
331.491351
 20
227.649122
 30
0.0
 11
331.491351
 21
221.649122
 31
0.0
  0
LINE
  5
6EA
330
70
100
AcDbEntity
  8
Visible
100
AcDbLine
 10
319.491351
 20
227.649122
 30
0.0
 11
331.491351
 21
227.649122
 31
0.0
  0
LINE
  5
6EB
330
70
100
AcDbEntity
  8
Visible
100
AcDbLine
 10
319.491351
 20
221.649122
 30
0.0
 11
319.491351
 21
227.649122
 31
0.0
  0
LINE
  5
6EC
330
70
100
AcDbEntity
  8
Visible
100
AcDbLine
 10
307.491351
 20
221.649122
 30
0.0
 11
319.491351
 21
221.649122
 31
0.0
  0
LINE
  5
6ED
330
70
100
AcDbEntity
  8
Visible
100
AcDbLine
 10
307.491351
 20
227.649122
 30
0.0
 11
307.491351
 21
221.649122
 31
0.0
  0
LINE
  5
6EE
330
70
100
AcDbEntity
  8
Visible
100
AcDbLine
 10
295.491351
 20
227.649122
 30
0.0
 11
307.491351
 21
227.649122
 31
0.0
  0
LINE
  5
6EF
330
70
100
AcDbEntity
  8
Visible
100
AcDbLine
 10
295.491351
 20
221.649122
 30
0.0
 11
295.491351
 21
227.649122
 31
0.0
  0
LINE
  5
6F0
330
70
100
AcDbEntity
  8
Visible
100
AcDbLine
 10
283.491351
 20
221.649122
 30
0.0
 11
295.491351
 21
221.649122
 31
0.0
  0
LINE
  5
6F1
330
70
100
AcDbEntity
  8
Visible
100
AcDbLine
 10
283.491351
 20
227.649122
 30
0.0
 11
283.491351
 21
221.649122
 31
0.0
  0
LINE
  5
6F2
330
70
100
AcDbEntity
  8
Visible
100
AcDbLine
 10
271.491351
 20
227.649122
 30
0.0
 11
283.491351
 21
227.649122
 31
0.0
  0
LINE
  5
6F3
330
70
100
AcDbEntity
  8
Visible
100
AcDbLine
 10
271.491351
 20
221.649122
 30
0.0
 11
271.491351
 21
227.649122
 31
0.0
  0
LINE
  5
6F4
330
70
100
AcDbEntity
  8
Visible
100
AcDbLine
 10
259.491351
 20
221.649122
 30
0.0
 11
271.491351
 21
221.649122
 31
0.0
  0
LINE
  5
6F5
330
70
100
AcDbEntity
  8
Visible
100
AcDbLine
 10
259.491351
 20
227.649122
 30
0.0
 11
259.491351
 21
221.649122
 31
0.0
  0
LINE
  5
6F6
330
70
100
AcDbEntity
  8
Visible
100
AcDbLine
 10
247.491351
 20
227.649122
 30
0.0
 11
259.491351
 21
227.649122
 31
0.0
  0
LINE
  5
6F7
330
70
100
AcDbEntity
  8
Visible
100
AcDbLine
 10
247.491351
 20
221.649122
 30
0.0
 11
247.491351
 21
227.649122
 31
0.0
  0
LINE
  5
6F8
330
70
100
AcDbEntity
  8
Visible
100
AcDbLine
 10
235.491351
 20
221.649122
 30
0.0
 11
247.491351
 21
221.649122
 31
0.0
  0
LINE
  5
6F9
330
70
100
AcDbEntity
  8
Visible
100
AcDbLine
 10
235.491351
 20
227.649122
 30
0.0
 11
235.491351
 21
221.649122
 31
0.0
  0
LINE
  5
6FA
330
70
100
AcDbEntity
  8
Visible
100
AcDbLine
 10
223.491351
 20
227.649122
 30
0.0
 11
235.491351
 21
227.649122
 31
0.0
  0
LINE
  5
6FB
330
70
100
AcDbEntity
  8
Visible
100
AcDbLine
 10
223.491351
 20
221.649122
 30
0.0
 11
223.491351
 21
227.649122
 31
0.0
  0
LINE
  5
6FC
330
70
100
AcDbEntity
  8
Visible
100
AcDbLine
 10
211.491351
 20
221.649122
 30
0.0
 11
223.491351
 21
221.649122
 31
0.0
  0
LINE
  5
6FD
330
70
100
AcDbEntity
  8
Visible
100
AcDbLine
 10
211.491351
 20
227.649122
 30
0.0
 11
211.491351
 21
221.649122
 31
0.0
  0
LINE
  5
6FE
330
70
100
AcDbEntity
  8
Visible
100
AcDbLine
 10
199.491351
 20
227.649122
 30
0.0
 11
211.491351
 21
227.649122
 31
0.0
  0
LINE
  5
6FF
330
70
100
AcDbEntity
  8
Visible
100
AcDbLine
 10
199.491351
 20
221.649122
 30
0.0
 11
199.491351
 21
227.649122
 31
0.0
  0
LINE
  5
700
330
70
100
AcDbEntity
  8
Visible
100
AcDbLine
 10
187.491351
 20
221.649122
 30
0.0
 11
199.491351
 21
221.649122
 31
0.0
  0
LINE
  5
701
330
70
100
AcDbEntity
  8
Visible
100
AcDbLine
 10
187.491351
 20
227.649122
 30
0.0
 11
187.491351
 21
221.649122
 31
0.0
  0
LINE
  5
702
330
70
100
AcDbEntity
  8
Visible
100
AcDbLine
 10
175.491351
 20
227.649122
 30
0.0
 11
187.491351
 21
227.649122
 31
0.0
  0
LINE
  5
703
330
70
100
AcDbEntity
  8
Visible
100
AcDbLine
 10
175.491351
 20
221.649122
 30
0.0
 11
175.491351
 21
227.649122
 31
0.0
  0
LINE
  5
704
330
70
100
AcDbEntity
  8
Visible
100
AcDbLine
 10
163.491351
 20
221.649122
 30
0.0
 11
175.491351
 21
221.649122
 31
0.0
  0
LINE
  5
705
330
70
100
AcDbEntity
  8
Visible
100
AcDbLine
 10
163.491351
 20
227.649122
 30
0.0
 11
163.491351
 21
221.649122
 31
0.0
  0
LINE
  5
706
330
70
100
AcDbEntity
  8
Visible
100
AcDbLine
 10
151.491351
 20
227.649122
 30
0.0
 11
163.491351
 21
227.649122
 31
0.0
  0
LINE
  5
707
330
70
100
AcDbEntity
  8
Visible
100
AcDbLine
 10
151.491351
 20
221.649122
 30
0.0
 11
151.491351
 21
227.649122
 31
0.0
  0
LINE
  5
708
330
70
100
AcDbEntity
  8
Visible
100
AcDbLine
 10
139.491351
 20
221.649122
 30
0.0
 11
151.491351
 21
221.649122
 31
0.0
  0
LINE
  5
709
330
70
100
AcDbEntity
  8
Visible
100
AcDbLine
 10
139.491351
 20
227.649122
 30
0.0
 11
139.491351
 21
221.649122
 31
0.0
  0
LINE
  5
70A
330
70
100
AcDbEntity
  8
Visible
100
AcDbLine
 10
127.491351
 20
227.649122
 30
0.0
 11
139.491351
 21
227.649122
 31
0.0
  0
LINE
  5
70B
330
70
100
AcDbEntity
  8
Visible
100
AcDbLine
 10
127.491351
 20
221.649122
 30
0.0
 11
127.491351
 21
227.649122
 31
0.0
  0
LINE
  5
70C
330
70
100
AcDbEntity
  8
Visible
100
AcDbLine
 10
115.491351
 20
221.649122
 30
0.0
 11
127.491351
 21
221.649122
 31
0.0
  0
LINE
  5
70D
330
70
100
AcDbEntity
  8
Visible
100
AcDbLine
 10
115.491351
 20
227.649122
 30
0.0
 11
115.491351
 21
221.649122
 31
0.0
  0
LINE
  5
70E
330
70
100
AcDbEntity
  8
Visible
100
AcDbLine
 10
103.491351
 20
227.649122
 30
0.0
 11
115.491351
 21
227.649122
 31
0.0
  0
LINE
  5
70F
330
70
100
AcDbEntity
  8
Visible
100
AcDbLine
 10
103.491351
 20
221.649122
 30
0.0
 11
103.491351
 21
227.649122
 31
0.0
  0
LINE
  5
710
330
70
100
AcDbEntity
  8
Visible
100
AcDbLine
 10
91.491351
 20
221.649122
 30
0.0
 11
103.491351
 21
221.649122
 31
0.0
  0
LINE
  5
711
330
70
100
AcDbEntity
  8
Visible
100
AcDbLine
 10
91.491351
 20
227.649122
 30
0.0
 11
91.491351
 21
221.649122
 31
0.0
  0
LINE
  5
712
330
70
100
AcDbEntity
  8
Visible
100
AcDbLine
 10
79.491351
 20
227.649122
 30
0.0
 11
91.491351
 21
227.649122
 31
0.0
  0
LINE
  5
713
330
70
100
AcDbEntity
  8
Visible
100
AcDbLine
 10
79.491351
 20
221.649122
 30
0.0
 11
79.491351
 21
227.649122
 31
0.0
  0
LINE
  5
714
330
70
100
AcDbEntity
  8
Visible
100
AcDbLine
 10
67.491351
 20
221.649122
 30
0.0
 11
79.491351
 21
221.649122
 31
0.0
  0
LINE
  5
715
330
70
100
AcDbEntity
  8
Visible
100
AcDbLine
 10
67.491351
 20
227.649122
 30
0.0
 11
67.491351
 21
221.649122
 31
0.0
  0
LINE
  5
716
330
70
100
AcDbEntity
  8
Visible
100
AcDbLine
 10
55.491351
 20
227.649122
 30
0.0
 11
67.491351
 21
227.649122
 31
0.0
  0
LINE
  5
717
330
70
100
AcDbEntity
  8
Visible
100
AcDbLine
 10
55.491351
 20
221.649122
 30
0.0
 11
55.491351
 21
227.649122
 31
0.0
  0
LINE
  5
718
330
70
100
AcDbEntity
  8
Visible
100
AcDbLine
 10
36.491351
 20
221.649122
 30
0.0
 11
55.491351
 21
221.649122
 31
0.0
  0
LINE
  5
719
330
70
100
AcDbEntity
  8
Visible
100
AcDbLine
 10
36.491351
 20
237.649122
 30
0.0
 11
36.491351
 21
221.649122
 31
0.0
  0
LINE
  5
71A
330
70
100
AcDbEntity
  8
Visible
100
AcDbLine
 10
42.491351
 20
237.649122
 30
0.0
 11
36.491351
 21
237.649122
 31
0.0
  0
LINE
  5
71B
330
70
100
AcDbEntity
  8
Visible
100
AcDbLine
 10
42.491351
 20
249.649122
 30
0.0
 11
42.491351
 21
237.649122
 31
0.0
  0
LINE
  5
71C
330
70
100
AcDbEntity
  8
Visible
100
AcDbLine
 10
36.491351
 20
249.649122
 30
0.0
 11
42.491351
 21
249.649122
 31
0.0
  0
LINE
  5
71D
330
70
100
AcDbEntity
  8
Visible
100
AcDbLine
 10
36.491351
 20
261.649122
 30
0.0
 11
36.491351
 21
249.649122
 31
0.0
  0
LINE
  5
71E
330
70
100
AcDbEntity
  8
Visible
100
AcDbLine
 10
42.491351
 20
261.649122
 30
0.0
 11
36.491351
 21
261.649122
 31
0.0
  0
LINE
  5
71F
330
70
100
AcDbEntity
  8
Visible
100
AcDbLine
 10
42.491351
 20
273.649122
 30
0.0
 11
42.491351
 21
261.649122
 31
0.0
  0
LINE
  5
720
330
70
100
AcDbEntity
  8
Visible
100
AcDbLine
 10
36.491351
 20
273.649122
 30
0.0
 11
42.491351
 21
273.649122
 31
0.0
  0
LINE
  5
721
330
70
100
AcDbEntity
  8
Visible
100
AcDbLine
 10
36.491351
 20
285.649122
 30
0.0
 11
36.491351
 21
273.649122
 31
0.0
  0
LINE
  5
722
330
70
100
AcDbEntity
  8
Visible
100
AcDbLine
 10
42.491351
 20
285.649122
 30
0.0
 11
36.491351
 21
285.649122
 31
0.0
  0
LINE
  5
723
330
70
100
AcDbEntity
  8
Visible
100
AcDbLine
 10
42.491351
 20
297.649122
 30
0.0
 11
42.491351
 21
285.649122
 31
0.0
  0
LINE
  5
724
330
70
100
AcDbEntity
  8
Visible
100
AcDbLine
 10
36.491351
 20
297.649122
 30
0.0
 11
42.491351
 21
297.649122
 31
0.0
  0
LINE
  5
725
330
70
100
AcDbEntity
  8
Visible
100
AcDbLine
 10
36.491351
 20
309.649122
 30
0.0
 11
36.491351
 21
297.649122
 31
0.0
  0
LINE
  5
726
330
70
100
AcDbEntity
  8
Visible
100
AcDbLine
 10
42.491351
 20
309.649122
 30
0.0
 11
36.491351
 21
309.649122
 31
0.0
  0
LINE
  5
727
330
70
100
AcDbEntity
  8
Visible
100
AcDbLine
 10
42.491351
 20
321.649122
 30
0.0
 11
42.491351
 21
309.649122
 31
0.0
  0
LINE
  5
728
330
70
100
AcDbEntity
  8
Visible
100
AcDbLine
 10
36.491351
 20
321.649122
 30
0.0
 11
42.491351
 21
321.649122
 31
0.0
  0
LINE
  5
729
330
70
100
AcDbEntity
  8
Visible
100
AcDbLine
 10
36.491351
 20
333.649122
 30
0.0
 11
36.491351
 21
321.649122
 31
0.0
  0
LINE
  5
72A
330
70
100
AcDbEntity
  8
Visible
100
AcDbLine
 10
42.491351
 20
333.649122
 30
0.0
 11
36.491351
 21
333.649122
 31
0.0
  0
LINE
  5
72B
330
70
100
AcDbEntity
  8
Visible
100
AcDbLine
 10
42.491351
 20
345.649122
 30
0.0
 11
42.491351
 21
333.649122
 31
0.0
  0
LINE
  5
72C
330
70
100
AcDbEntity
  8
Visible
100
AcDbLine
 10
36.491351
 20
345.649122
 30
0.0
 11
42.491351
 21
345.649122
 31
0.0
  0
LINE
  5
72D
330
70
100
AcDbEntity
  8
Visible
100
AcDbLine
 10
36.491351
 20
357.649122
 30
0.0
 11
36.491351
 21
345.649122
 31
0.0
  0
LINE
  5
72E
330
70
100
AcDbEntity
  8
Visible
100
AcDbLine
 10
42.491351
 20
357.649122
 30
0.0
 11
36.491351
 21
357.649122
 31
0.0
  0
LINE
  5
72F
330
70
100
AcDbEntity
  8
Visible
100
AcDbLine
 10
42.491351
 20
369.649122
 30
0.0
 11
42.491351
 21
357.649122
 31
0.0
  0
LINE
  5
730
330
70
100
AcDbEntity
  8
Visible
100
AcDbLine
 10
36.491351
 20
369.649122
 30
0.0
 11
42.491351
 21
369.649122
 31
0.0
  0
LINE
  5
731
330
70
100
AcDbEntity
  8
Visible
100
AcDbLine
 10
36.491351
 20
381.649122
 30
0.0
 11
36.491351
 21
369.649122
 31
0.0
  0
LINE
  5
732
330
70
100
AcDbEntity
  8
Visible
100
AcDbLine
 10
42.491351
 20
381.649122
 30
0.0
 11
36.491351
 21
381.649122
 31
0.0
  0
LINE
  5
733
330
70
100
AcDbEntity
  8
Visible
100
AcDbLine
 10
42.491351
 20
393.649122
 30
0.0
 11
42.491351
 21
381.649122
 31
0.0
  0
LINE
  5
734
330
70
100
AcDbEntity
  8
Visible
100
AcDbLine
 10
36.491351
 20
393.649122
 30
0.0
 11
42.491351
 21
393.649122
 31
0.0
  0
LINE
  5
735
330
70
100
AcDbEntity
  8
Visible
100
AcDbLine
 10
36.491351
 20
405.649122
 30
0.0
 11
36.491351
 21
393.649122
 31
0.0
  0
LINE
  5
736
330
70
100
AcDbEntity
  8
Visible
100
AcDbLine
 10
42.491351
 20
405.649122
 30
0.0
 11
36.491351
 21
405.649122
 31
0.0
  0
LINE
  5
737
330
70
100
AcDbEntity
  8
Visible
100
AcDbLine
 10
42.491351
 20
417.649122
 30
0.0
 11
42.491351
 21
405.649122
 31
0.0
  0
LINE
  5
738
330
70
100
AcDbEntity
  8
Visible
100
AcDbLine
 10
36.491351
 20
417.649122
 30
0.0
 11
42.491351
 21
417.649122
 31
0.0
  0
LINE
  5
739
330
70
100
AcDbEntity
  8
Visible
100
AcDbLine
 10
36.491351
 20
433.649122
 30
0.0
 11
36.491351
 21
417.649122
 31
0.0
  0
LINE
  5
73A
330
70
100
AcDbEntity
  8
Visible
100
AcDbLine
 10
55.491351
 20
433.649122
 30
0.0
 11
36.491351
 21
433.649122
 31
0.0
  0
LINE
  5
73B
330
70
100
AcDbEntity
  8
Visible
100
AcDbLine
 10
507.491213
 20
109.649049
 30
0.0
 11
507.491213
 21
115.649049
 31
0.0
  0
LINE
  5
73C
330
70
100
AcDbEntity
  8
Visible
100
AcDbLine
 10
507.491213
 20
115.649049
 30
0.0
 11
707.491213
 21
115.649049
 31
0.0
  0
LINE
  5
73D
330
70
100
AcDbEntity
  8
Visible
100
AcDbLine
 10
707.491213
 20
115.649049
 30
0.0
 11
707.491213
 21
109.649049
 31
0.0
  0
LINE
  5
73E
330
70
100
AcDbEntity
  8
Visible
100
AcDbLine
 10
707.491213
 20
109.649049
 30
0.0
 11
507.491213
 21
109.649049
 31
0.0
  0
LINE
  5
73F
330
70
100
AcDbEntity
  8
Visible
100
AcDbLine
 10
421.491351
 20
212.649122
 30
0.0
 11
421.491351
 21
218.649122
 31
0.0
  0
LINE
  5
740
330
70
100
AcDbEntity
  8
Visible
100
AcDbLine
 10
433.491351
 20
212.649122
 30
0.0
 11
421.491351
 21
212.649122
 31
0.0
  0
LINE
  5
741
330
70
100
AcDbEntity
  8
Visible
100
AcDbLine
 10
433.491351
 20
218.649122
 30
0.0
 11
433.491351
 21
212.649122
 31
0.0
  0
LINE
  5
742
330
70
100
AcDbEntity
  8
Visible
100
AcDbLine
 10
445.491351
 20
218.649122
 30
0.0
 11
433.491351
 21
218.649122
 31
0.0
  0
LINE
  5
743
330
70
100
AcDbEntity
  8
Visible
100
AcDbLine
 10
445.491351
 20
212.649122
 30
0.0
 11
445.491351
 21
218.649122
 31
0.0
  0
LINE
  5
744
330
70
100
AcDbEntity
  8
Visible
100
AcDbLine
 10
457.491351
 20
212.649122
 30
0.0
 11
445.491351
 21
212.649122
 31
0.0
  0
LINE
  5
745
330
70
100
AcDbEntity
  8
Visible
100
AcDbLine
 10
457.491351
 20
218.649122
 30
0.0
 11
457.491351
 21
212.649122
 31
0.0
  0
LINE
  5
746
330
70
100
AcDbEntity
  8
Visible
100
AcDbLine
 10
469.491351
 20
218.649122
 30
0.0
 11
457.491351
 21
218.649122
 31
0.0
  0
LINE
  5
747
330
70
100
AcDbEntity
  8
Visible
100
AcDbLine
 10
469.491351
 20
212.649122
 30
0.0
 11
469.491351
 21
218.649122
 31
0.0
  0
LINE
  5
748
330
70
100
AcDbEntity
  8
Visible
100
AcDbLine
 10
481.491351
 20
212.649122
 30
0.0
 11
469.491351
 21
212.649122
 31
0.0
  0
LINE
  5
749
330
70
100
AcDbEntity
  8
Visible
100
AcDbLine
 10
481.491351
 20
218.649122
 30
0.0
 11
481.491351
 21
212.649122
 31
0.0
  0
LINE
  5
74A
330
70
100
AcDbEntity
  8
Visible
100
AcDbLine
 10
493.491351
 20
218.649122
 30
0.0
 11
481.491351
 21
218.649122
 31
0.0
  0
LINE
  5
74B
330
70
100
AcDbEntity
  8
Visible
100
AcDbLine
 10
493.491351
 20
212.649122
 30
0.0
 11
493.491351
 21
218.649122
 31
0.0
  0
LINE
  5
74C
330
70
100
AcDbEntity
  8
Visible
100
AcDbLine
 10
505.491351
 20
212.649122
 30
0.0
 11
493.491351
 21
212.649122
 31
0.0
  0
LINE
  5
74D
330
70
100
AcDbEntity
  8
Visible
100
AcDbLine
 10
505.491351
 20
218.649122
 30
0.0
 11
505.491351
 21
212.649122
 31
0.0
  0
LINE
  5
74E
330
70
100
AcDbEntity
  8
Visible
100
AcDbLine
 10
517.491351
 20
218.649122
 30
0.0
 11
505.491351
 21
218.649122
 31
0.0
  0
LINE
  5
74F
330
70
100
AcDbEntity
  8
Visible
100
AcDbLine
 10
517.491351
 20
212.649122
 30
0.0
 11
517.491351
 21
218.649122
 31
0.0
  0
LINE
  5
750
330
70
100
AcDbEntity
  8
Visible
100
AcDbLine
 10
529.491351
 20
212.649122
 30
0.0
 11
517.491351
 21
212.649122
 31
0.0
  0
LINE
  5
751
330
70
100
AcDbEntity
  8
Visible
100
AcDbLine
 10
529.491351
 20
218.649122
 30
0.0
 11
529.491351
 21
212.649122
 31
0.0
  0
LINE
  5
752
330
70
100
AcDbEntity
  8
Visible
100
AcDbLine
 10
541.491351
 20
218.649122
 30
0.0
 11
529.491351
 21
218.649122
 31
0.0
  0
LINE
  5
753
330
70
100
AcDbEntity
  8
Visible
100
AcDbLine
 10
541.491351
 20
212.649122
 30
0.0
 11
541.491351
 21
218.649122
 31
0.0
  0
LINE
  5
754
330
70
100
AcDbEntity
  8
Visible
100
AcDbLine
 10
553.491351
 20
212.649122
 30
0.0
 11
541.491351
 21
212.649122
 31
0.0
  0
LINE
  5
755
330
70
100
AcDbEntity
  8
Visible
100
AcDbLine
 10
553.491351
 20
218.649122
 30
0.0
 11
553.491351
 21
212.649122
 31
0.0
  0
LINE
  5
756
330
70
100
AcDbEntity
  8
Visible
100
AcDbLine
 10
565.491351
 20
218.649122
 30
0.0
 11
553.491351
 21
218.649122
 31
0.0
  0
LINE
  5
757
330
70
100
AcDbEntity
  8
Visible
100
AcDbLine
 10
565.491351
 20
212.649122
 30
0.0
 11
565.491351
 21
218.649122
 31
0.0
  0
LINE
  5
758
330
70
100
AcDbEntity
  8
Visible
100
AcDbLine
 10
577.491351
 20
212.649122
 30
0.0
 11
565.491351
 21
212.649122
 31
0.0
  0
LINE
  5
759
330
70
100
AcDbEntity
  8
Visible
100
AcDbLine
 10
577.491351
 20
218.649122
 30
0.0
 11
577.491351
 21
212.649122
 31
0.0
  0
LINE
  5
75A
330
70
100
AcDbEntity
  8
Visible
100
AcDbLine
 10
589.491351
 20
218.649122
 30
0.0
 11
577.491351
 21
218.649122
 31
0.0
  0
LINE
  5
75B
330
70
100
AcDbEntity
  8
Visible
100
AcDbLine
 10
589.491351
 20
212.649122
 30
0.0
 11
589.491351
 21
218.649122
 31
0.0
  0
LINE
  5
75C
330
70
100
AcDbEntity
  8
Visible
100
AcDbLine
 10
601.491351
 20
212.649122
 30
0.0
 11
589.491351
 21
212.649122
 31
0.0
  0
LINE
  5
75D
330
70
100
AcDbEntity
  8
Visible
100
AcDbLine
 10
601.491351
 20
218.649122
 30
0.0
 11
601.491351
 21
212.649122
 31
0.0
  0
LINE
  5
75E
330
70
100
AcDbEntity
  8
Visible
100
AcDbLine
 10
613.491351
 20
218.649122
 30
0.0
 11
601.491351
 21
218.649122
 31
0.0
  0
LINE
  5
75F
330
70
100
AcDbEntity
  8
Visible
100
AcDbLine
 10
613.491351
 20
212.649122
 30
0.0
 11
613.491351
 21
218.649122
 31
0.0
  0
LINE
  5
760
330
70
100
AcDbEntity
  8
Visible
100
AcDbLine
 10
625.491351
 20
212.649122
 30
0.0
 11
613.491351
 21
212.649122
 31
0.0
  0
LINE
  5
761
330
70
100
AcDbEntity
  8
Visible
100
AcDbLine
 10
625.491351
 20
218.649122
 30
0.0
 11
625.491351
 21
212.649122
 31
0.0
  0
LINE
  5
762
330
70
100
AcDbEntity
  8
Visible
100
AcDbLine
 10
637.491351
 20
218.649122
 30
0.0
 11
625.491351
 21
218.649122
 31
0.0
  0
LINE
  5
763
330
70
100
AcDbEntity
  8
Visible
100
AcDbLine
 10
637.491351
 20
212.649122
 30
0.0
 11
637.491351
 21
218.649122
 31
0.0
  0
LINE
  5
764
330
70
100
AcDbEntity
  8
Visible
100
AcDbLine
 10
649.491351
 20
212.649122
 30
0.0
 11
637.491351
 21
212.649122
 31
0.0
  0
LINE
  5
765
330
70
100
AcDbEntity
  8
Visible
100
AcDbLine
 10
649.491351
 20
218.649122
 30
0.0
 11
649.491351
 21
212.649122
 31
0.0
  0
LINE
  5
766
330
70
100
AcDbEntity
  8
Visible
100
AcDbLine
 10
661.491351
 20
218.649122
 30
0.0
 11
649.491351
 21
218.649122
 31
0.0
  0
LINE
  5
767
330
70
100
AcDbEntity
  8
Visible
100
AcDbLine
 10
661.491351
 20
212.649122
 30
0.0
 11
661.491351
 21
218.649122
 31
0.0
  0
LINE
  5
768
330
70
100
AcDbEntity
  8
Visible
100
AcDbLine
 10
673.491351
 20
212.649122
 30
0.0
 11
661.491351
 21
212.649122
 31
0.0
  0
LINE
  5
769
330
70
100
AcDbEntity
  8
Visible
100
AcDbLine
 10
673.491351
 20
218.649122
 30
0.0
 11
673.491351
 21
212.649122
 31
0.0
  0
LINE
  5
76A
330
70
100
AcDbEntity
  8
Visible
100
AcDbLine
 10
685.491351
 20
218.649122
 30
0.0
 11
673.491351
 21
218.649122
 31
0.0
  0
LINE
  5
76B
330
70
100
AcDbEntity
  8
Visible
100
AcDbLine
 10
685.491351
 20
212.649122
 30
0.0
 11
685.491351
 21
218.649122
 31
0.0
  0
LINE
  5
76C
330
70
100
AcDbEntity
  8
Visible
100
AcDbLine
 10
697.491351
 20
212.649122
 30
0.0
 11
685.491351
 21
212.649122
 31
0.0
  0
LINE
  5
76D
330
70
100
AcDbEntity
  8
Visible
100
AcDbLine
 10
697.491351
 20
218.649122
 30
0.0
 11
697.491351
 21
212.649122
 31
0.0
  0
LINE
  5
76E
330
70
100
AcDbEntity
  8
Visible
100
AcDbLine
 10
709.491351
 20
218.649122
 30
0.0
 11
697.491351
 21
218.649122
 31
0.0
  0
LINE
  5
76F
330
70
100
AcDbEntity
  8
Visible
100
AcDbLine
 10
709.491351
 20
212.649122
 30
0.0
 11
709.491351
 21
218.649122
 31
0.0
  0
LINE
  5
770
330
70
100
AcDbEntity
  8
Visible
100
AcDbLine
 10
721.491351
 20
212.649122
 30
0.0
 11
709.491351
 21
212.649122
 31
0.0
  0
LINE
  5
771
330
70
100
AcDbEntity
  8
Visible
100
AcDbLine
 10
721.491351
 20
218.649122
 30
0.0
 11
721.491351
 21
212.649122
 31
0.0
  0
LINE
  5
772
330
70
100
AcDbEntity
  8
Visible
100
AcDbLine
 10
733.491351
 20
218.649122
 30
0.0
 11
721.491351
 21
218.649122
 31
0.0
  0
LINE
  5
773
330
70
100
AcDbEntity
  8
Visible
100
AcDbLine
 10
733.491351
 20
212.649122
 30
0.0
 11
733.491351
 21
218.649122
 31
0.0
  0
LINE
  5
774
330
70
100
AcDbEntity
  8
Visible
100
AcDbLine
 10
745.491351
 20
212.649122
 30
0.0
 11
733.491351
 21
212.649122
 31
0.0
  0
LINE
  5
775
330
70
100
AcDbEntity
  8
Visible
100
AcDbLine
 10
745.491351
 20
218.649122
 30
0.0
 11
745.491351
 21
212.649122
 31
0.0
  0
LINE
  5
776
330
70
100
AcDbEntity
  8
Visible
100
AcDbLine
 10
757.491351
 20
218.649122
 30
0.0
 11
745.491351
 21
218.649122
 31
0.0
  0
LINE
  5
777
330
70
100
AcDbEntity
  8
Visible
100
AcDbLine
 10
757.491351
 20
212.649122
 30
0.0
 11
757.491351
 21
218.649122
 31
0.0
  0
LINE
  5
778
330
70
100
AcDbEntity
  8
Visible
100
AcDbLine
 10
769.491351
 20
212.649122
 30
0.0
 11
757.491351
 21
212.649122
 31
0.0
  0
LINE
  5
779
330
70
100
AcDbEntity
  8
Visible
100
AcDbLine
 10
769.491351
 20
218.649122
 30
0.0
 11
769.491351
 21
212.649122
 31
0.0
  0
LINE
  5
77A
330
70
100
AcDbEntity
  8
Visible
100
AcDbLine
 10
781.491351
 20
218.649122
 30
0.0
 11
769.491351
 21
218.649122
 31
0.0
  0
LINE
  5
77B
330
70
100
AcDbEntity
  8
Visible
100
AcDbLine
 10
781.491351
 20
212.649122
 30
0.0
 11
781.491351
 21
218.649122
 31
0.0
  0
LINE
  5
77C
330
70
100
AcDbEntity
  8
Visible
100
AcDbLine
 10
793.491351
 20
212.649122
 30
0.0
 11
781.491351
 21
212.649122
 31
0.0
  0
LINE
  5
77D
330
70
100
AcDbEntity
  8
Visible
100
AcDbLine
 10
793.491351
 20
218.649122
 30
0.0
 11
793.491351
 21
212.649122
 31
0.0
  0
LINE
  5
77E
330
70
100
AcDbEntity
  8
Visible
100
AcDbLine
 10
807.491351
 20
218.649122
 30
0.0
 11
793.491351
 21
218.649122
 31
0.0
  0
LINE
  5
77F
330
70
100
AcDbEntity
  8
Visible
100
AcDbLine
 10
807.491351
 20
202.649122
 30
0.0
 11
807.491351
 21
218.649122
 31
0.0
  0
LINE
  5
780
330
70
100
AcDbEntity
  8
Visible
100
AcDbLine
 10
813.491351
 20
202.649122
 30
0.0
 11
807.491351
 21
202.649122
 31
0.0
  0
LINE
  5
781
330
70
100
AcDbEntity
  8
Visible
100
AcDbLine
 10
813.491351
 20
190.649122
 30
0.0
 11
813.491351
 21
202.649122
 31
0.0
  0
LINE
  5
782
330
70
100
AcDbEntity
  8
Visible
100
AcDbLine
 10
807.491351
 20
190.649122
 30
0.0
 11
813.491351
 21
190.649122
 31
0.0
  0
LINE
  5
783
330
70
100
AcDbEntity
  8
Visible
100
AcDbLine
 10
807.491351
 20
178.649122
 30
0.0
 11
807.491351
 21
190.649122
 31
0.0
  0
LINE
  5
784
330
70
100
AcDbEntity
  8
Visible
100
AcDbLine
 10
813.491351
 20
178.649122
 30
0.0
 11
807.491351
 21
178.649122
 31
0.0
  0
LINE
  5
785
330
70
100
AcDbEntity
  8
Visible
100
AcDbLine
 10
813.491351
 20
166.649122
 30
0.0
 11
813.491351
 21
178.649122
 31
0.0
  0
LINE
  5
786
330
70
100
AcDbEntity
  8
Visible
100
AcDbLine
 10
807.491351
 20
166.649122
 30
0.0
 11
813.491351
 21
166.649122
 31
0.0
  0
LINE
  5
787
330
70
100
AcDbEntity
  8
Visible
100
AcDbLine
 10
807.491351
 20
154.649122
 30
0.0
 11
807.491351
 21
166.649122
 31
0.0
  0
LINE
  5
788
330
70
100
AcDbEntity
  8
Visible
100
AcDbLine
 10
813.491351
 20
154.649122
 30
0.0
 11
807.491351
 21
154.649122
 31
0.0
  0
LINE
  5
789
330
70
100
AcDbEntity
  8
Visible
100
AcDbLine
 10
813.491351
 20
142.649122
 30
0.0
 11
813.491351
 21
154.649122
 31
0.0
  0
LINE
  5
78A
330
70
100
AcDbEntity
  8
Visible
100
AcDbLine
 10
807.491351
 20
142.649122
 30
0.0
 11
813.491351
 21
142.649122
 31
0.0
  0
LINE
  5
78B
330
70
100
AcDbEntity
  8
Visible
100
AcDbLine
 10
807.491351
 20
130.649122
 30
0.0
 11
807.491351
 21
142.649122
 31
0.0
  0
LINE
  5
78C
330
70
100
AcDbEntity
  8
Visible
100
AcDbLine
 10
813.491351
 20
130.649122
 30
0.0
 11
807.491351
 21
130.649122
 31
0.0
  0
LINE
  5
78D
330
70
100
AcDbEntity
  8
Visible
100
AcDbLine
 10
813.491351
 20
118.649122
 30
0.0
 11
813.491351
 21
130.649122
 31
0.0
  0
LINE
  5
78E
330
70
100
AcDbEntity
  8
Visible
100
AcDbLine
 10
807.491351
 20
118.649122
 30
0.0
 11
813.491351
 21
118.649122
 31
0.0
  0
LINE
  5
78F
330
70
100
AcDbEntity
  8
Visible
100
AcDbLine
 10
807.491351
 20
106.649122
 30
0.0
 11
807.491351
 21
118.649122
 31
0.0
  0
LINE
  5
790
330
70
100
AcDbEntity
  8
Visible
100
AcDbLine
 10
813.491351
 20
106.649122
 30
0.0
 11
807.491351
 21
106.649122
 31
0.0
  0
LINE
  5
791
330
70
100
AcDbEntity
  8
Visible
100
AcDbLine
 10
813.491351
 20
94.649122
 30
0.0
 11
813.491351
 21
106.649122
 31
0.0
  0
LINE
  5
792
330
70
100
AcDbEntity
  8
Visible
100
AcDbLine
 10
807.491351
 20
94.649122
 30
0.0
 11
813.491351
 21
94.649122
 31
0.0
  0
LINE
  5
793
330
70
100
AcDbEntity
  8
Visible
100
AcDbLine
 10
807.491351
 20
82.649122
 30
0.0
 11
807.491351
 21
94.649122
 31
0.0
  0
LINE
  5
794
330
70
100
AcDbEntity
  8
Visible
100
AcDbLine
 10
813.491351
 20
82.649122
 30
0.0
 11
807.491351
 21
82.649122
 31
0.0
  0
LINE
  5
795
330
70
100
AcDbEntity
  8
Visible
100
AcDbLine
 10
813.491351
 20
70.649122
 30
0.0
 11
813.491351
 21
82.649122
 31
0.0
  0
LINE
  5
796
330
70
100
AcDbEntity
  8
Visible
100
AcDbLine
 10
807.491351
 20
70.649122
 30
0.0
 11
813.491351
 21
70.649122
 31
0.0
  0
LINE
  5
797
330
70
100
AcDbEntity
  8
Visible
100
AcDbLine
 10
807.491351
 20
58.649122
 30
0.0
 11
807.491351
 21
70.649122
 31
0.0
  0
LINE
  5
798
330
70
100
AcDbEntity
  8
Visible
100
AcDbLine
 10
813.491351
 20
58.649122
 30
0.0
 11
807.491351
 21
58.649122
 31
0.0
  0
LINE
  5
799
330
70
100
AcDbEntity
  8
Visible
100
AcDbLine
 10
813.491351
 20
46.649122
 30
0.0
 11
813.491351
 21
58.649122
 31
0.0
  0
LINE
  5
79A
330
70
100
AcDbEntity
  8
Visible
100
AcDbLine
 10
807.491351
 20
46.649122
 30
0.0
 11
813.491351
 21
46.649122
 31
0.0
  0
LINE
  5
79B
330
70
100
AcDbEntity
  8
Visible
100
AcDbLine
 10
807.491351
 20
34.649122
 30
0.0
 11
807.491351
 21
46.649122
 31
0.0
  0
LINE
  5
79C
330
70
100
AcDbEntity
  8
Visible
100
AcDbLine
 10
813.491351
 20
34.649122
 30
0.0
 11
807.491351
 21
34.649122
 31
0.0
  0
LINE
  5
79D
330
70
100
AcDbEntity
  8
Visible
100
AcDbLine
 10
813.491351
 20
22.649122
 30
0.0
 11
813.491351
 21
34.649122
 31
0.0
  0
LINE
  5
79E
330
70
100
AcDbEntity
  8
Visible
100
AcDbLine
 10
807.491351
 20
22.649122
 30
0.0
 11
813.491351
 21
22.649122
 31
0.0
  0
LINE
  5
79F
330
70
100
AcDbEntity
  8
Visible
100
AcDbLine
 10
807.491351
 20
6.649122
 30
0.0
 11
807.491351
 21
22.649122
 31
0.0
  0
LINE
  5
7A0
330
70
100
AcDbEntity
  8
Visible
100
AcDbLine
 10
793.491351
 20
6.649122
 30
0.0
 11
807.491351
 21
6.649122
 31
0.0
  0
LINE
  5
7A1
330
70
100
AcDbEntity
  8
Visible
100
AcDbLine
 10
793.491351
 20
12.649122
 30
0.0
 11
793.491351
 21
6.649122
 31
0.0
  0
LINE
  5
7A2
330
70
100
AcDbEntity
  8
Visible
100
AcDbLine
 10
781.491351
 20
12.649122
 30
0.0
 11
793.491351
 21
12.649122
 31
0.0
  0
LINE
  5
7A3
330
70
100
AcDbEntity
  8
Visible
100
AcDbLine
 10
781.491351
 20
6.649122
 30
0.0
 11
781.491351
 21
12.649122
 31
0.0
  0
LINE
  5
7A4
330
70
100
AcDbEntity
  8
Visible
100
AcDbLine
 10
769.491351
 20
6.649122
 30
0.0
 11
781.491351
 21
6.649122
 31
0.0
  0
LINE
  5
7A5
330
70
100
AcDbEntity
  8
Visible
100
AcDbLine
 10
769.491351
 20
12.649122
 30
0.0
 11
769.491351
 21
6.649122
 31
0.0
  0
LINE
  5
7A6
330
70
100
AcDbEntity
  8
Visible
100
AcDbLine
 10
757.491351
 20
12.649122
 30
0.0
 11
769.491351
 21
12.649122
 31
0.0
  0
LINE
  5
7A7
330
70
100
AcDbEntity
  8
Visible
100
AcDbLine
 10
757.491351
 20
6.649122
 30
0.0
 11
757.491351
 21
12.649122
 31
0.0
  0
LINE
  5
7A8
330
70
100
AcDbEntity
  8
Visible
100
AcDbLine
 10
745.491351
 20
6.649122
 30
0.0
 11
757.491351
 21
6.649122
 31
0.0
  0
LINE
  5
7A9
330
70
100
AcDbEntity
  8
Visible
100
AcDbLine
 10
745.491351
 20
12.649122
 30
0.0
 11
745.491351
 21
6.649122
 31
0.0
  0
LINE
  5
7AA
330
70
100
AcDbEntity
  8
Visible
100
AcDbLine
 10
733.491351
 20
12.649122
 30
0.0
 11
745.491351
 21
12.649122
 31
0.0
  0
LINE
  5
7AB
330
70
100
AcDbEntity
  8
Visible
100
AcDbLine
 10
733.491351
 20
6.649122
 30
0.0
 11
733.491351
 21
12.649122
 31
0.0
  0
LINE
  5
7AC
330
70
100
AcDbEntity
  8
Visible
100
AcDbLine
 10
721.491351
 20
6.649122
 30
0.0
 11
733.491351
 21
6.649122
 31
0.0
  0
LINE
  5
7AD
330
70
100
AcDbEntity
  8
Visible
100
AcDbLine
 10
721.491351
 20
12.649122
 30
0.0
 11
721.491351
 21
6.649122
 31
0.0
  0
LINE
  5
7AE
330
70
100
AcDbEntity
  8
Visible
100
AcDbLine
 10
709.491351
 20
12.649122
 30
0.0
 11
721.491351
 21
12.649122
 31
0.0
  0
LINE
  5
7AF
330
70
100
AcDbEntity
  8
Visible
100
AcDbLine
 10
709.491351
 20
6.649122
 30
0.0
 11
709.491351
 21
12.649122
 31
0.0
  0
LINE
  5
7B0
330
70
100
AcDbEntity
  8
Visible
100
AcDbLine
 10
697.491351
 20
6.649122
 30
0.0
 11
709.491351
 21
6.649122
 31
0.0
  0
LINE
  5
7B1
330
70
100
AcDbEntity
  8
Visible
100
AcDbLine
 10
697.491351
 20
12.649122
 30
0.0
 11
697.491351
 21
6.649122
 31
0.0
  0
LINE
  5
7B2
330
70
100
AcDbEntity
  8
Visible
100
AcDbLine
 10
685.491351
 20
12.649122
 30
0.0
 11
697.491351
 21
12.649122
 31
0.0
  0
LINE
  5
7B3
330
70
100
AcDbEntity
  8
Visible
100
AcDbLine
 10
685.491351
 20
6.649122
 30
0.0
 11
685.491351
 21
12.649122
 31
0.0
  0
LINE
  5
7B4
330
70
100
AcDbEntity
  8
Visible
100
AcDbLine
 10
673.491351
 20
6.649122
 30
0.0
 11
685.491351
 21
6.649122
 31
0.0
  0
LINE
  5
7B5
330
70
100
AcDbEntity
  8
Visible
100
AcDbLine
 10
673.491351
 20
12.649122
 30
0.0
 11
673.491351
 21
6.649122
 31
0.0
  0
LINE
  5
7B6
330
70
100
AcDbEntity
  8
Visible
100
AcDbLine
 10
661.491351
 20
12.649122
 30
0.0
 11
673.491351
 21
12.649122
 31
0.0
  0
LINE
  5
7B7
330
70
100
AcDbEntity
  8
Visible
100
AcDbLine
 10
661.491351
 20
6.649122
 30
0.0
 11
661.491351
 21
12.649122
 31
0.0
  0
LINE
  5
7B8
330
70
100
AcDbEntity
  8
Visible
100
AcDbLine
 10
649.491351
 20
6.649122
 30
0.0
 11
661.491351
 21
6.649122
 31
0.0
  0
LINE
  5
7B9
330
70
100
AcDbEntity
  8
Visible
100
AcDbLine
 10
649.491351
 20
12.649122
 30
0.0
 11
649.491351
 21
6.649122
 31
0.0
  0
LINE
  5
7BA
330
70
100
AcDbEntity
  8
Visible
100
AcDbLine
 10
637.491351
 20
12.649122
 30
0.0
 11
649.491351
 21
12.649122
 31
0.0
  0
LINE
  5
7BB
330
70
100
AcDbEntity
  8
Visible
100
AcDbLine
 10
637.491351
 20
6.649122
 30
0.0
 11
637.491351
 21
12.649122
 31
0.0
  0
LINE
  5
7BC
330
70
100
AcDbEntity
  8
Visible
100
AcDbLine
 10
625.491351
 20
6.649122
 30
0.0
 11
637.491351
 21
6.649122
 31
0.0
  0
LINE
  5
7BD
330
70
100
AcDbEntity
  8
Visible
100
AcDbLine
 10
625.491351
 20
12.649122
 30
0.0
 11
625.491351
 21
6.649122
 31
0.0
  0
LINE
  5
7BE
330
70
100
AcDbEntity
  8
Visible
100
AcDbLine
 10
613.491351
 20
12.649122
 30
0.0
 11
625.491351
 21
12.649122
 31
0.0
  0
LINE
  5
7BF
330
70
100
AcDbEntity
  8
Visible
100
AcDbLine
 10
613.491351
 20
6.649122
 30
0.0
 11
613.491351
 21
12.649122
 31
0.0
  0
LINE
  5
7C0
330
70
100
AcDbEntity
  8
Visible
100
AcDbLine
 10
601.491351
 20
6.649122
 30
0.0
 11
613.491351
 21
6.649122
 31
0.0
  0
LINE
  5
7C1
330
70
100
AcDbEntity
  8
Visible
100
AcDbLine
 10
601.491351
 20
12.649122
 30
0.0
 11
601.491351
 21
6.649122
 31
0.0
  0
LINE
  5
7C2
330
70
100
AcDbEntity
  8
Visible
100
AcDbLine
 10
589.491351
 20
12.649122
 30
0.0
 11
601.491351
 21
12.649122
 31
0.0
  0
LINE
  5
7C3
330
70
100
AcDbEntity
  8
Visible
100
AcDbLine
 10
589.491351
 20
6.649122
 30
0.0
 11
589.491351
 21
12.649122
 31
0.0
  0
LINE
  5
7C4
330
70
100
AcDbEntity
  8
Visible
100
AcDbLine
 10
577.491351
 20
6.649122
 30
0.0
 11
589.491351
 21
6.649122
 31
0.0
  0
LINE
  5
7C5
330
70
100
AcDbEntity
  8
Visible
100
AcDbLine
 10
577.491351
 20
12.649122
 30
0.0
 11
577.491351
 21
6.649122
 31
0.0
  0
LINE
  5
7C6
330
70
100
AcDbEntity
  8
Visible
100
AcDbLine
 10
565.491351
 20
12.649122
 30
0.0
 11
577.491351
 21
12.649122
 31
0.0
  0
LINE
  5
7C7
330
70
100
AcDbEntity
  8
Visible
100
AcDbLine
 10
565.491351
 20
6.649122
 30
0.0
 11
565.491351
 21
12.649122
 31
0.0
  0
LINE
  5
7C8
330
70
100
AcDbEntity
  8
Visible
100
AcDbLine
 10
553.491351
 20
6.649122
 30
0.0
 11
565.491351
 21
6.649122
 31
0.0
  0
LINE
  5
7C9
330
70
100
AcDbEntity
  8
Visible
100
AcDbLine
 10
553.491351
 20
12.649122
 30
0.0
 11
553.491351
 21
6.649122
 31
0.0
  0
LINE
  5
7CA
330
70
100
AcDbEntity
  8
Visible
100
AcDbLine
 10
541.491351
 20
12.649122
 30
0.0
 11
553.491351
 21
12.649122
 31
0.0
  0
LINE
  5
7CB
330
70
100
AcDbEntity
  8
Visible
100
AcDbLine
 10
541.491351
 20
6.649122
 30
0.0
 11
541.491351
 21
12.649122
 31
0.0
  0
LINE
  5
7CC
330
70
100
AcDbEntity
  8
Visible
100
AcDbLine
 10
529.491351
 20
6.649122
 30
0.0
 11
541.491351
 21
6.649122
 31
0.0
  0
LINE
  5
7CD
330
70
100
AcDbEntity
  8
Visible
100
AcDbLine
 10
529.491351
 20
12.649122
 30
0.0
 11
529.491351
 21
6.649122
 31
0.0
  0
LINE
  5
7CE
330
70
100
AcDbEntity
  8
Visible
100
AcDbLine
 10
517.491351
 20
12.649122
 30
0.0
 11
529.491351
 21
12.649122
 31
0.0
  0
LINE
  5
7CF
330
70
100
AcDbEntity
  8
Visible
100
AcDbLine
 10
517.491351
 20
6.649122
 30
0.0
 11
517.491351
 21
12.649122
 31
0.0
  0
LINE
  5
7D0
330
70
100
AcDbEntity
  8
Visible
100
AcDbLine
 10
505.491351
 20
6.649122
 30
0.0
 11
517.491351
 21
6.649122
 31
0.0
  0
LINE
  5
7D1
330
70
100
AcDbEntity
  8
Visible
100
AcDbLine
 10
505.491351
 20
12.649122
 30
0.0
 11
505.491351
 21
6.649122
 31
0.0
  0
LINE
  5
7D2
330
70
100
AcDbEntity
  8
Visible
100
AcDbLine
 10
493.491351
 20
12.649122
 30
0.0
 11
505.491351
 21
12.649122
 31
0.0
  0
LINE
  5
7D3
330
70
100
AcDbEntity
  8
Visible
100
AcDbLine
 10
493.491351
 20
6.649122
 30
0.0
 11
493.491351
 21
12.649122
 31
0.0
  0
LINE
  5
7D4
330
70
100
AcDbEntity
  8
Visible
100
AcDbLine
 10
481.491351
 20
6.649122
 30
0.0
 11
493.491351
 21
6.649122
 31
0.0
  0
LINE
  5
7D5
330
70
100
AcDbEntity
  8
Visible
100
AcDbLine
 10
481.491351
 20
12.649122
 30
0.0
 11
481.491351
 21
6.649122
 31
0.0
  0
LINE
  5
7D6
330
70
100
AcDbEntity
  8
Visible
100
AcDbLine
 10
469.491351
 20
12.649122
 30
0.0
 11
481.491351
 21
12.649122
 31
0.0
  0
LINE
  5
7D7
330
70
100
AcDbEntity
  8
Visible
100
AcDbLine
 10
469.491351
 20
6.649122
 30
0.0
 11
469.491351
 21
12.649122
 31
0.0
  0
LINE
  5
7D8
330
70
100
AcDbEntity
  8
Visible
100
AcDbLine
 10
457.491351
 20
6.649122
 30
0.0
 11
469.491351
 21
6.649122
 31
0.0
  0
LINE
  5
7D9
330
70
100
AcDbEntity
  8
Visible
100
AcDbLine
 10
457.491351
 20
12.649122
 30
0.0
 11
457.491351
 21
6.649122
 31
0.0
  0
LINE
  5
7DA
330
70
100
AcDbEntity
  8
Visible
100
AcDbLine
 10
445.491351
 20
12.649122
 30
0.0
 11
457.491351
 21
12.649122
 31
0.0
  0
LINE
  5
7DB
330
70
100
AcDbEntity
  8
Visible
100
AcDbLine
 10
445.491351
 20
6.649122
 30
0.0
 11
445.491351
 21
12.649122
 31
0.0
  0
LINE
  5
7DC
330
70
100
AcDbEntity
  8
Visible
100
AcDbLine
 10
433.491351
 20
6.649122
 30
0.0
 11
445.491351
 21
6.649122
 31
0.0
  0
LINE
  5
7DD
330
70
100
AcDbEntity
  8
Visible
100
AcDbLine
 10
433.491351
 20
12.649122
 30
0.0
 11
433.491351
 21
6.649122
 31
0.0
  0
LINE
  5
7DE
330
70
100
AcDbEntity
  8
Visible
100
AcDbLine
 10
421.491351
 20
12.649122
 30
0.0
 11
433.491351
 21
12.649122
 31
0.0
  0
LINE
  5
7DF
330
70
100
AcDbEntity
  8
Visible
100
AcDbLine
 10
421.491351
 20
6.649122
 30
0.0
 11
421.491351
 21
12.649122
 31
0.0
  0
LINE
  5
7E0
330
70
100
AcDbEntity
  8
Visible
100
AcDbLine
 10
407.491351
 20
6.649122
 30
0.0
 11
421.491351
 21
6.649122
 31
0.0
  0
LINE
  5
7E1
330
70
100
AcDbEntity
  8
Visible
100
AcDbLine
 10
407.491351
 20
22.649122
 30
0.0
 11
407.491351
 21
6.649122
 31
0.0
  0
LINE
  5
7E2
330
70
100
AcDbEntity
  8
Visible
100
AcDbLine
 10
401.491351
 20
22.649122
 30
0.0
 11
407.491351
 21
22.649122
 31
0.0
  0
LINE
  5
7E3
330
70
100
AcDbEntity
  8
Visible
100
AcDbLine
 10
401.491351
 20
34.649122
 30
0.0
 11
401.491351
 21
22.649122
 31
0.0
  0
LINE
  5
7E4
330
70
100
AcDbEntity
  8
Visible
100
AcDbLine
 10
407.491351
 20
34.649122
 30
0.0
 11
401.491351
 21
34.649122
 31
0.0
  0
LINE
  5
7E5
330
70
100
AcDbEntity
  8
Visible
100
AcDbLine
 10
407.491351
 20
46.649122
 30
0.0
 11
407.491351
 21
34.649122
 31
0.0
  0
LINE
  5
7E6
330
70
100
AcDbEntity
  8
Visible
100
AcDbLine
 10
401.491351
 20
46.649122
 30
0.0
 11
407.491351
 21
46.649122
 31
0.0
  0
LINE
  5
7E7
330
70
100
AcDbEntity
  8
Visible
100
AcDbLine
 10
401.491351
 20
58.649122
 30
0.0
 11
401.491351
 21
46.649122
 31
0.0
  0
LINE
  5
7E8
330
70
100
AcDbEntity
  8
Visible
100
AcDbLine
 10
407.491351
 20
58.649122
 30
0.0
 11
401.491351
 21
58.649122
 31
0.0
  0
LINE
  5
7E9
330
70
100
AcDbEntity
  8
Visible
100
AcDbLine
 10
407.491351
 20
70.649122
 30
0.0
 11
407.491351
 21
58.649122
 31
0.0
  0
LINE
  5
7EA
330
70
100
AcDbEntity
  8
Visible
100
AcDbLine
 10
401.491351
 20
70.649122
 30
0.0
 11
407.491351
 21
70.649122
 31
0.0
  0
LINE
  5
7EB
330
70
100
AcDbEntity
  8
Visible
100
AcDbLine
 10
401.491351
 20
82.649122
 30
0.0
 11
401.491351
 21
70.649122
 31
0.0
  0
LINE
  5
7EC
330
70
100
AcDbEntity
  8
Visible
100
AcDbLine
 10
407.491351
 20
82.649122
 30
0.0
 11
401.491351
 21
82.649122
 31
0.0
  0
LINE
  5
7ED
330
70
100
AcDbEntity
  8
Visible
100
AcDbLine
 10
407.491351
 20
94.649122
 30
0.0
 11
407.491351
 21
82.649122
 31
0.0
  0
LINE
  5
7EE
330
70
100
AcDbEntity
  8
Visible
100
AcDbLine
 10
401.491351
 20
94.649122
 30
0.0
 11
407.491351
 21
94.649122
 31
0.0
  0
LINE
  5
7EF
330
70
100
AcDbEntity
  8
Visible
100
AcDbLine
 10
401.491351
 20
106.649122
 30
0.0
 11
401.491351
 21
94.649122
 31
0.0
  0
LINE
  5
7F0
330
70
100
AcDbEntity
  8
Visible
100
AcDbLine
 10
407.491351
 20
106.649122
 30
0.0
 11
401.491351
 21
106.649122
 31
0.0
  0
LINE
  5
7F1
330
70
100
AcDbEntity
  8
Visible
100
AcDbLine
 10
407.491351
 20
118.649122
 30
0.0
 11
407.491351
 21
106.649122
 31
0.0
  0
LINE
  5
7F2
330
70
100
AcDbEntity
  8
Visible
100
AcDbLine
 10
401.491351
 20
118.649122
 30
0.0
 11
407.491351
 21
118.649122
 31
0.0
  0
LINE
  5
7F3
330
70
100
AcDbEntity
  8
Visible
100
AcDbLine
 10
401.491351
 20
130.649122
 30
0.0
 11
401.491351
 21
118.649122
 31
0.0
  0
LINE
  5
7F4
330
70
100
AcDbEntity
  8
Visible
100
AcDbLine
 10
407.491351
 20
130.649122
 30
0.0
 11
401.491351
 21
130.649122
 31
0.0
  0
LINE
  5
7F5
330
70
100
AcDbEntity
  8
Visible
100
AcDbLine
 10
407.491351
 20
142.649122
 30
0.0
 11
407.491351
 21
130.649122
 31
0.0
  0
LINE
  5
7F6
330
70
100
AcDbEntity
  8
Visible
100
AcDbLine
 10
401.491351
 20
142.649122
 30
0.0
 11
407.491351
 21
142.649122
 31
0.0
  0
LINE
  5
7F7
330
70
100
AcDbEntity
  8
Visible
100
AcDbLine
 10
401.491351
 20
154.649122
 30
0.0
 11
401.491351
 21
142.649122
 31
0.0
  0
LINE
  5
7F8
330
70
100
AcDbEntity
  8
Visible
100
AcDbLine
 10
407.491351
 20
154.649122
 30
0.0
 11
401.491351
 21
154.649122
 31
0.0
  0
LINE
  5
7F9
330
70
100
AcDbEntity
  8
Visible
100
AcDbLine
 10
407.491351
 20
166.649122
 30
0.0
 11
407.491351
 21
154.649122
 31
0.0
  0
LINE
  5
7FA
330
70
100
AcDbEntity
  8
Visible
100
AcDbLine
 10
401.491351
 20
166.649122
 30
0.0
 11
407.491351
 21
166.649122
 31
0.0
  0
LINE
  5
7FB
330
70
100
AcDbEntity
  8
Visible
100
AcDbLine
 10
401.491351
 20
178.649122
 30
0.0
 11
401.491351
 21
166.649122
 31
0.0
  0
LINE
  5
7FC
330
70
100
AcDbEntity
  8
Visible
100
AcDbLine
 10
407.491351
 20
178.649122
 30
0.0
 11
401.491351
 21
178.649122
 31
0.0
  0
LINE
  5
7FD
330
70
100
AcDbEntity
  8
Visible
100
AcDbLine
 10
407.491351
 20
190.649122
 30
0.0
 11
407.491351
 21
178.649122
 31
0.0
  0
LINE
  5
7FE
330
70
100
AcDbEntity
  8
Visible
100
AcDbLine
 10
401.491351
 20
190.649122
 30
0.0
 11
407.491351
 21
190.649122
 31
0.0
  0
LINE
  5
7FF
330
70
100
AcDbEntity
  8
Visible
100
AcDbLine
 10
401.491351
 20
202.649122
 30
0.0
 11
401.491351
 21
190.649122
 31
0.0
  0
LINE
  5
800
330
70
100
AcDbEntity
  8
Visible
100
AcDbLine
 10
407.491351
 20
202.649122
 30
0.0
 11
401.491351
 21
202.649122
 31
0.0
  0
LINE
  5
801
330
70
100
AcDbEntity
  8
Visible
100
AcDbLine
 10
407.491351
 20
218.649122
 30
0.0
 11
407.491351
 21
202.649122
 31
0.0
  0
LINE
  5
802
330
70
100
AcDbEntity
  8
Visible
100
AcDbLine
 10
421.491351
 20
218.649122
 30
0.0
 11
407.491351
 21
218.649122
 31
0.0
  0
LINE
  5
803
330
70
100
AcDbEntity
  8
Visible
100
AcDbLine
 10
55.491351
 20
212.649122
 30
0.0
 11
55.491351
 21
218.649122
 31
0.0
  0
LINE
  5
804
330
70
100
AcDbEntity
  8
Visible
100
AcDbLine
 10
67.491351
 20
212.649122
 30
0.0
 11
55.491351
 21
212.649122
 31
0.0
  0
LINE
  5
805
330
70
100
AcDbEntity
  8
Visible
100
AcDbLine
 10
67.491351
 20
218.649122
 30
0.0
 11
67.491351
 21
212.649122
 31
0.0
  0
LINE
  5
806
330
70
100
AcDbEntity
  8
Visible
100
AcDbLine
 10
79.491351
 20
218.649122
 30
0.0
 11
67.491351
 21
218.649122
 31
0.0
  0
LINE
  5
807
330
70
100
AcDbEntity
  8
Visible
100
AcDbLine
 10
79.491351
 20
212.649122
 30
0.0
 11
79.491351
 21
218.649122
 31
0.0
  0
LINE
  5
808
330
70
100
AcDbEntity
  8
Visible
100
AcDbLine
 10
91.491351
 20
212.649122
 30
0.0
 11
79.491351
 21
212.649122
 31
0.0
  0
LINE
  5
809
330
70
100
AcDbEntity
  8
Visible
100
AcDbLine
 10
91.491351
 20
218.649122
 30
0.0
 11
91.491351
 21
212.649122
 31
0.0
  0
LINE
  5
80A
330
70
100
AcDbEntity
  8
Visible
100
AcDbLine
 10
103.491351
 20
218.649122
 30
0.0
 11
91.491351
 21
218.649122
 31
0.0
  0
LINE
  5
80B
330
70
100
AcDbEntity
  8
Visible
100
AcDbLine
 10
103.491351
 20
212.649122
 30
0.0
 11
103.491351
 21
218.649122
 31
0.0
  0
LINE
  5
80C
330
70
100
AcDbEntity
  8
Visible
100
AcDbLine
 10
115.491351
 20
212.649122
 30
0.0
 11
103.491351
 21
212.649122
 31
0.0
  0
LINE
  5
80D
330
70
100
AcDbEntity
  8
Visible
100
AcDbLine
 10
115.491351
 20
218.649122
 30
0.0
 11
115.491351
 21
212.649122
 31
0.0
  0
LINE
  5
80E
330
70
100
AcDbEntity
  8
Visible
100
AcDbLine
 10
127.491351
 20
218.649122
 30
0.0
 11
115.491351
 21
218.649122
 31
0.0
  0
LINE
  5
80F
330
70
100
AcDbEntity
  8
Visible
100
AcDbLine
 10
127.491351
 20
212.649122
 30
0.0
 11
127.491351
 21
218.649122
 31
0.0
  0
LINE
  5
810
330
70
100
AcDbEntity
  8
Visible
100
AcDbLine
 10
139.491351
 20
212.649122
 30
0.0
 11
127.491351
 21
212.649122
 31
0.0
  0
LINE
  5
811
330
70
100
AcDbEntity
  8
Visible
100
AcDbLine
 10
139.491351
 20
218.649122
 30
0.0
 11
139.491351
 21
212.649122
 31
0.0
  0
LINE
  5
812
330
70
100
AcDbEntity
  8
Visible
100
AcDbLine
 10
151.491351
 20
218.649122
 30
0.0
 11
139.491351
 21
218.649122
 31
0.0
  0
LINE
  5
813
330
70
100
AcDbEntity
  8
Visible
100
AcDbLine
 10
151.491351
 20
212.649122
 30
0.0
 11
151.491351
 21
218.649122
 31
0.0
  0
LINE
  5
814
330
70
100
AcDbEntity
  8
Visible
100
AcDbLine
 10
163.491351
 20
212.649122
 30
0.0
 11
151.491351
 21
212.649122
 31
0.0
  0
LINE
  5
815
330
70
100
AcDbEntity
  8
Visible
100
AcDbLine
 10
163.491351
 20
218.649122
 30
0.0
 11
163.491351
 21
212.649122
 31
0.0
  0
LINE
  5
816
330
70
100
AcDbEntity
  8
Visible
100
AcDbLine
 10
175.491351
 20
218.649122
 30
0.0
 11
163.491351
 21
218.649122
 31
0.0
  0
LINE
  5
817
330
70
100
AcDbEntity
  8
Visible
100
AcDbLine
 10
175.491351
 20
212.649122
 30
0.0
 11
175.491351
 21
218.649122
 31
0.0
  0
LINE
  5
818
330
70
100
AcDbEntity
  8
Visible
100
AcDbLine
 10
187.491351
 20
212.649122
 30
0.0
 11
175.491351
 21
212.649122
 31
0.0
  0
LINE
  5
819
330
70
100
AcDbEntity
  8
Visible
100
AcDbLine
 10
187.491351
 20
218.649122
 30
0.0
 11
187.491351
 21
212.649122
 31
0.0
  0
LINE
  5
81A
330
70
100
AcDbEntity
  8
Visible
100
AcDbLine
 10
199.491351
 20
218.649122
 30
0.0
 11
187.491351
 21
218.649122
 31
0.0
  0
LINE
  5
81B
330
70
100
AcDbEntity
  8
Visible
100
AcDbLine
 10
199.491351
 20
212.649122
 30
0.0
 11
199.491351
 21
218.649122
 31
0.0
  0
LINE
  5
81C
330
70
100
AcDbEntity
  8
Visible
100
AcDbLine
 10
211.491351
 20
212.649122
 30
0.0
 11
199.491351
 21
212.649122
 31
0.0
  0
LINE
  5
81D
330
70
100
AcDbEntity
  8
Visible
100
AcDbLine
 10
211.491351
 20
218.649122
 30
0.0
 11
211.491351
 21
212.649122
 31
0.0
  0
LINE
  5
81E
330
70
100
AcDbEntity
  8
Visible
100
AcDbLine
 10
223.491351
 20
218.649122
 30
0.0
 11
211.491351
 21
218.649122
 31
0.0
  0
LINE
  5
81F
330
70
100
AcDbEntity
  8
Visible
100
AcDbLine
 10
223.491351
 20
212.649122
 30
0.0
 11
223.491351
 21
218.649122
 31
0.0
  0
LINE
  5
820
330
70
100
AcDbEntity
  8
Visible
100
AcDbLine
 10
235.491351
 20
212.649122
 30
0.0
 11
223.491351
 21
212.649122
 31
0.0
  0
LINE
  5
821
330
70
100
AcDbEntity
  8
Visible
100
AcDbLine
 10
235.491351
 20
218.649122
 30
0.0
 11
235.491351
 21
212.649122
 31
0.0
  0
LINE
  5
822
330
70
100
AcDbEntity
  8
Visible
100
AcDbLine
 10
247.491351
 20
218.649122
 30
0.0
 11
235.491351
 21
218.649122
 31
0.0
  0
LINE
  5
823
330
70
100
AcDbEntity
  8
Visible
100
AcDbLine
 10
247.491351
 20
212.649122
 30
0.0
 11
247.491351
 21
218.649122
 31
0.0
  0
LINE
  5
824
330
70
100
AcDbEntity
  8
Visible
100
AcDbLine
 10
259.491351
 20
212.649122
 30
0.0
 11
247.491351
 21
212.649122
 31
0.0
  0
LINE
  5
825
330
70
100
AcDbEntity
  8
Visible
100
AcDbLine
 10
259.491351
 20
218.649122
 30
0.0
 11
259.491351
 21
212.649122
 31
0.0
  0
LINE
  5
826
330
70
100
AcDbEntity
  8
Visible
100
AcDbLine
 10
271.491351
 20
218.649122
 30
0.0
 11
259.491351
 21
218.649122
 31
0.0
  0
LINE
  5
827
330
70
100
AcDbEntity
  8
Visible
100
AcDbLine
 10
271.491351
 20
212.649122
 30
0.0
 11
271.491351
 21
218.649122
 31
0.0
  0
LINE
  5
828
330
70
100
AcDbEntity
  8
Visible
100
AcDbLine
 10
283.491351
 20
212.649122
 30
0.0
 11
271.491351
 21
212.649122
 31
0.0
  0
LINE
  5
829
330
70
100
AcDbEntity
  8
Visible
100
AcDbLine
 10
283.491351
 20
218.649122
 30
0.0
 11
283.491351
 21
212.649122
 31
0.0
  0
LINE
  5
82A
330
70
100
AcDbEntity
  8
Visible
100
AcDbLine
 10
295.491351
 20
218.649122
 30
0.0
 11
283.491351
 21
218.649122
 31
0.0
  0
LINE
  5
82B
330
70
100
AcDbEntity
  8
Visible
100
AcDbLine
 10
295.491351
 20
212.649122
 30
0.0
 11
295.491351
 21
218.649122
 31
0.0
  0
LINE
  5
82C
330
70
100
AcDbEntity
  8
Visible
100
AcDbLine
 10
307.491351
 20
212.649122
 30
0.0
 11
295.491351
 21
212.649122
 31
0.0
  0
LINE
  5
82D
330
70
100
AcDbEntity
  8
Visible
100
AcDbLine
 10
307.491351
 20
218.649122
 30
0.0
 11
307.491351
 21
212.649122
 31
0.0
  0
LINE
  5
82E
330
70
100
AcDbEntity
  8
Visible
100
AcDbLine
 10
319.491351
 20
218.649122
 30
0.0
 11
307.491351
 21
218.649122
 31
0.0
  0
LINE
  5
82F
330
70
100
AcDbEntity
  8
Visible
100
AcDbLine
 10
319.491351
 20
212.649122
 30
0.0
 11
319.491351
 21
218.649122
 31
0.0
  0
LINE
  5
830
330
70
100
AcDbEntity
  8
Visible
100
AcDbLine
 10
331.491351
 20
212.649122
 30
0.0
 11
319.491351
 21
212.649122
 31
0.0
  0
LINE
  5
831
330
70
100
AcDbEntity
  8
Visible
100
AcDbLine
 10
331.491351
 20
218.649122
 30
0.0
 11
331.491351
 21
212.649122
 31
0.0
  0
LINE
  5
832
330
70
100
AcDbEntity
  8
Visible
100
AcDbLine
 10
343.491351
 20
218.649122
 30
0.0
 11
331.491351
 21
218.649122
 31
0.0
  0
LINE
  5
833
330
70
100
AcDbEntity
  8
Visible
100
AcDbLine
 10
343.491351
 20
212.649122
 30
0.0
 11
343.491351
 21
218.649122
 31
0.0
  0
LINE
  5
834
330
70
100
AcDbEntity
  8
Visible
100
AcDbLine
 10
355.491351
 20
212.649122
 30
0.0
 11
343.491351
 21
212.649122
 31
0.0
  0
LINE
  5
835
330
70
100
AcDbEntity
  8
Visible
100
AcDbLine
 10
355.491351
 20
218.649122
 30
0.0
 11
355.491351
 21
212.649122
 31
0.0
  0
LINE
  5
836
330
70
100
AcDbEntity
  8
Visible
100
AcDbLine
 10
367.491351
 20
218.649122
 30
0.0
 11
355.491351
 21
218.649122
 31
0.0
  0
LINE
  5
837
330
70
100
AcDbEntity
  8
Visible
100
AcDbLine
 10
367.491351
 20
212.649122
 30
0.0
 11
367.491351
 21
218.649122
 31
0.0
  0
LINE
  5
838
330
70
100
AcDbEntity
  8
Visible
100
AcDbLine
 10
379.491351
 20
212.649122
 30
0.0
 11
367.491351
 21
212.649122
 31
0.0
  0
LINE
  5
839
330
70
100
AcDbEntity
  8
Visible
100
AcDbLine
 10
379.491351
 20
218.649122
 30
0.0
 11
379.491351
 21
212.649122
 31
0.0
  0
LINE
  5
83A
330
70
100
AcDbEntity
  8
Visible
100
AcDbLine
 10
398.491351
 20
218.649122
 30
0.0
 11
379.491351
 21
218.649122
 31
0.0
  0
LINE
  5
83B
330
70
100
AcDbEntity
  8
Visible
100
AcDbLine
 10
398.491351
 20
202.649122
 30
0.0
 11
398.491351
 21
218.649122
 31
0.0
  0
LINE
  5
83C
330
70
100
AcDbEntity
  8
Visible
100
AcDbLine
 10
392.491351
 20
202.649122
 30
0.0
 11
398.491351
 21
202.649122
 31
0.0
  0
LINE
  5
83D
330
70
100
AcDbEntity
  8
Visible
100
AcDbLine
 10
392.491351
 20
190.649122
 30
0.0
 11
392.491351
 21
202.649122
 31
0.0
  0
LINE
  5
83E
330
70
100
AcDbEntity
  8
Visible
100
AcDbLine
 10
398.491351
 20
190.649122
 30
0.0
 11
392.491351
 21
190.649122
 31
0.0
  0
LINE
  5
83F
330
70
100
AcDbEntity
  8
Visible
100
AcDbLine
 10
398.491351
 20
178.649122
 30
0.0
 11
398.491351
 21
190.649122
 31
0.0
  0
LINE
  5
840
330
70
100
AcDbEntity
  8
Visible
100
AcDbLine
 10
392.491351
 20
178.649122
 30
0.0
 11
398.491351
 21
178.649122
 31
0.0
  0
LINE
  5
841
330
70
100
AcDbEntity
  8
Visible
100
AcDbLine
 10
392.491351
 20
166.649122
 30
0.0
 11
392.491351
 21
178.649122
 31
0.0
  0
LINE
  5
842
330
70
100
AcDbEntity
  8
Visible
100
AcDbLine
 10
398.491351
 20
166.649122
 30
0.0
 11
392.491351
 21
166.649122
 31
0.0
  0
LINE
  5
843
330
70
100
AcDbEntity
  8
Visible
100
AcDbLine
 10
398.491351
 20
154.649122
 30
0.0
 11
398.491351
 21
166.649122
 31
0.0
  0
LINE
  5
844
330
70
100
AcDbEntity
  8
Visible
100
AcDbLine
 10
392.491351
 20
154.649122
 30
0.0
 11
398.491351
 21
154.649122
 31
0.0
  0
LINE
  5
845
330
70
100
AcDbEntity
  8
Visible
100
AcDbLine
 10
392.491351
 20
142.649122
 30
0.0
 11
392.491351
 21
154.649122
 31
0.0
  0
LINE
  5
846
330
70
100
AcDbEntity
  8
Visible
100
AcDbLine
 10
398.491351
 20
142.649122
 30
0.0
 11
392.491351
 21
142.649122
 31
0.0
  0
LINE
  5
847
330
70
100
AcDbEntity
  8
Visible
100
AcDbLine
 10
398.491351
 20
130.649122
 30
0.0
 11
398.491351
 21
142.649122
 31
0.0
  0
LINE
  5
848
330
70
100
AcDbEntity
  8
Visible
100
AcDbLine
 10
392.491351
 20
130.649122
 30
0.0
 11
398.491351
 21
130.649122
 31
0.0
  0
LINE
  5
849
330
70
100
AcDbEntity
  8
Visible
100
AcDbLine
 10
392.491351
 20
118.649122
 30
0.0
 11
392.491351
 21
130.649122
 31
0.0
  0
LINE
  5
84A
330
70
100
AcDbEntity
  8
Visible
100
AcDbLine
 10
398.491351
 20
118.649122
 30
0.0
 11
392.491351
 21
118.649122
 31
0.0
  0
LINE
  5
84B
330
70
100
AcDbEntity
  8
Visible
100
AcDbLine
 10
398.491351
 20
106.649122
 30
0.0
 11
398.491351
 21
118.649122
 31
0.0
  0
LINE
  5
84C
330
70
100
AcDbEntity
  8
Visible
100
AcDbLine
 10
392.491351
 20
106.649122
 30
0.0
 11
398.491351
 21
106.649122
 31
0.0
  0
LINE
  5
84D
330
70
100
AcDbEntity
  8
Visible
100
AcDbLine
 10
392.491351
 20
94.649122
 30
0.0
 11
392.491351
 21
106.649122
 31
0.0
  0
LINE
  5
84E
330
70
100
AcDbEntity
  8
Visible
100
AcDbLine
 10
398.491351
 20
94.649122
 30
0.0
 11
392.491351
 21
94.649122
 31
0.0
  0
LINE
  5
84F
330
70
100
AcDbEntity
  8
Visible
100
AcDbLine
 10
398.491351
 20
82.649122
 30
0.0
 11
398.491351
 21
94.649122
 31
0.0
  0
LINE
  5
850
330
70
100
AcDbEntity
  8
Visible
100
AcDbLine
 10
392.491351
 20
82.649122
 30
0.0
 11
398.491351
 21
82.649122
 31
0.0
  0
LINE
  5
851
330
70
100
AcDbEntity
  8
Visible
100
AcDbLine
 10
392.491351
 20
70.649122
 30
0.0
 11
392.491351
 21
82.649122
 31
0.0
  0
LINE
  5
852
330
70
100
AcDbEntity
  8
Visible
100
AcDbLine
 10
398.491351
 20
70.649122
 30
0.0
 11
392.491351
 21
70.649122
 31
0.0
  0
LINE
  5
853
330
70
100
AcDbEntity
  8
Visible
100
AcDbLine
 10
398.491351
 20
58.649122
 30
0.0
 11
398.491351
 21
70.649122
 31
0.0
  0
LINE
  5
854
330
70
100
AcDbEntity
  8
Visible
100
AcDbLine
 10
392.491351
 20
58.649122
 30
0.0
 11
398.491351
 21
58.649122
 31
0.0
  0
LINE
  5
855
330
70
100
AcDbEntity
  8
Visible
100
AcDbLine
 10
392.491351
 20
46.649122
 30
0.0
 11
392.491351
 21
58.649122
 31
0.0
  0
LINE
  5
856
330
70
100
AcDbEntity
  8
Visible
100
AcDbLine
 10
398.491351
 20
46.649122
 30
0.0
 11
392.491351
 21
46.649122
 31
0.0
  0
LINE
  5
857
330
70
100
AcDbEntity
  8
Visible
100
AcDbLine
 10
398.491351
 20
34.649122
 30
0.0
 11
398.491351
 21
46.649122
 31
0.0
  0
LINE
  5
858
330
70
100
AcDbEntity
  8
Visible
100
AcDbLine
 10
392.491351
 20
34.649122
 30
0.0
 11
398.491351
 21
34.649122
 31
0.0
  0
LINE
  5
859
330
70
100
AcDbEntity
  8
Visible
100
AcDbLine
 10
392.491351
 20
22.649122
 30
0.0
 11
392.491351
 21
34.649122
 31
0.0
  0
LINE
  5
85A
330
70
100
AcDbEntity
  8
Visible
100
AcDbLine
 10
398.491351
 20
22.649122
 30
0.0
 11
392.491351
 21
22.649122
 31
0.0
  0
LINE
  5
85B
330
70
100
AcDbEntity
  8
Visible
100
AcDbLine
 10
398.491351
 20
6.649122
 30
0.0
 11
398.491351
 21
22.649122
 31
0.0
  0
LINE
  5
85C
330
70
100
AcDbEntity
  8
Visible
100
AcDbLine
 10
379.491351
 20
6.649122
 30
0.0
 11
398.491351
 21
6.649122
 31
0.0
  0
LINE
  5
85D
330
70
100
AcDbEntity
  8
Visible
100
AcDbLine
 10
379.491351
 20
12.649122
 30
0.0
 11
379.491351
 21
6.649122
 31
0.0
  0
LINE
  5
85E
330
70
100
AcDbEntity
  8
Visible
100
AcDbLine
 10
367.491351
 20
12.649122
 30
0.0
 11
379.491351
 21
12.649122
 31
0.0
  0
LINE
  5
85F
330
70
100
AcDbEntity
  8
Visible
100
AcDbLine
 10
367.491351
 20
6.649122
 30
0.0
 11
367.491351
 21
12.649122
 31
0.0
  0
LINE
  5
860
330
70
100
AcDbEntity
  8
Visible
100
AcDbLine
 10
355.491351
 20
6.649122
 30
0.0
 11
367.491351
 21
6.649122
 31
0.0
  0
LINE
  5
861
330
70
100
AcDbEntity
  8
Visible
100
AcDbLine
 10
355.491351
 20
12.649122
 30
0.0
 11
355.491351
 21
6.649122
 31
0.0
  0
LINE
  5
862
330
70
100
AcDbEntity
  8
Visible
100
AcDbLine
 10
343.491351
 20
12.649122
 30
0.0
 11
355.491351
 21
12.649122
 31
0.0
  0
LINE
  5
863
330
70
100
AcDbEntity
  8
Visible
100
AcDbLine
 10
343.491351
 20
6.649122
 30
0.0
 11
343.491351
 21
12.649122
 31
0.0
  0
LINE
  5
864
330
70
100
AcDbEntity
  8
Visible
100
AcDbLine
 10
331.491351
 20
6.649122
 30
0.0
 11
343.491351
 21
6.649122
 31
0.0
  0
LINE
  5
865
330
70
100
AcDbEntity
  8
Visible
100
AcDbLine
 10
331.491351
 20
12.649122
 30
0.0
 11
331.491351
 21
6.649122
 31
0.0
  0
LINE
  5
866
330
70
100
AcDbEntity
  8
Visible
100
AcDbLine
 10
319.491351
 20
12.649122
 30
0.0
 11
331.491351
 21
12.649122
 31
0.0
  0
LINE
  5
867
330
70
100
AcDbEntity
  8
Visible
100
AcDbLine
 10
319.491351
 20
6.649122
 30
0.0
 11
319.491351
 21
12.649122
 31
0.0
  0
LINE
  5
868
330
70
100
AcDbEntity
  8
Visible
100
AcDbLine
 10
307.491351
 20
6.649122
 30
0.0
 11
319.491351
 21
6.649122
 31
0.0
  0
LINE
  5
869
330
70
100
AcDbEntity
  8
Visible
100
AcDbLine
 10
307.491351
 20
12.649122
 30
0.0
 11
307.491351
 21
6.649122
 31
0.0
  0
LINE
  5
86A
330
70
100
AcDbEntity
  8
Visible
100
AcDbLine
 10
295.491351
 20
12.649122
 30
0.0
 11
307.491351
 21
12.649122
 31
0.0
  0
LINE
  5
86B
330
70
100
AcDbEntity
  8
Visible
100
AcDbLine
 10
295.491351
 20
6.649122
 30
0.0
 11
295.491351
 21
12.649122
 31
0.0
  0
LINE
  5
86C
330
70
100
AcDbEntity
  8
Visible
100
AcDbLine
 10
283.491351
 20
6.649122
 30
0.0
 11
295.491351
 21
6.649122
 31
0.0
  0
LINE
  5
86D
330
70
100
AcDbEntity
  8
Visible
100
AcDbLine
 10
283.491351
 20
12.649122
 30
0.0
 11
283.491351
 21
6.649122
 31
0.0
  0
LINE
  5
86E
330
70
100
AcDbEntity
  8
Visible
100
AcDbLine
 10
271.491351
 20
12.649122
 30
0.0
 11
283.491351
 21
12.649122
 31
0.0
  0
LINE
  5
86F
330
70
100
AcDbEntity
  8
Visible
100
AcDbLine
 10
271.491351
 20
6.649122
 30
0.0
 11
271.491351
 21
12.649122
 31
0.0
  0
LINE
  5
870
330
70
100
AcDbEntity
  8
Visible
100
AcDbLine
 10
259.491351
 20
6.649122
 30
0.0
 11
271.491351
 21
6.649122
 31
0.0
  0
LINE
  5
871
330
70
100
AcDbEntity
  8
Visible
100
AcDbLine
 10
259.491351
 20
12.649122
 30
0.0
 11
259.491351
 21
6.649122
 31
0.0
  0
LINE
  5
872
330
70
100
AcDbEntity
  8
Visible
100
AcDbLine
 10
247.491351
 20
12.649122
 30
0.0
 11
259.491351
 21
12.649122
 31
0.0
  0
LINE
  5
873
330
70
100
AcDbEntity
  8
Visible
100
AcDbLine
 10
247.491351
 20
6.649122
 30
0.0
 11
247.491351
 21
12.649122
 31
0.0
  0
LINE
  5
874
330
70
100
AcDbEntity
  8
Visible
100
AcDbLine
 10
235.491351
 20
6.649122
 30
0.0
 11
247.491351
 21
6.649122
 31
0.0
  0
LINE
  5
875
330
70
100
AcDbEntity
  8
Visible
100
AcDbLine
 10
235.491351
 20
12.649122
 30
0.0
 11
235.491351
 21
6.649122
 31
0.0
  0
LINE
  5
876
330
70
100
AcDbEntity
  8
Visible
100
AcDbLine
 10
223.491351
 20
12.649122
 30
0.0
 11
235.491351
 21
12.649122
 31
0.0
  0
LINE
  5
877
330
70
100
AcDbEntity
  8
Visible
100
AcDbLine
 10
223.491351
 20
6.649122
 30
0.0
 11
223.491351
 21
12.649122
 31
0.0
  0
LINE
  5
878
330
70
100
AcDbEntity
  8
Visible
100
AcDbLine
 10
211.491351
 20
6.649122
 30
0.0
 11
223.491351
 21
6.649122
 31
0.0
  0
LINE
  5
879
330
70
100
AcDbEntity
  8
Visible
100
AcDbLine
 10
211.491351
 20
12.649122
 30
0.0
 11
211.491351
 21
6.649122
 31
0.0
  0
LINE
  5
87A
330
70
100
AcDbEntity
  8
Visible
100
AcDbLine
 10
199.491351
 20
12.649122
 30
0.0
 11
211.491351
 21
12.649122
 31
0.0
  0
LINE
  5
87B
330
70
100
AcDbEntity
  8
Visible
100
AcDbLine
 10
199.491351
 20
6.649122
 30
0.0
 11
199.491351
 21
12.649122
 31
0.0
  0
LINE
  5
87C
330
70
100
AcDbEntity
  8
Visible
100
AcDbLine
 10
187.491351
 20
6.649122
 30
0.0
 11
199.491351
 21
6.649122
 31
0.0
  0
LINE
  5
87D
330
70
100
AcDbEntity
  8
Visible
100
AcDbLine
 10
187.491351
 20
12.649122
 30
0.0
 11
187.491351
 21
6.649122
 31
0.0
  0
LINE
  5
87E
330
70
100
AcDbEntity
  8
Visible
100
AcDbLine
 10
175.491351
 20
12.649122
 30
0.0
 11
187.491351
 21
12.649122
 31
0.0
  0
LINE
  5
87F
330
70
100
AcDbEntity
  8
Visible
100
AcDbLine
 10
175.491351
 20
6.649122
 30
0.0
 11
175.491351
 21
12.649122
 31
0.0
  0
LINE
  5
880
330
70
100
AcDbEntity
  8
Visible
100
AcDbLine
 10
163.491351
 20
6.649122
 30
0.0
 11
175.491351
 21
6.649122
 31
0.0
  0
LINE
  5
881
330
70
100
AcDbEntity
  8
Visible
100
AcDbLine
 10
163.491351
 20
12.649122
 30
0.0
 11
163.491351
 21
6.649122
 31
0.0
  0
LINE
  5
882
330
70
100
AcDbEntity
  8
Visible
100
AcDbLine
 10
151.491351
 20
12.649122
 30
0.0
 11
163.491351
 21
12.649122
 31
0.0
  0
LINE
  5
883
330
70
100
AcDbEntity
  8
Visible
100
AcDbLine
 10
151.491351
 20
6.649122
 30
0.0
 11
151.491351
 21
12.649122
 31
0.0
  0
LINE
  5
884
330
70
100
AcDbEntity
  8
Visible
100
AcDbLine
 10
139.491351
 20
6.649122
 30
0.0
 11
151.491351
 21
6.649122
 31
0.0
  0
LINE
  5
885
330
70
100
AcDbEntity
  8
Visible
100
AcDbLine
 10
139.491351
 20
12.649122
 30
0.0
 11
139.491351
 21
6.649122
 31
0.0
  0
LINE
  5
886
330
70
100
AcDbEntity
  8
Visible
100
AcDbLine
 10
127.491351
 20
12.649122
 30
0.0
 11
139.491351
 21
12.649122
 31
0.0
  0
LINE
  5
887
330
70
100
AcDbEntity
  8
Visible
100
AcDbLine
 10
127.491351
 20
6.649122
 30
0.0
 11
127.491351
 21
12.649122
 31
0.0
  0
LINE
  5
888
330
70
100
AcDbEntity
  8
Visible
100
AcDbLine
 10
115.491351
 20
6.649122
 30
0.0
 11
127.491351
 21
6.649122
 31
0.0
  0
LINE
  5
889
330
70
100
AcDbEntity
  8
Visible
100
AcDbLine
 10
115.491351
 20
12.649122
 30
0.0
 11
115.491351
 21
6.649122
 31
0.0
  0
LINE
  5
88A
330
70
100
AcDbEntity
  8
Visible
100
AcDbLine
 10
103.491351
 20
12.649122
 30
0.0
 11
115.491351
 21
12.649122
 31
0.0
  0
LINE
  5
88B
330
70
100
AcDbEntity
  8
Visible
100
AcDbLine
 10
103.491351
 20
6.649122
 30
0.0
 11
103.491351
 21
12.649122
 31
0.0
  0
LINE
  5
88C
330
70
100
AcDbEntity
  8
Visible
100
AcDbLine
 10
91.491351
 20
6.649122
 30
0.0
 11
103.491351
 21
6.649122
 31
0.0
  0
LINE
  5
88D
330
70
100
AcDbEntity
  8
Visible
100
AcDbLine
 10
91.491351
 20
12.649122
 30
0.0
 11
91.491351
 21
6.649122
 31
0.0
  0
LINE
  5
88E
330
70
100
AcDbEntity
  8
Visible
100
AcDbLine
 10
79.491351
 20
12.649122
 30
0.0
 11
91.491351
 21
12.649122
 31
0.0
  0
LINE
  5
88F
330
70
100
AcDbEntity
  8
Visible
100
AcDbLine
 10
79.491351
 20
6.649122
 30
0.0
 11
79.491351
 21
12.649122
 31
0.0
  0
LINE
  5
890
330
70
100
AcDbEntity
  8
Visible
100
AcDbLine
 10
67.491351
 20
6.649122
 30
0.0
 11
79.491351
 21
6.649122
 31
0.0
  0
LINE
  5
891
330
70
100
AcDbEntity
  8
Visible
100
AcDbLine
 10
67.491351
 20
12.649122
 30
0.0
 11
67.491351
 21
6.649122
 31
0.0
  0
LINE
  5
892
330
70
100
AcDbEntity
  8
Visible
100
AcDbLine
 10
55.491351
 20
12.649122
 30
0.0
 11
67.491351
 21
12.649122
 31
0.0
  0
LINE
  5
893
330
70
100
AcDbEntity
  8
Visible
100
AcDbLine
 10
55.491351
 20
6.649122
 30
0.0
 11
55.491351
 21
12.649122
 31
0.0
  0
LINE
  5
894
330
70
100
AcDbEntity
  8
Visible
100
AcDbLine
 10
36.491351
 20
6.649122
 30
0.0
 11
55.491351
 21
6.649122
 31
0.0
  0
LINE
  5
895
330
70
100
AcDbEntity
  8
Visible
100
AcDbLine
 10
36.491351
 20
22.649122
 30
0.0
 11
36.491351
 21
6.649122
 31
0.0
  0
LINE
  5
896
330
70
100
AcDbEntity
  8
Visible
100
AcDbLine
 10
42.491351
 20
22.649122
 30
0.0
 11
36.491351
 21
22.649122
 31
0.0
  0
LINE
  5
897
330
70
100
AcDbEntity
  8
Visible
100
AcDbLine
 10
42.491351
 20
34.649122
 30
0.0
 11
42.491351
 21
22.649122
 31
0.0
  0
LINE
  5
898
330
70
100
AcDbEntity
  8
Visible
100
AcDbLine
 10
36.491351
 20
34.649122
 30
0.0
 11
42.491351
 21
34.649122
 31
0.0
  0
LINE
  5
899
330
70
100
AcDbEntity
  8
Visible
100
AcDbLine
 10
36.491351
 20
46.649122
 30
0.0
 11
36.491351
 21
34.649122
 31
0.0
  0
LINE
  5
89A
330
70
100
AcDbEntity
  8
Visible
100
AcDbLine
 10
42.491351
 20
46.649122
 30
0.0
 11
36.491351
 21
46.649122
 31
0.0
  0
LINE
  5
89B
330
70
100
AcDbEntity
  8
Visible
100
AcDbLine
 10
42.491351
 20
58.649122
 30
0.0
 11
42.491351
 21
46.649122
 31
0.0
  0
LINE
  5
89C
330
70
100
AcDbEntity
  8
Visible
100
AcDbLine
 10
36.491351
 20
58.649122
 30
0.0
 11
42.491351
 21
58.649122
 31
0.0
  0
LINE
  5
89D
330
70
100
AcDbEntity
  8
Visible
100
AcDbLine
 10
36.491351
 20
70.649122
 30
0.0
 11
36.491351
 21
58.649122
 31
0.0
  0
LINE
  5
89E
330
70
100
AcDbEntity
  8
Visible
100
AcDbLine
 10
42.491351
 20
70.649122
 30
0.0
 11
36.491351
 21
70.649122
 31
0.0
  0
LINE
  5
89F
330
70
100
AcDbEntity
  8
Visible
100
AcDbLine
 10
42.491351
 20
82.649122
 30
0.0
 11
42.491351
 21
70.649122
 31
0.0
  0
LINE
  5
8A0
330
70
100
AcDbEntity
  8
Visible
100
AcDbLine
 10
36.491351
 20
82.649122
 30
0.0
 11
42.491351
 21
82.649122
 31
0.0
  0
LINE
  5
8A1
330
70
100
AcDbEntity
  8
Visible
100
AcDbLine
 10
36.491351
 20
94.649122
 30
0.0
 11
36.491351
 21
82.649122
 31
0.0
  0
LINE
  5
8A2
330
70
100
AcDbEntity
  8
Visible
100
AcDbLine
 10
42.491351
 20
94.649122
 30
0.0
 11
36.491351
 21
94.649122
 31
0.0
  0
LINE
  5
8A3
330
70
100
AcDbEntity
  8
Visible
100
AcDbLine
 10
42.491351
 20
106.649122
 30
0.0
 11
42.491351
 21
94.649122
 31
0.0
  0
LINE
  5
8A4
330
70
100
AcDbEntity
  8
Visible
100
AcDbLine
 10
36.491351
 20
106.649122
 30
0.0
 11
42.491351
 21
106.649122
 31
0.0
  0
LINE
  5
8A5
330
70
100
AcDbEntity
  8
Visible
100
AcDbLine
 10
36.491351
 20
118.649122
 30
0.0
 11
36.491351
 21
106.649122
 31
0.0
  0
LINE
  5
8A6
330
70
100
AcDbEntity
  8
Visible
100
AcDbLine
 10
42.491351
 20
118.649122
 30
0.0
 11
36.491351
 21
118.649122
 31
0.0
  0
LINE
  5
8A7
330
70
100
AcDbEntity
  8
Visible
100
AcDbLine
 10
42.491351
 20
130.649122
 30
0.0
 11
42.491351
 21
118.649122
 31
0.0
  0
LINE
  5
8A8
330
70
100
AcDbEntity
  8
Visible
100
AcDbLine
 10
36.491351
 20
130.649122
 30
0.0
 11
42.491351
 21
130.649122
 31
0.0
  0
LINE
  5
8A9
330
70
100
AcDbEntity
  8
Visible
100
AcDbLine
 10
36.491351
 20
142.649122
 30
0.0
 11
36.491351
 21
130.649122
 31
0.0
  0
LINE
  5
8AA
330
70
100
AcDbEntity
  8
Visible
100
AcDbLine
 10
42.491351
 20
142.649122
 30
0.0
 11
36.491351
 21
142.649122
 31
0.0
  0
LINE
  5
8AB
330
70
100
AcDbEntity
  8
Visible
100
AcDbLine
 10
42.491351
 20
154.649122
 30
0.0
 11
42.491351
 21
142.649122
 31
0.0
  0
LINE
  5
8AC
330
70
100
AcDbEntity
  8
Visible
100
AcDbLine
 10
36.491351
 20
154.649122
 30
0.0
 11
42.491351
 21
154.649122
 31
0.0
  0
LINE
  5
8AD
330
70
100
AcDbEntity
  8
Visible
100
AcDbLine
 10
36.491351
 20
166.649122
 30
0.0
 11
36.491351
 21
154.649122
 31
0.0
  0
LINE
  5
8AE
330
70
100
AcDbEntity
  8
Visible
100
AcDbLine
 10
42.491351
 20
166.649122
 30
0.0
 11
36.491351
 21
166.649122
 31
0.0
  0
LINE
  5
8AF
330
70
100
AcDbEntity
  8
Visible
100
AcDbLine
 10
42.491351
 20
178.649122
 30
0.0
 11
42.491351
 21
166.649122
 31
0.0
  0
LINE
  5
8B0
330
70
100
AcDbEntity
  8
Visible
100
AcDbLine
 10
36.491351
 20
178.649122
 30
0.0
 11
42.491351
 21
178.649122
 31
0.0
  0
LINE
  5
8B1
330
70
100
AcDbEntity
  8
Visible
100
AcDbLine
 10
36.491351
 20
190.649122
 30
0.0
 11
36.491351
 21
178.649122
 31
0.0
  0
LINE
  5
8B2
330
70
100
AcDbEntity
  8
Visible
100
AcDbLine
 10
42.491351
 20
190.649122
 30
0.0
 11
36.491351
 21
190.649122
 31
0.0
  0
LINE
  5
8B3
330
70
100
AcDbEntity
  8
Visible
100
AcDbLine
 10
42.491351
 20
202.649122
 30
0.0
 11
42.491351
 21
190.649122
 31
0.0
  0
LINE
  5
8B4
330
70
100
AcDbEntity
  8
Visible
100
AcDbLine
 10
36.491351
 20
202.649122
 30
0.0
 11
42.491351
 21
202.649122
 31
0.0
  0
LINE
  5
8B5
330
70
100
AcDbEntity
  8
Visible
100
AcDbLine
 10
36.491351
 20
218.649122
 30
0.0
 11
36.491351
 21
202.649122
 31
0.0
  0
LINE
  5
8B6
330
70
100
AcDbEntity
  8
Visible
100
AcDbLine
 10
55.491351
 20
218.649122
 30
0.0
 11
36.491351
 21
218.649122
 31
0.0
  0
LINE
  5
8B7
330
70
100
AcDbEntity
  8
Visible
100
AcDbLine
 10
1094.815209
 20
318.620248
 30
0.0
 11
1022.31861
 21
232.119241
 31
0.0
  0
ARC
  5
8B8
330
70
100
AcDbEntity
  8
Visible
100
AcDbCircle
 10
-1018.103294
 20
235.652102
 30
0.0
 40
5.500000000000039
210
0.0
220
0.0
230
-1.0
100
AcDbArc
 50
219.966414
 51
42.818173
  0
LINE
  5
8B9
330
70
100
AcDbEntity
  8
Visible
100
AcDbLine
 10
1014.068965
 20
239.390309
 30
0.0
 11
1086.985896
 21
326.299672
 31
0.0
  0
ARC
  5
8BA
330
70
100
AcDbEntity
  8
Visible
100
AcDbCircle
 10
-1091.199348
 20
322.764588
 30
0.0
 40
5.500000000000012
210
0.0
220
0.0
230
-1.0
100
AcDbArc
 50
39.996641
 51
228.895891
  0
LINE
  5
8BB
330
70
100
AcDbEntity
  8
Visible
100
AcDbLine
 10
966.829689
 20
212.944353
 30
0.0
 11
856.041137
 21
232.39593
 31
0.0
  0
ARC
  5
8BC
330
70
100
AcDbEntity
  8
Visible
100
AcDbCircle
 10
-856.992245
 20
237.813069
 30
0.0
 40
5.500000000000023
210
0.0
220
0.0
230
-1.0
100
AcDbArc
 50
279.958147
 51
104.128933
  0
LINE
  5
8BD
330
70
100
AcDbEntity
  8
Visible
100
AcDbLine
 10
858.334821
 20
243.146688
 30
0.0
 11
969.657628
 21
223.531969
 31
0.0
  0
ARC
  5
8BE
330
70
100
AcDbEntity
  8
Visible
100
AcDbCircle
 10
-968.703247
 20
218.115405
 30
0.0
 40
5.500000000000017
210
0.0
220
0.0
230
-1.0
100
AcDbArc
 50
99.992764
 51
289.916294
  0
LINE
  5
8BF
330
70
100
AcDbEntity
  8
Visible
100
AcDbLine
 10
1014.723301
 20
185.443512
 30
0.0
 11
1053.287563
 21
79.409177
 31
0.0
  0
ARC
  5
8C0
330
70
100
AcDbEntity
  8
Visible
100
AcDbCircle
 10
-1048.332214
 20
77.022858
 30
0.0
 40
5.500000000000053
210
0.0
220
0.0
230
-1.0
100
AcDbArc
 50
154.28619
 51
340.000023
  0
LINE
  5
8C1
330
70
100
AcDbEntity
  8
Visible
100
AcDbLine
 10
1043.163904
 20
75.141749
 30
0.0
 11
1004.393984
 21
181.661364
 31
0.0
  0
ARC
  5
8C2
330
70
100
AcDbEntity
  8
Visible
100
AcDbCircle
 10
-1009.554536
 20
183.563653
 30
0.0
 40
5.499999999999971
210
0.0
220
0.0
230
-1.0
100
AcDbArc
 50
339.765035
 51
160.013876
  0
CIRCLE
  5
8C3
330
70
100
AcDbEntity
  8
Visible
100
AcDbCircle
 10
-997.491305
 20
212.64923
 30
0.0
 40
5.499999999999971
210
0.0
220
0.0
230
-1.0
  0
LINE
  5
8C4
330
70
100
AcDbEntity
  8
Visible
100
AcDbLine
 10
835.491351
 20
418.649122
 30
0.0
 11
835.491351
 21
412.649122
 31
0.0
  0
LINE
  5
8C5
330
70
100
AcDbEntity
  8
Visible
100
AcDbLine
 10
847.491351
 20
418.649122
 30
0.0
 11
835.491351
 21
418.649122
 31
0.0
  0
LINE
  5
8C6
330
70
100
AcDbEntity
  8
Visible
100
AcDbLine
 10
847.491351
 20
412.649122
 30
0.0
 11
847.491351
 21
418.649122
 31
0.0
  0
LINE
  5
8C7
330
70
100
AcDbEntity
  8
Visible
100
AcDbLine
 10
859.491351
 20
412.649122
 30
0.0
 11
847.491351
 21
412.649122
 31
0.0
  0
LINE
  5
8C8
330
70
100
AcDbEntity
  8
Visible
100
AcDbLine
 10
859.491351
 20
418.649122
 30
0.0
 11
859.491351
 21
412.649122
 31
0.0
  0
LINE
  5
8C9
330
70
100
AcDbEntity
  8
Visible
100
AcDbLine
 10
871.491351
 20
418.649122
 30
0.0
 11
859.491351
 21
418.649122
 31
0.0
  0
LINE
  5
8CA
330
70
100
AcDbEntity
  8
Visible
100
AcDbLine
 10
871.491351
 20
412.649122
 30
0.0
 11
871.491351
 21
418.649122
 31
0.0
  0
LINE
  5
8CB
330
70
100
AcDbEntity
  8
Visible
100
AcDbLine
 10
883.491351
 20
412.649122
 30
0.0
 11
871.491351
 21
412.649122
 31
0.0
  0
LINE
  5
8CC
330
70
100
AcDbEntity
  8
Visible
100
AcDbLine
 10
883.491351
 20
418.649122
 30
0.0
 11
883.491351
 21
412.649122
 31
0.0
  0
LINE
  5
8CD
330
70
100
AcDbEntity
  8
Visible
100
AcDbLine
 10
895.491351
 20
418.649122
 30
0.0
 11
883.491351
 21
418.649122
 31
0.0
  0
LINE
  5
8CE
330
70
100
AcDbEntity
  8
Visible
100
AcDbLine
 10
895.491351
 20
412.649122
 30
0.0
 11
895.491351
 21
418.649122
 31
0.0
  0
LINE
  5
8CF
330
70
100
AcDbEntity
  8
Visible
100
AcDbLine
 10
907.491351
 20
412.649122
 30
0.0
 11
895.491351
 21
412.649122
 31
0.0
  0
LINE
  5
8D0
330
70
100
AcDbEntity
  8
Visible
100
AcDbLine
 10
907.491351
 20
418.649122
 30
0.0
 11
907.491351
 21
412.649122
 31
0.0
  0
LINE
  5
8D1
330
70
100
AcDbEntity
  8
Visible
100
AcDbLine
 10
919.491351
 20
418.649122
 30
0.0
 11
907.491351
 21
418.649122
 31
0.0
  0
LINE
  5
8D2
330
70
100
AcDbEntity
  8
Visible
100
AcDbLine
 10
919.491351
 20
412.649122
 30
0.0
 11
919.491351
 21
418.649122
 31
0.0
  0
LINE
  5
8D3
330
70
100
AcDbEntity
  8
Visible
100
AcDbLine
 10
931.491351
 20
412.649122
 30
0.0
 11
919.491351
 21
412.649122
 31
0.0
  0
LINE
  5
8D4
330
70
100
AcDbEntity
  8
Visible
100
AcDbLine
 10
931.491351
 20
418.649122
 30
0.0
 11
931.491351
 21
412.649122
 31
0.0
  0
LINE
  5
8D5
330
70
100
AcDbEntity
  8
Visible
100
AcDbLine
 10
943.491351
 20
418.649122
 30
0.0
 11
931.491351
 21
418.649122
 31
0.0
  0
LINE
  5
8D6
330
70
100
AcDbEntity
  8
Visible
100
AcDbLine
 10
943.491351
 20
412.649122
 30
0.0
 11
943.491351
 21
418.649122
 31
0.0
  0
LINE
  5
8D7
330
70
100
AcDbEntity
  8
Visible
100
AcDbLine
 10
955.491351
 20
412.649122
 30
0.0
 11
943.491351
 21
412.649122
 31
0.0
  0
LINE
  5
8D8
330
70
100
AcDbEntity
  8
Visible
100
AcDbLine
 10
955.491351
 20
418.649122
 30
0.0
 11
955.491351
 21
412.649122
 31
0.0
  0
LINE
  5
8D9
330
70
100
AcDbEntity
  8
Visible
100
AcDbLine
 10
967.491351
 20
418.649122
 30
0.0
 11
955.491351
 21
418.649122
 31
0.0
  0
LINE
  5
8DA
330
70
100
AcDbEntity
  8
Visible
100
AcDbLine
 10
967.491351
 20
412.649122
 30
0.0
 11
967.491351
 21
418.649122
 31
0.0
  0
LINE
  5
8DB
330
70
100
AcDbEntity
  8
Visible
100
AcDbLine
 10
979.491351
 20
412.649122
 30
0.0
 11
967.491351
 21
412.649122
 31
0.0
  0
LINE
  5
8DC
330
70
100
AcDbEntity
  8
Visible
100
AcDbLine
 10
979.491351
 20
418.649122
 30
0.0
 11
979.491351
 21
412.649122
 31
0.0
  0
LINE
  5
8DD
330
70
100
AcDbEntity
  8
Visible
100
AcDbLine
 10
991.491351
 20
418.649122
 30
0.0
 11
979.491351
 21
418.649122
 31
0.0
  0
LINE
  5
8DE
330
70
100
AcDbEntity
  8
Visible
100
AcDbLine
 10
991.491351
 20
412.649122
 30
0.0
 11
991.491351
 21
418.649122
 31
0.0
  0
LINE
  5
8DF
330
70
100
AcDbEntity
  8
Visible
100
AcDbLine
 10
1003.491351
 20
412.649122
 30
0.0
 11
991.491351
 21
412.649122
 31
0.0
  0
LINE
  5
8E0
330
70
100
AcDbEntity
  8
Visible
100
AcDbLine
 10
1003.491351
 20
418.649122
 30
0.0
 11
1003.491351
 21
412.649122
 31
0.0
  0
LINE
  5
8E1
330
70
100
AcDbEntity
  8
Visible
100
AcDbLine
 10
1015.491351
 20
418.649122
 30
0.0
 11
1003.491351
 21
418.649122
 31
0.0
  0
LINE
  5
8E2
330
70
100
AcDbEntity
  8
Visible
100
AcDbLine
 10
1015.491351
 20
412.649122
 30
0.0
 11
1015.491351
 21
418.649122
 31
0.0
  0
LINE
  5
8E3
330
70
100
AcDbEntity
  8
Visible
100
AcDbLine
 10
1027.491351
 20
412.649122
 30
0.0
 11
1015.491351
 21
412.649122
 31
0.0
  0
LINE
  5
8E4
330
70
100
AcDbEntity
  8
Visible
100
AcDbLine
 10
1027.491351
 20
418.649122
 30
0.0
 11
1027.491351
 21
412.649122
 31
0.0
  0
LINE
  5
8E5
330
70
100
AcDbEntity
  8
Visible
100
AcDbLine
 10
1039.491351
 20
418.649122
 30
0.0
 11
1027.491351
 21
418.649122
 31
0.0
  0
LINE
  5
8E6
330
70
100
AcDbEntity
  8
Visible
100
AcDbLine
 10
1039.491351
 20
412.649122
 30
0.0
 11
1039.491351
 21
418.649122
 31
0.0
  0
LINE
  5
8E7
330
70
100
AcDbEntity
  8
Visible
100
AcDbLine
 10
1051.491351
 20
412.649122
 30
0.0
 11
1039.491351
 21
412.649122
 31
0.0
  0
LINE
  5
8E8
330
70
100
AcDbEntity
  8
Visible
100
AcDbLine
 10
1051.491351
 20
418.649122
 30
0.0
 11
1051.491351
 21
412.649122
 31
0.0
  0
LINE
  5
8E9
330
70
100
AcDbEntity
  8
Visible
100
AcDbLine
 10
1063.491351
 20
418.649122
 30
0.0
 11
1051.491351
 21
418.649122
 31
0.0
  0
LINE
  5
8EA
330
70
100
AcDbEntity
  8
Visible
100
AcDbLine
 10
1063.491351
 20
412.649122
 30
0.0
 11
1063.491351
 21
418.649122
 31
0.0
  0
LINE
  5
8EB
330
70
100
AcDbEntity
  8
Visible
100
AcDbLine
 10
1075.491351
 20
412.649122
 30
0.0
 11
1063.491351
 21
412.649122
 31
0.0
  0
LINE
  5
8EC
330
70
100
AcDbEntity
  8
Visible
100
AcDbLine
 10
1075.491351
 20
418.649122
 30
0.0
 11
1075.491351
 21
412.649122
 31
0.0
  0
LINE
  5
8ED
330
70
100
AcDbEntity
  8
Visible
100
AcDbLine
 10
1087.491351
 20
418.649122
 30
0.0
 11
1075.491351
 21
418.649122
 31
0.0
  0
LINE
  5
8EE
330
70
100
AcDbEntity
  8
Visible
100
AcDbLine
 10
1087.491351
 20
412.649122
 30
0.0
 11
1087.491351
 21
418.649122
 31
0.0
  0
LINE
  5
8EF
330
70
100
AcDbEntity
  8
Visible
100
AcDbLine
 10
1099.491351
 20
412.649122
 30
0.0
 11
1087.491351
 21
412.649122
 31
0.0
  0
LINE
  5
8F0
330
70
100
AcDbEntity
  8
Visible
100
AcDbLine
 10
1099.491351
 20
418.649122
 30
0.0
 11
1099.491351
 21
412.649122
 31
0.0
  0
LINE
  5
8F1
330
70
100
AcDbEntity
  8
Visible
100
AcDbLine
 10
1111.491351
 20
418.649122
 30
0.0
 11
1099.491351
 21
418.649122
 31
0.0
  0
LINE
  5
8F2
330
70
100
AcDbEntity
  8
Visible
100
AcDbLine
 10
1111.491351
 20
412.649122
 30
0.0
 11
1111.491351
 21
418.649122
 31
0.0
  0
LINE
  5
8F3
330
70
100
AcDbEntity
  8
Visible
100
AcDbLine
 10
1123.491351
 20
412.649122
 30
0.0
 11
1111.491351
 21
412.649122
 31
0.0
  0
LINE
  5
8F4
330
70
100
AcDbEntity
  8
Visible
100
AcDbLine
 10
1123.491351
 20
418.649122
 30
0.0
 11
1123.491351
 21
412.649122
 31
0.0
  0
LINE
  5
8F5
330
70
100
AcDbEntity
  8
Visible
100
AcDbLine
 10
1135.491351
 20
418.649122
 30
0.0
 11
1123.491351
 21
418.649122
 31
0.0
  0
LINE
  5
8F6
330
70
100
AcDbEntity
  8
Visible
100
AcDbLine
 10
1135.491351
 20
412.649122
 30
0.0
 11
1135.491351
 21
418.649122
 31
0.0
  0
LINE
  5
8F7
330
70
100
AcDbEntity
  8
Visible
100
AcDbLine
 10
1147.491351
 20
412.649122
 30
0.0
 11
1135.491351
 21
412.649122
 31
0.0
  0
LINE
  5
8F8
330
70
100
AcDbEntity
  8
Visible
100
AcDbLine
 10
1147.491351
 20
418.649122
 30
0.0
 11
1147.491351
 21
412.649122
 31
0.0
  0
LINE
  5
8F9
330
70
100
AcDbEntity
  8
Visible
100
AcDbLine
 10
1159.491351
 20
418.649122
 30
0.0
 11
1147.491351
 21
418.649122
 31
0.0
  0
LINE
  5
8FA
330
70
100
AcDbEntity
  8
Visible
100
AcDbLine
 10
1159.491351
 20
412.649122
 30
0.0
 11
1159.491351
 21
418.649122
 31
0.0
  0
LINE
  5
8FB
330
70
100
AcDbEntity
  8
Visible
100
AcDbLine
 10
1172.491351
 20
412.649122
 30
0.0
 11
1159.491351
 21
412.649122
 31
0.0
  0
LINE
  5
8FC
330
70
100
AcDbEntity
  8
Visible
100
AcDbLine
 10
1172.491351
 20
398.649122
 30
0.0
 11
1172.491351
 21
412.649122
 31
0.0
  0
LINE
  5
8FD
330
70
100
AcDbEntity
  8
Visible
100
AcDbLine
 10
1178.491351
 20
398.649122
 30
0.0
 11
1172.491351
 21
398.649122
 31
0.0
  0
LINE
  5
8FE
330
70
100
AcDbEntity
  8
Visible
100
AcDbLine
 10
1178.491351
 20
386.649122
 30
0.0
 11
1178.491351
 21
398.649122
 31
0.0
  0
LINE
  5
8FF
330
70
100
AcDbEntity
  8
Visible
100
AcDbLine
 10
1172.491351
 20
386.649122
 30
0.0
 11
1178.491351
 21
386.649122
 31
0.0
  0
LINE
  5
900
330
70
100
AcDbEntity
  8
Visible
100
AcDbLine
 10
1172.491351
 20
374.649122
 30
0.0
 11
1172.491351
 21
386.649122
 31
0.0
  0
LINE
  5
901
330
70
100
AcDbEntity
  8
Visible
100
AcDbLine
 10
1178.491351
 20
374.649122
 30
0.0
 11
1172.491351
 21
374.649122
 31
0.0
  0
LINE
  5
902
330
70
100
AcDbEntity
  8
Visible
100
AcDbLine
 10
1178.491351
 20
362.649122
 30
0.0
 11
1178.491351
 21
374.649122
 31
0.0
  0
LINE
  5
903
330
70
100
AcDbEntity
  8
Visible
100
AcDbLine
 10
1172.491351
 20
362.649122
 30
0.0
 11
1178.491351
 21
362.649122
 31
0.0
  0
LINE
  5
904
330
70
100
AcDbEntity
  8
Visible
100
AcDbLine
 10
1172.491351
 20
350.649122
 30
0.0
 11
1172.491351
 21
362.649122
 31
0.0
  0
LINE
  5
905
330
70
100
AcDbEntity
  8
Visible
100
AcDbLine
 10
1178.491351
 20
350.649122
 30
0.0
 11
1172.491351
 21
350.649122
 31
0.0
  0
LINE
  5
906
330
70
100
AcDbEntity
  8
Visible
100
AcDbLine
 10
1178.491351
 20
338.649122
 30
0.0
 11
1178.491351
 21
350.649122
 31
0.0
  0
LINE
  5
907
330
70
100
AcDbEntity
  8
Visible
100
AcDbLine
 10
1172.491351
 20
338.649122
 30
0.0
 11
1178.491351
 21
338.649122
 31
0.0
  0
LINE
  5
908
330
70
100
AcDbEntity
  8
Visible
100
AcDbLine
 10
1172.491351
 20
326.649122
 30
0.0
 11
1172.491351
 21
338.649122
 31
0.0
  0
LINE
  5
909
330
70
100
AcDbEntity
  8
Visible
100
AcDbLine
 10
1178.491351
 20
326.649122
 30
0.0
 11
1172.491351
 21
326.649122
 31
0.0
  0
LINE
  5
90A
330
70
100
AcDbEntity
  8
Visible
100
AcDbLine
 10
1178.491351
 20
314.649122
 30
0.0
 11
1178.491351
 21
326.649122
 31
0.0
  0
LINE
  5
90B
330
70
100
AcDbEntity
  8
Visible
100
AcDbLine
 10
1172.491351
 20
314.649122
 30
0.0
 11
1178.491351
 21
314.649122
 31
0.0
  0
LINE
  5
90C
330
70
100
AcDbEntity
  8
Visible
100
AcDbLine
 10
1172.491351
 20
302.649122
 30
0.0
 11
1172.491351
 21
314.649122
 31
0.0
  0
LINE
  5
90D
330
70
100
AcDbEntity
  8
Visible
100
AcDbLine
 10
1178.491351
 20
302.649122
 30
0.0
 11
1172.491351
 21
302.649122
 31
0.0
  0
LINE
  5
90E
330
70
100
AcDbEntity
  8
Visible
100
AcDbLine
 10
1178.491351
 20
290.649122
 30
0.0
 11
1178.491351
 21
302.649122
 31
0.0
  0
LINE
  5
90F
330
70
100
AcDbEntity
  8
Visible
100
AcDbLine
 10
1172.491351
 20
290.649122
 30
0.0
 11
1178.491351
 21
290.649122
 31
0.0
  0
LINE
  5
910
330
70
100
AcDbEntity
  8
Visible
100
AcDbLine
 10
1172.491351
 20
278.649122
 30
0.0
 11
1172.491351
 21
290.649122
 31
0.0
  0
LINE
  5
911
330
70
100
AcDbEntity
  8
Visible
100
AcDbLine
 10
1178.491351
 20
278.649122
 30
0.0
 11
1172.491351
 21
278.649122
 31
0.0
  0
LINE
  5
912
330
70
100
AcDbEntity
  8
Visible
100
AcDbLine
 10
1178.491351
 20
266.649122
 30
0.0
 11
1178.491351
 21
278.649122
 31
0.0
  0
LINE
  5
913
330
70
100
AcDbEntity
  8
Visible
100
AcDbLine
 10
1172.491351
 20
266.649122
 30
0.0
 11
1178.491351
 21
266.649122
 31
0.0
  0
LINE
  5
914
330
70
100
AcDbEntity
  8
Visible
100
AcDbLine
 10
1172.491351
 20
254.649122
 30
0.0
 11
1172.491351
 21
266.649122
 31
0.0
  0
LINE
  5
915
330
70
100
AcDbEntity
  8
Visible
100
AcDbLine
 10
1178.491351
 20
254.649122
 30
0.0
 11
1172.491351
 21
254.649122
 31
0.0
  0
LINE
  5
916
330
70
100
AcDbEntity
  8
Visible
100
AcDbLine
 10
1178.491351
 20
242.649122
 30
0.0
 11
1178.491351
 21
254.649122
 31
0.0
  0
LINE
  5
917
330
70
100
AcDbEntity
  8
Visible
100
AcDbLine
 10
1172.491351
 20
242.649122
 30
0.0
 11
1178.491351
 21
242.649122
 31
0.0
  0
LINE
  5
918
330
70
100
AcDbEntity
  8
Visible
100
AcDbLine
 10
1172.491351
 20
230.649122
 30
0.0
 11
1172.491351
 21
242.649122
 31
0.0
  0
LINE
  5
919
330
70
100
AcDbEntity
  8
Visible
100
AcDbLine
 10
1178.491351
 20
230.649122
 30
0.0
 11
1172.491351
 21
230.649122
 31
0.0
  0
LINE
  5
91A
330
70
100
AcDbEntity
  8
Visible
100
AcDbLine
 10
1178.491351
 20
218.649122
 30
0.0
 11
1178.491351
 21
230.649122
 31
0.0
  0
LINE
  5
91B
330
70
100
AcDbEntity
  8
Visible
100
AcDbLine
 10
1172.491351
 20
218.649122
 30
0.0
 11
1178.491351
 21
218.649122
 31
0.0
  0
LINE
  5
91C
330
70
100
AcDbEntity
  8
Visible
100
AcDbLine
 10
1172.491351
 20
206.649122
 30
0.0
 11
1172.491351
 21
218.649122
 31
0.0
  0
LINE
  5
91D
330
70
100
AcDbEntity
  8
Visible
100
AcDbLine
 10
1178.491351
 20
206.649122
 30
0.0
 11
1172.491351
 21
206.649122
 31
0.0
  0
LINE
  5
91E
330
70
100
AcDbEntity
  8
Visible
100
AcDbLine
 10
1178.491351
 20
194.649122
 30
0.0
 11
1178.491351
 21
206.649122
 31
0.0
  0
LINE
  5
91F
330
70
100
AcDbEntity
  8
Visible
100
AcDbLine
 10
1172.491351
 20
194.649122
 30
0.0
 11
1178.491351
 21
194.649122
 31
0.0
  0
LINE
  5
920
330
70
100
AcDbEntity
  8
Visible
100
AcDbLine
 10
1172.491351
 20
182.649122
 30
0.0
 11
1172.491351
 21
194.649122
 31
0.0
  0
LINE
  5
921
330
70
100
AcDbEntity
  8
Visible
100
AcDbLine
 10
1178.491351
 20
182.649122
 30
0.0
 11
1172.491351
 21
182.649122
 31
0.0
  0
LINE
  5
922
330
70
100
AcDbEntity
  8
Visible
100
AcDbLine
 10
1178.491351
 20
170.649122
 30
0.0
 11
1178.491351
 21
182.649122
 31
0.0
  0
LINE
  5
923
330
70
100
AcDbEntity
  8
Visible
100
AcDbLine
 10
1172.491351
 20
170.649122
 30
0.0
 11
1178.491351
 21
170.649122
 31
0.0
  0
LINE
  5
924
330
70
100
AcDbEntity
  8
Visible
100
AcDbLine
 10
1172.491351
 20
158.649122
 30
0.0
 11
1172.491351
 21
170.649122
 31
0.0
  0
LINE
  5
925
330
70
100
AcDbEntity
  8
Visible
100
AcDbLine
 10
1178.491351
 20
158.649122
 30
0.0
 11
1172.491351
 21
158.649122
 31
0.0
  0
LINE
  5
926
330
70
100
AcDbEntity
  8
Visible
100
AcDbLine
 10
1178.491351
 20
146.649122
 30
0.0
 11
1178.491351
 21
158.649122
 31
0.0
  0
LINE
  5
927
330
70
100
AcDbEntity
  8
Visible
100
AcDbLine
 10
1172.491351
 20
146.649122
 30
0.0
 11
1178.491351
 21
146.649122
 31
0.0
  0
LINE
  5
928
330
70
100
AcDbEntity
  8
Visible
100
AcDbLine
 10
1172.491351
 20
134.649122
 30
0.0
 11
1172.491351
 21
146.649122
 31
0.0
  0
LINE
  5
929
330
70
100
AcDbEntity
  8
Visible
100
AcDbLine
 10
1178.491351
 20
134.649122
 30
0.0
 11
1172.491351
 21
134.649122
 31
0.0
  0
LINE
  5
92A
330
70
100
AcDbEntity
  8
Visible
100
AcDbLine
 10
1178.491351
 20
122.649122
 30
0.0
 11
1178.491351
 21
134.649122
 31
0.0
  0
LINE
  5
92B
330
70
100
AcDbEntity
  8
Visible
100
AcDbLine
 10
1172.491351
 20
122.649122
 30
0.0
 11
1178.491351
 21
122.649122
 31
0.0
  0
LINE
  5
92C
330
70
100
AcDbEntity
  8
Visible
100
AcDbLine
 10
1172.491351
 20
110.649122
 30
0.0
 11
1172.491351
 21
122.649122
 31
0.0
  0
LINE
  5
92D
330
70
100
AcDbEntity
  8
Visible
100
AcDbLine
 10
1178.491351
 20
110.649122
 30
0.0
 11
1172.491351
 21
110.649122
 31
0.0
  0
LINE
  5
92E
330
70
100
AcDbEntity
  8
Visible
100
AcDbLine
 10
1178.491351
 20
98.649122
 30
0.0
 11
1178.491351
 21
110.649122
 31
0.0
  0
LINE
  5
92F
330
70
100
AcDbEntity
  8
Visible
100
AcDbLine
 10
1172.491351
 20
98.649122
 30
0.0
 11
1178.491351
 21
98.649122
 31
0.0
  0
LINE
  5
930
330
70
100
AcDbEntity
  8
Visible
100
AcDbLine
 10
1172.491351
 20
86.649122
 30
0.0
 11
1172.491351
 21
98.649122
 31
0.0
  0
LINE
  5
931
330
70
100
AcDbEntity
  8
Visible
100
AcDbLine
 10
1178.491351
 20
86.649122
 30
0.0
 11
1172.491351
 21
86.649122
 31
0.0
  0
LINE
  5
932
330
70
100
AcDbEntity
  8
Visible
100
AcDbLine
 10
1178.491351
 20
74.649122
 30
0.0
 11
1178.491351
 21
86.649122
 31
0.0
  0
LINE
  5
933
330
70
100
AcDbEntity
  8
Visible
100
AcDbLine
 10
1172.491351
 20
74.649122
 30
0.0
 11
1178.491351
 21
74.649122
 31
0.0
  0
LINE
  5
934
330
70
100
AcDbEntity
  8
Visible
100
AcDbLine
 10
1172.491351
 20
62.649122
 30
0.0
 11
1172.491351
 21
74.649122
 31
0.0
  0
LINE
  5
935
330
70
100
AcDbEntity
  8
Visible
100
AcDbLine
 10
1178.491351
 20
62.649122
 30
0.0
 11
1172.491351
 21
62.649122
 31
0.0
  0
LINE
  5
936
330
70
100
AcDbEntity
  8
Visible
100
AcDbLine
 10
1178.491351
 20
50.649122
 30
0.0
 11
1178.491351
 21
62.649122
 31
0.0
  0
LINE
  5
937
330
70
100
AcDbEntity
  8
Visible
100
AcDbLine
 10
1172.491351
 20
50.649122
 30
0.0
 11
1178.491351
 21
50.649122
 31
0.0
  0
LINE
  5
938
330
70
100
AcDbEntity
  8
Visible
100
AcDbLine
 10
1172.491351
 20
38.649122
 30
0.0
 11
1172.491351
 21
50.649122
 31
0.0
  0
LINE
  5
939
330
70
100
AcDbEntity
  8
Visible
100
AcDbLine
 10
1178.491351
 20
38.649122
 30
0.0
 11
1172.491351
 21
38.649122
 31
0.0
  0
LINE
  5
93A
330
70
100
AcDbEntity
  8
Visible
100
AcDbLine
 10
1178.491351
 20
26.649122
 30
0.0
 11
1178.491351
 21
38.649122
 31
0.0
  0
LINE
  5
93B
330
70
100
AcDbEntity
  8
Visible
100
AcDbLine
 10
1172.491351
 20
26.649122
 30
0.0
 11
1178.491351
 21
26.649122
 31
0.0
  0
LINE
  5
93C
330
70
100
AcDbEntity
  8
Visible
100
AcDbLine
 10
1172.491351
 20
12.649122
 30
0.0
 11
1172.491351
 21
26.649122
 31
0.0
  0
LINE
  5
93D
330
70
100
AcDbEntity
  8
Visible
100
AcDbLine
 10
1159.491351
 20
12.649122
 30
0.0
 11
1172.491351
 21
12.649122
 31
0.0
  0
LINE
  5
93E
330
70
100
AcDbEntity
  8
Visible
100
AcDbLine
 10
1159.491351
 20
6.649122
 30
0.0
 11
1159.491351
 21
12.649122
 31
0.0
  0
LINE
  5
93F
330
70
100
AcDbEntity
  8
Visible
100
AcDbLine
 10
1147.491351
 20
6.649122
 30
0.0
 11
1159.491351
 21
6.649122
 31
0.0
  0
LINE
  5
940
330
70
100
AcDbEntity
  8
Visible
100
AcDbLine
 10
1147.491351
 20
12.649122
 30
0.0
 11
1147.491351
 21
6.649122
 31
0.0
  0
LINE
  5
941
330
70
100
AcDbEntity
  8
Visible
100
AcDbLine
 10
1135.491351
 20
12.649122
 30
0.0
 11
1147.491351
 21
12.649122
 31
0.0
  0
LINE
  5
942
330
70
100
AcDbEntity
  8
Visible
100
AcDbLine
 10
1135.491351
 20
6.649122
 30
0.0
 11
1135.491351
 21
12.649122
 31
0.0
  0
LINE
  5
943
330
70
100
AcDbEntity
  8
Visible
100
AcDbLine
 10
1123.491351
 20
6.649122
 30
0.0
 11
1135.491351
 21
6.649122
 31
0.0
  0
LINE
  5
944
330
70
100
AcDbEntity
  8
Visible
100
AcDbLine
 10
1123.491351
 20
12.649122
 30
0.0
 11
1123.491351
 21
6.649122
 31
0.0
  0
LINE
  5
945
330
70
100
AcDbEntity
  8
Visible
100
AcDbLine
 10
1111.491351
 20
12.649122
 30
0.0
 11
1123.491351
 21
12.649122
 31
0.0
  0
LINE
  5
946
330
70
100
AcDbEntity
  8
Visible
100
AcDbLine
 10
1111.491351
 20
6.649122
 30
0.0
 11
1111.491351
 21
12.649122
 31
0.0
  0
LINE
  5
947
330
70
100
AcDbEntity
  8
Visible
100
AcDbLine
 10
1099.491351
 20
6.649122
 30
0.0
 11
1111.491351
 21
6.649122
 31
0.0
  0
LINE
  5
948
330
70
100
AcDbEntity
  8
Visible
100
AcDbLine
 10
1099.491351
 20
12.649122
 30
0.0
 11
1099.491351
 21
6.649122
 31
0.0
  0
LINE
  5
949
330
70
100
AcDbEntity
  8
Visible
100
AcDbLine
 10
1087.491351
 20
12.649122
 30
0.0
 11
1099.491351
 21
12.649122
 31
0.0
  0
LINE
  5
94A
330
70
100
AcDbEntity
  8
Visible
100
AcDbLine
 10
1087.491351
 20
6.649122
 30
0.0
 11
1087.491351
 21
12.649122
 31
0.0
  0
LINE
  5
94B
330
70
100
AcDbEntity
  8
Visible
100
AcDbLine
 10
1075.491351
 20
6.649122
 30
0.0
 11
1087.491351
 21
6.649122
 31
0.0
  0
LINE
  5
94C
330
70
100
AcDbEntity
  8
Visible
100
AcDbLine
 10
1075.491351
 20
12.649122
 30
0.0
 11
1075.491351
 21
6.649122
 31
0.0
  0
LINE
  5
94D
330
70
100
AcDbEntity
  8
Visible
100
AcDbLine
 10
1063.491351
 20
12.649122
 30
0.0
 11
1075.491351
 21
12.649122
 31
0.0
  0
LINE
  5
94E
330
70
100
AcDbEntity
  8
Visible
100
AcDbLine
 10
1063.491351
 20
6.649122
 30
0.0
 11
1063.491351
 21
12.649122
 31
0.0
  0
LINE
  5
94F
330
70
100
AcDbEntity
  8
Visible
100
AcDbLine
 10
1051.491351
 20
6.649122
 30
0.0
 11
1063.491351
 21
6.649122
 31
0.0
  0
LINE
  5
950
330
70
100
AcDbEntity
  8
Visible
100
AcDbLine
 10
1051.491351
 20
12.649122
 30
0.0
 11
1051.491351
 21
6.649122
 31
0.0
  0
LINE
  5
951
330
70
100
AcDbEntity
  8
Visible
100
AcDbLine
 10
1039.491351
 20
12.649122
 30
0.0
 11
1051.491351
 21
12.649122
 31
0.0
  0
LINE
  5
952
330
70
100
AcDbEntity
  8
Visible
100
AcDbLine
 10
1039.491351
 20
6.649122
 30
0.0
 11
1039.491351
 21
12.649122
 31
0.0
  0
LINE
  5
953
330
70
100
AcDbEntity
  8
Visible
100
AcDbLine
 10
1027.491351
 20
6.649122
 30
0.0
 11
1039.491351
 21
6.649122
 31
0.0
  0
LINE
  5
954
330
70
100
AcDbEntity
  8
Visible
100
AcDbLine
 10
1027.491351
 20
12.649122
 30
0.0
 11
1027.491351
 21
6.649122
 31
0.0
  0
LINE
  5
955
330
70
100
AcDbEntity
  8
Visible
100
AcDbLine
 10
1015.491351
 20
12.649122
 30
0.0
 11
1027.491351
 21
12.649122
 31
0.0
  0
LINE
  5
956
330
70
100
AcDbEntity
  8
Visible
100
AcDbLine
 10
1015.491351
 20
6.649122
 30
0.0
 11
1015.491351
 21
12.649122
 31
0.0
  0
LINE
  5
957
330
70
100
AcDbEntity
  8
Visible
100
AcDbLine
 10
1003.491351
 20
6.649122
 30
0.0
 11
1015.491351
 21
6.649122
 31
0.0
  0
LINE
  5
958
330
70
100
AcDbEntity
  8
Visible
100
AcDbLine
 10
1003.491351
 20
12.649122
 30
0.0
 11
1003.491351
 21
6.649122
 31
0.0
  0
LINE
  5
959
330
70
100
AcDbEntity
  8
Visible
100
AcDbLine
 10
991.491351
 20
12.649122
 30
0.0
 11
1003.491351
 21
12.649122
 31
0.0
  0
LINE
  5
95A
330
70
100
AcDbEntity
  8
Visible
100
AcDbLine
 10
991.491351
 20
6.649122
 30
0.0
 11
991.491351
 21
12.649122
 31
0.0
  0
LINE
  5
95B
330
70
100
AcDbEntity
  8
Visible
100
AcDbLine
 10
979.491351
 20
6.649122
 30
0.0
 11
991.491351
 21
6.649122
 31
0.0
  0
LINE
  5
95C
330
70
100
AcDbEntity
  8
Visible
100
AcDbLine
 10
979.491351
 20
12.649122
 30
0.0
 11
979.491351
 21
6.649122
 31
0.0
  0
LINE
  5
95D
330
70
100
AcDbEntity
  8
Visible
100
AcDbLine
 10
967.491351
 20
12.649122
 30
0.0
 11
979.491351
 21
12.649122
 31
0.0
  0
LINE
  5
95E
330
70
100
AcDbEntity
  8
Visible
100
AcDbLine
 10
967.491351
 20
6.649122
 30
0.0
 11
967.491351
 21
12.649122
 31
0.0
  0
LINE
  5
95F
330
70
100
AcDbEntity
  8
Visible
100
AcDbLine
 10
955.491351
 20
6.649122
 30
0.0
 11
967.491351
 21
6.649122
 31
0.0
  0
LINE
  5
960
330
70
100
AcDbEntity
  8
Visible
100
AcDbLine
 10
955.491351
 20
12.649122
 30
0.0
 11
955.491351
 21
6.649122
 31
0.0
  0
LINE
  5
961
330
70
100
AcDbEntity
  8
Visible
100
AcDbLine
 10
943.491351
 20
12.649122
 30
0.0
 11
955.491351
 21
12.649122
 31
0.0
  0
LINE
  5
962
330
70
100
AcDbEntity
  8
Visible
100
AcDbLine
 10
943.491351
 20
6.649122
 30
0.0
 11
943.491351
 21
12.649122
 31
0.0
  0
LINE
  5
963
330
70
100
AcDbEntity
  8
Visible
100
AcDbLine
 10
931.491351
 20
6.649122
 30
0.0
 11
943.491351
 21
6.649122
 31
0.0
  0
LINE
  5
964
330
70
100
AcDbEntity
  8
Visible
100
AcDbLine
 10
931.491351
 20
12.649122
 30
0.0
 11
931.491351
 21
6.649122
 31
0.0
  0
LINE
  5
965
330
70
100
AcDbEntity
  8
Visible
100
AcDbLine
 10
919.491351
 20
12.649122
 30
0.0
 11
931.491351
 21
12.649122
 31
0.0
  0
LINE
  5
966
330
70
100
AcDbEntity
  8
Visible
100
AcDbLine
 10
919.491351
 20
6.649122
 30
0.0
 11
919.491351
 21
12.649122
 31
0.0
  0
LINE
  5
967
330
70
100
AcDbEntity
  8
Visible
100
AcDbLine
 10
907.491351
 20
6.649122
 30
0.0
 11
919.491351
 21
6.649122
 31
0.0
  0
LINE
  5
968
330
70
100
AcDbEntity
  8
Visible
100
AcDbLine
 10
907.491351
 20
12.649122
 30
0.0
 11
907.491351
 21
6.649122
 31
0.0
  0
LINE
  5
969
330
70
100
AcDbEntity
  8
Visible
100
AcDbLine
 10
895.491351
 20
12.649122
 30
0.0
 11
907.491351
 21
12.649122
 31
0.0
  0
LINE
  5
96A
330
70
100
AcDbEntity
  8
Visible
100
AcDbLine
 10
895.491351
 20
6.649122
 30
0.0
 11
895.491351
 21
12.649122
 31
0.0
  0
LINE
  5
96B
330
70
100
AcDbEntity
  8
Visible
100
AcDbLine
 10
883.491351
 20
6.649122
 30
0.0
 11
895.491351
 21
6.649122
 31
0.0
  0
LINE
  5
96C
330
70
100
AcDbEntity
  8
Visible
100
AcDbLine
 10
883.491351
 20
12.649122
 30
0.0
 11
883.491351
 21
6.649122
 31
0.0
  0
LINE
  5
96D
330
70
100
AcDbEntity
  8
Visible
100
AcDbLine
 10
871.491351
 20
12.649122
 30
0.0
 11
883.491351
 21
12.649122
 31
0.0
  0
LINE
  5
96E
330
70
100
AcDbEntity
  8
Visible
100
AcDbLine
 10
871.491351
 20
6.649122
 30
0.0
 11
871.491351
 21
12.649122
 31
0.0
  0
LINE
  5
96F
330
70
100
AcDbEntity
  8
Visible
100
AcDbLine
 10
859.491351
 20
6.649122
 30
0.0
 11
871.491351
 21
6.649122
 31
0.0
  0
LINE
  5
970
330
70
100
AcDbEntity
  8
Visible
100
AcDbLine
 10
859.491351
 20
12.649122
 30
0.0
 11
859.491351
 21
6.649122
 31
0.0
  0
LINE
  5
971
330
70
100
AcDbEntity
  8
Visible
100
AcDbLine
 10
847.491351
 20
12.649122
 30
0.0
 11
859.491351
 21
12.649122
 31
0.0
  0
LINE
  5
972
330
70
100
AcDbEntity
  8
Visible
100
AcDbLine
 10
847.491351
 20
6.649122
 30
0.0
 11
847.491351
 21
12.649122
 31
0.0
  0
LINE
  5
973
330
70
100
AcDbEntity
  8
Visible
100
AcDbLine
 10
835.491351
 20
6.649122
 30
0.0
 11
847.491351
 21
6.649122
 31
0.0
  0
LINE
  5
974
330
70
100
AcDbEntity
  8
Visible
100
AcDbLine
 10
835.491351
 20
12.649122
 30
0.0
 11
835.491351
 21
6.649122
 31
0.0
  0
LINE
  5
975
330
70
100
AcDbEntity
  8
Visible
100
AcDbLine
 10
822.491351
 20
12.649122
 30
0.0
 11
835.491351
 21
12.649122
 31
0.0
  0
LINE
  5
976
330
70
100
AcDbEntity
  8
Visible
100
AcDbLine
 10
822.491351
 20
26.649122
 30
0.0
 11
822.491351
 21
12.649122
 31
0.0
  0
LINE
  5
977
330
70
100
AcDbEntity
  8
Visible
100
AcDbLine
 10
816.491351
 20
26.649122
 30
0.0
 11
822.491351
 21
26.649122
 31
0.0
  0
LINE
  5
978
330
70
100
AcDbEntity
  8
Visible
100
AcDbLine
 10
816.491351
 20
38.649122
 30
0.0
 11
816.491351
 21
26.649122
 31
0.0
  0
LINE
  5
979
330
70
100
AcDbEntity
  8
Visible
100
AcDbLine
 10
822.491351
 20
38.649122
 30
0.0
 11
816.491351
 21
38.649122
 31
0.0
  0
LINE
  5
97A
330
70
100
AcDbEntity
  8
Visible
100
AcDbLine
 10
822.491351
 20
50.649122
 30
0.0
 11
822.491351
 21
38.649122
 31
0.0
  0
LINE
  5
97B
330
70
100
AcDbEntity
  8
Visible
100
AcDbLine
 10
816.491351
 20
50.649122
 30
0.0
 11
822.491351
 21
50.649122
 31
0.0
  0
LINE
  5
97C
330
70
100
AcDbEntity
  8
Visible
100
AcDbLine
 10
816.491351
 20
62.649122
 30
0.0
 11
816.491351
 21
50.649122
 31
0.0
  0
LINE
  5
97D
330
70
100
AcDbEntity
  8
Visible
100
AcDbLine
 10
822.491351
 20
62.649122
 30
0.0
 11
816.491351
 21
62.649122
 31
0.0
  0
LINE
  5
97E
330
70
100
AcDbEntity
  8
Visible
100
AcDbLine
 10
822.491351
 20
74.649122
 30
0.0
 11
822.491351
 21
62.649122
 31
0.0
  0
LINE
  5
97F
330
70
100
AcDbEntity
  8
Visible
100
AcDbLine
 10
816.491351
 20
74.649122
 30
0.0
 11
822.491351
 21
74.649122
 31
0.0
  0
LINE
  5
980
330
70
100
AcDbEntity
  8
Visible
100
AcDbLine
 10
816.491351
 20
86.649122
 30
0.0
 11
816.491351
 21
74.649122
 31
0.0
  0
LINE
  5
981
330
70
100
AcDbEntity
  8
Visible
100
AcDbLine
 10
822.491351
 20
86.649122
 30
0.0
 11
816.491351
 21
86.649122
 31
0.0
  0
LINE
  5
982
330
70
100
AcDbEntity
  8
Visible
100
AcDbLine
 10
822.491351
 20
98.649122
 30
0.0
 11
822.491351
 21
86.649122
 31
0.0
  0
LINE
  5
983
330
70
100
AcDbEntity
  8
Visible
100
AcDbLine
 10
816.491351
 20
98.649122
 30
0.0
 11
822.491351
 21
98.649122
 31
0.0
  0
LINE
  5
984
330
70
100
AcDbEntity
  8
Visible
100
AcDbLine
 10
816.491351
 20
110.649122
 30
0.0
 11
816.491351
 21
98.649122
 31
0.0
  0
LINE
  5
985
330
70
100
AcDbEntity
  8
Visible
100
AcDbLine
 10
822.491351
 20
110.649122
 30
0.0
 11
816.491351
 21
110.649122
 31
0.0
  0
LINE
  5
986
330
70
100
AcDbEntity
  8
Visible
100
AcDbLine
 10
822.491351
 20
122.649122
 30
0.0
 11
822.491351
 21
110.649122
 31
0.0
  0
LINE
  5
987
330
70
100
AcDbEntity
  8
Visible
100
AcDbLine
 10
816.491351
 20
122.649122
 30
0.0
 11
822.491351
 21
122.649122
 31
0.0
  0
LINE
  5
988
330
70
100
AcDbEntity
  8
Visible
100
AcDbLine
 10
816.491351
 20
134.649122
 30
0.0
 11
816.491351
 21
122.649122
 31
0.0
  0
LINE
  5
989
330
70
100
AcDbEntity
  8
Visible
100
AcDbLine
 10
822.491351
 20
134.649122
 30
0.0
 11
816.491351
 21
134.649122
 31
0.0
  0
LINE
  5
98A
330
70
100
AcDbEntity
  8
Visible
100
AcDbLine
 10
822.491351
 20
146.649122
 30
0.0
 11
822.491351
 21
134.649122
 31
0.0
  0
LINE
  5
98B
330
70
100
AcDbEntity
  8
Visible
100
AcDbLine
 10
816.491351
 20
146.649122
 30
0.0
 11
822.491351
 21
146.649122
 31
0.0
  0
LINE
  5
98C
330
70
100
AcDbEntity
  8
Visible
100
AcDbLine
 10
816.491351
 20
158.649122
 30
0.0
 11
816.491351
 21
146.649122
 31
0.0
  0
LINE
  5
98D
330
70
100
AcDbEntity
  8
Visible
100
AcDbLine
 10
822.491351
 20
158.649122
 30
0.0
 11
816.491351
 21
158.649122
 31
0.0
  0
LINE
  5
98E
330
70
100
AcDbEntity
  8
Visible
100
AcDbLine
 10
822.491351
 20
170.649122
 30
0.0
 11
822.491351
 21
158.649122
 31
0.0
  0
LINE
  5
98F
330
70
100
AcDbEntity
  8
Visible
100
AcDbLine
 10
816.491351
 20
170.649122
 30
0.0
 11
822.491351
 21
170.649122
 31
0.0
  0
LINE
  5
990
330
70
100
AcDbEntity
  8
Visible
100
AcDbLine
 10
816.491351
 20
182.649122
 30
0.0
 11
816.491351
 21
170.649122
 31
0.0
  0
LINE
  5
991
330
70
100
AcDbEntity
  8
Visible
100
AcDbLine
 10
822.491351
 20
182.649122
 30
0.0
 11
816.491351
 21
182.649122
 31
0.0
  0
LINE
  5
992
330
70
100
AcDbEntity
  8
Visible
100
AcDbLine
 10
822.491351
 20
194.649122
 30
0.0
 11
822.491351
 21
182.649122
 31
0.0
  0
LINE
  5
993
330
70
100
AcDbEntity
  8
Visible
100
AcDbLine
 10
816.491351
 20
194.649122
 30
0.0
 11
822.491351
 21
194.649122
 31
0.0
  0
LINE
  5
994
330
70
100
AcDbEntity
  8
Visible
100
AcDbLine
 10
816.491351
 20
206.649122
 30
0.0
 11
816.491351
 21
194.649122
 31
0.0
  0
LINE
  5
995
330
70
100
AcDbEntity
  8
Visible
100
AcDbLine
 10
822.491351
 20
206.649122
 30
0.0
 11
816.491351
 21
206.649122
 31
0.0
  0
LINE
  5
996
330
70
100
AcDbEntity
  8
Visible
100
AcDbLine
 10
822.491351
 20
218.649122
 30
0.0
 11
822.491351
 21
206.649122
 31
0.0
  0
LINE
  5
997
330
70
100
AcDbEntity
  8
Visible
100
AcDbLine
 10
816.491351
 20
218.649122
 30
0.0
 11
822.491351
 21
218.649122
 31
0.0
  0
LINE
  5
998
330
70
100
AcDbEntity
  8
Visible
100
AcDbLine
 10
816.491351
 20
230.649122
 30
0.0
 11
816.491351
 21
218.649122
 31
0.0
  0
LINE
  5
999
330
70
100
AcDbEntity
  8
Visible
100
AcDbLine
 10
822.491351
 20
230.649122
 30
0.0
 11
816.491351
 21
230.649122
 31
0.0
  0
LINE
  5
99A
330
70
100
AcDbEntity
  8
Visible
100
AcDbLine
 10
822.491351
 20
242.649122
 30
0.0
 11
822.491351
 21
230.649122
 31
0.0
  0
LINE
  5
99B
330
70
100
AcDbEntity
  8
Visible
100
AcDbLine
 10
816.491351
 20
242.649122
 30
0.0
 11
822.491351
 21
242.649122
 31
0.0
  0
LINE
  5
99C
330
70
100
AcDbEntity
  8
Visible
100
AcDbLine
 10
816.491351
 20
254.649122
 30
0.0
 11
816.491351
 21
242.649122
 31
0.0
  0
LINE
  5
99D
330
70
100
AcDbEntity
  8
Visible
100
AcDbLine
 10
822.491351
 20
254.649122
 30
0.0
 11
816.491351
 21
254.649122
 31
0.0
  0
LINE
  5
99E
330
70
100
AcDbEntity
  8
Visible
100
AcDbLine
 10
822.491351
 20
266.649122
 30
0.0
 11
822.491351
 21
254.649122
 31
0.0
  0
LINE
  5
99F
330
70
100
AcDbEntity
  8
Visible
100
AcDbLine
 10
816.491351
 20
266.649122
 30
0.0
 11
822.491351
 21
266.649122
 31
0.0
  0
LINE
  5
9A0
330
70
100
AcDbEntity
  8
Visible
100
AcDbLine
 10
816.491351
 20
278.649122
 30
0.0
 11
816.491351
 21
266.649122
 31
0.0
  0
LINE
  5
9A1
330
70
100
AcDbEntity
  8
Visible
100
AcDbLine
 10
822.491351
 20
278.649122
 30
0.0
 11
816.491351
 21
278.649122
 31
0.0
  0
LINE
  5
9A2
330
70
100
AcDbEntity
  8
Visible
100
AcDbLine
 10
822.491351
 20
290.649122
 30
0.0
 11
822.491351
 21
278.649122
 31
0.0
  0
LINE
  5
9A3
330
70
100
AcDbEntity
  8
Visible
100
AcDbLine
 10
816.491351
 20
290.649122
 30
0.0
 11
822.491351
 21
290.649122
 31
0.0
  0
LINE
  5
9A4
330
70
100
AcDbEntity
  8
Visible
100
AcDbLine
 10
816.491351
 20
302.649122
 30
0.0
 11
816.491351
 21
290.649122
 31
0.0
  0
LINE
  5
9A5
330
70
100
AcDbEntity
  8
Visible
100
AcDbLine
 10
822.491351
 20
302.649122
 30
0.0
 11
816.491351
 21
302.649122
 31
0.0
  0
LINE
  5
9A6
330
70
100
AcDbEntity
  8
Visible
100
AcDbLine
 10
822.491351
 20
314.649122
 30
0.0
 11
822.491351
 21
302.649122
 31
0.0
  0
LINE
  5
9A7
330
70
100
AcDbEntity
  8
Visible
100
AcDbLine
 10
816.491351
 20
314.649122
 30
0.0
 11
822.491351
 21
314.649122
 31
0.0
  0
LINE
  5
9A8
330
70
100
AcDbEntity
  8
Visible
100
AcDbLine
 10
816.491351
 20
326.649122
 30
0.0
 11
816.491351
 21
314.649122
 31
0.0
  0
LINE
  5
9A9
330
70
100
AcDbEntity
  8
Visible
100
AcDbLine
 10
822.491351
 20
326.649122
 30
0.0
 11
816.491351
 21
326.649122
 31
0.0
  0
LINE
  5
9AA
330
70
100
AcDbEntity
  8
Visible
100
AcDbLine
 10
822.491351
 20
338.649122
 30
0.0
 11
822.491351
 21
326.649122
 31
0.0
  0
LINE
  5
9AB
330
70
100
AcDbEntity
  8
Visible
100
AcDbLine
 10
816.491351
 20
338.649122
 30
0.0
 11
822.491351
 21
338.649122
 31
0.0
  0
LINE
  5
9AC
330
70
100
AcDbEntity
  8
Visible
100
AcDbLine
 10
816.491351
 20
350.649122
 30
0.0
 11
816.491351
 21
338.649122
 31
0.0
  0
LINE
  5
9AD
330
70
100
AcDbEntity
  8
Visible
100
AcDbLine
 10
822.491351
 20
350.649122
 30
0.0
 11
816.491351
 21
350.649122
 31
0.0
  0
LINE
  5
9AE
330
70
100
AcDbEntity
  8
Visible
100
AcDbLine
 10
822.491351
 20
362.649122
 30
0.0
 11
822.491351
 21
350.649122
 31
0.0
  0
LINE
  5
9AF
330
70
100
AcDbEntity
  8
Visible
100
AcDbLine
 10
816.491351
 20
362.649122
 30
0.0
 11
822.491351
 21
362.649122
 31
0.0
  0
LINE
  5
9B0
330
70
100
AcDbEntity
  8
Visible
100
AcDbLine
 10
816.491351
 20
374.649122
 30
0.0
 11
816.491351
 21
362.649122
 31
0.0
  0
LINE
  5
9B1
330
70
100
AcDbEntity
  8
Visible
100
AcDbLine
 10
822.491351
 20
374.649122
 30
0.0
 11
816.491351
 21
374.649122
 31
0.0
  0
LINE
  5
9B2
330
70
100
AcDbEntity
  8
Visible
100
AcDbLine
 10
822.491351
 20
386.649122
 30
0.0
 11
822.491351
 21
374.649122
 31
0.0
  0
LINE
  5
9B3
330
70
100
AcDbEntity
  8
Visible
100
AcDbLine
 10
816.491351
 20
386.649122
 30
0.0
 11
822.491351
 21
386.649122
 31
0.0
  0
LINE
  5
9B4
330
70
100
AcDbEntity
  8
Visible
100
AcDbLine
 10
816.491351
 20
398.649122
 30
0.0
 11
816.491351
 21
386.649122
 31
0.0
  0
LINE
  5
9B5
330
70
100
AcDbEntity
  8
Visible
100
AcDbLine
 10
822.491351
 20
398.649122
 30
0.0
 11
816.491351
 21
398.649122
 31
0.0
  0
LINE
  5
9B6
330
70
100
AcDbEntity
  8
Visible
100
AcDbLine
 10
822.491351
 20
412.649122
 30
0.0
 11
822.491351
 21
398.649122
 31
0.0
  0
LINE
  5
9B7
330
70
100
AcDbEntity
  8
Visible
100
AcDbLine
 10
835.491351
 20
412.649122
 30
0.0
 11
822.491351
 21
412.649122
 31
0.0
  0
LINE
  5
9B8
330
70
100
AcDbEntity
  8
Visible
100
AcDbLine
 10
507.464926
 20
324.651975
 30
0.0
 11
507.464926
 21
330.651975
 31
0.0
  0
LINE
  5
9B9
330
70
100
AcDbEntity
  8
Visible
100
AcDbLine
 10
507.464926
 20
330.651975
 30
0.0
 11
707.464926
 21
330.651975
 31
0.0
  0
LINE
  5
9BA
330
70
100
AcDbEntity
  8
Visible
100
AcDbLine
 10
707.464926
 20
330.651975
 30
0.0
 11
707.464926
 21
324.651975
 31
0.0
  0
LINE
  5
9BB
330
70
100
AcDbEntity
  8
Visible
100
AcDbLine
 10
707.464926
 20
324.651975
 30
0.0
 11
507.464926
 21
324.651975
 31
0.0
  0
LINE
  5
9BC
330
70
100
AcDbEntity
  8
Visible
100
AcDbLine
 10
421.491351
 20
427.649122
 30
0.0
 11
421.491351
 21
433.649122
 31
0.0
  0
LINE
  5
9BD
330
70
100
AcDbEntity
  8
Visible
100
AcDbLine
 10
433.491351
 20
427.649122
 30
0.0
 11
421.491351
 21
427.649122
 31
0.0
  0
LINE
  5
9BE
330
70
100
AcDbEntity
  8
Visible
100
AcDbLine
 10
433.491351
 20
433.649122
 30
0.0
 11
433.491351
 21
427.649122
 31
0.0
  0
LINE
  5
9BF
330
70
100
AcDbEntity
  8
Visible
100
AcDbLine
 10
445.491351
 20
433.649122
 30
0.0
 11
433.491351
 21
433.649122
 31
0.0
  0
LINE
  5
9C0
330
70
100
AcDbEntity
  8
Visible
100
AcDbLine
 10
445.491351
 20
427.649122
 30
0.0
 11
445.491351
 21
433.649122
 31
0.0
  0
LINE
  5
9C1
330
70
100
AcDbEntity
  8
Visible
100
AcDbLine
 10
457.491351
 20
427.649122
 30
0.0
 11
445.491351
 21
427.649122
 31
0.0
  0
LINE
  5
9C2
330
70
100
AcDbEntity
  8
Visible
100
AcDbLine
 10
457.491351
 20
433.649122
 30
0.0
 11
457.491351
 21
427.649122
 31
0.0
  0
LINE
  5
9C3
330
70
100
AcDbEntity
  8
Visible
100
AcDbLine
 10
469.491351
 20
433.649122
 30
0.0
 11
457.491351
 21
433.649122
 31
0.0
  0
LINE
  5
9C4
330
70
100
AcDbEntity
  8
Visible
100
AcDbLine
 10
469.491351
 20
427.649122
 30
0.0
 11
469.491351
 21
433.649122
 31
0.0
  0
LINE
  5
9C5
330
70
100
AcDbEntity
  8
Visible
100
AcDbLine
 10
481.491351
 20
427.649122
 30
0.0
 11
469.491351
 21
427.649122
 31
0.0
  0
LINE
  5
9C6
330
70
100
AcDbEntity
  8
Visible
100
AcDbLine
 10
481.491351
 20
433.649122
 30
0.0
 11
481.491351
 21
427.649122
 31
0.0
  0
LINE
  5
9C7
330
70
100
AcDbEntity
  8
Visible
100
AcDbLine
 10
493.491351
 20
433.649122
 30
0.0
 11
481.491351
 21
433.649122
 31
0.0
  0
LINE
  5
9C8
330
70
100
AcDbEntity
  8
Visible
100
AcDbLine
 10
493.491351
 20
427.649122
 30
0.0
 11
493.491351
 21
433.649122
 31
0.0
  0
LINE
  5
9C9
330
70
100
AcDbEntity
  8
Visible
100
AcDbLine
 10
505.491351
 20
427.649122
 30
0.0
 11
493.491351
 21
427.649122
 31
0.0
  0
LINE
  5
9CA
330
70
100
AcDbEntity
  8
Visible
100
AcDbLine
 10
505.491351
 20
433.649122
 30
0.0
 11
505.491351
 21
427.649122
 31
0.0
  0
LINE
  5
9CB
330
70
100
AcDbEntity
  8
Visible
100
AcDbLine
 10
517.491351
 20
433.649122
 30
0.0
 11
505.491351
 21
433.649122
 31
0.0
  0
LINE
  5
9CC
330
70
100
AcDbEntity
  8
Visible
100
AcDbLine
 10
517.491351
 20
427.649122
 30
0.0
 11
517.491351
 21
433.649122
 31
0.0
  0
LINE
  5
9CD
330
70
100
AcDbEntity
  8
Visible
100
AcDbLine
 10
529.491351
 20
427.649122
 30
0.0
 11
517.491351
 21
427.649122
 31
0.0
  0
LINE
  5
9CE
330
70
100
AcDbEntity
  8
Visible
100
AcDbLine
 10
529.491351
 20
433.649122
 30
0.0
 11
529.491351
 21
427.649122
 31
0.0
  0
LINE
  5
9CF
330
70
100
AcDbEntity
  8
Visible
100
AcDbLine
 10
541.491351
 20
433.649122
 30
0.0
 11
529.491351
 21
433.649122
 31
0.0
  0
LINE
  5
9D0
330
70
100
AcDbEntity
  8
Visible
100
AcDbLine
 10
541.491351
 20
427.649122
 30
0.0
 11
541.491351
 21
433.649122
 31
0.0
  0
LINE
  5
9D1
330
70
100
AcDbEntity
  8
Visible
100
AcDbLine
 10
553.491351
 20
427.649122
 30
0.0
 11
541.491351
 21
427.649122
 31
0.0
  0
LINE
  5
9D2
330
70
100
AcDbEntity
  8
Visible
100
AcDbLine
 10
553.491351
 20
433.649122
 30
0.0
 11
553.491351
 21
427.649122
 31
0.0
  0
LINE
  5
9D3
330
70
100
AcDbEntity
  8
Visible
100
AcDbLine
 10
565.491351
 20
433.649122
 30
0.0
 11
553.491351
 21
433.649122
 31
0.0
  0
LINE
  5
9D4
330
70
100
AcDbEntity
  8
Visible
100
AcDbLine
 10
565.491351
 20
427.649122
 30
0.0
 11
565.491351
 21
433.649122
 31
0.0
  0
LINE
  5
9D5
330
70
100
AcDbEntity
  8
Visible
100
AcDbLine
 10
577.491351
 20
427.649122
 30
0.0
 11
565.491351
 21
427.649122
 31
0.0
  0
LINE
  5
9D6
330
70
100
AcDbEntity
  8
Visible
100
AcDbLine
 10
577.491351
 20
433.649122
 30
0.0
 11
577.491351
 21
427.649122
 31
0.0
  0
LINE
  5
9D7
330
70
100
AcDbEntity
  8
Visible
100
AcDbLine
 10
589.491351
 20
433.649122
 30
0.0
 11
577.491351
 21
433.649122
 31
0.0
  0
LINE
  5
9D8
330
70
100
AcDbEntity
  8
Visible
100
AcDbLine
 10
589.491351
 20
427.649122
 30
0.0
 11
589.491351
 21
433.649122
 31
0.0
  0
LINE
  5
9D9
330
70
100
AcDbEntity
  8
Visible
100
AcDbLine
 10
601.491351
 20
427.649122
 30
0.0
 11
589.491351
 21
427.649122
 31
0.0
  0
LINE
  5
9DA
330
70
100
AcDbEntity
  8
Visible
100
AcDbLine
 10
601.491351
 20
433.649122
 30
0.0
 11
601.491351
 21
427.649122
 31
0.0
  0
LINE
  5
9DB
330
70
100
AcDbEntity
  8
Visible
100
AcDbLine
 10
613.491351
 20
433.649122
 30
0.0
 11
601.491351
 21
433.649122
 31
0.0
  0
LINE
  5
9DC
330
70
100
AcDbEntity
  8
Visible
100
AcDbLine
 10
613.491351
 20
427.649122
 30
0.0
 11
613.491351
 21
433.649122
 31
0.0
  0
LINE
  5
9DD
330
70
100
AcDbEntity
  8
Visible
100
AcDbLine
 10
625.491351
 20
427.649122
 30
0.0
 11
613.491351
 21
427.649122
 31
0.0
  0
LINE
  5
9DE
330
70
100
AcDbEntity
  8
Visible
100
AcDbLine
 10
625.491351
 20
433.649122
 30
0.0
 11
625.491351
 21
427.649122
 31
0.0
  0
LINE
  5
9DF
330
70
100
AcDbEntity
  8
Visible
100
AcDbLine
 10
637.491351
 20
433.649122
 30
0.0
 11
625.491351
 21
433.649122
 31
0.0
  0
LINE
  5
9E0
330
70
100
AcDbEntity
  8
Visible
100
AcDbLine
 10
637.491351
 20
427.649122
 30
0.0
 11
637.491351
 21
433.649122
 31
0.0
  0
LINE
  5
9E1
330
70
100
AcDbEntity
  8
Visible
100
AcDbLine
 10
649.491351
 20
427.649122
 30
0.0
 11
637.491351
 21
427.649122
 31
0.0
  0
LINE
  5
9E2
330
70
100
AcDbEntity
  8
Visible
100
AcDbLine
 10
649.491351
 20
433.649122
 30
0.0
 11
649.491351
 21
427.649122
 31
0.0
  0
LINE
  5
9E3
330
70
100
AcDbEntity
  8
Visible
100
AcDbLine
 10
661.491351
 20
433.649122
 30
0.0
 11
649.491351
 21
433.649122
 31
0.0
  0
LINE
  5
9E4
330
70
100
AcDbEntity
  8
Visible
100
AcDbLine
 10
661.491351
 20
427.649122
 30
0.0
 11
661.491351
 21
433.649122
 31
0.0
  0
LINE
  5
9E5
330
70
100
AcDbEntity
  8
Visible
100
AcDbLine
 10
673.491351
 20
427.649122
 30
0.0
 11
661.491351
 21
427.649122
 31
0.0
  0
LINE
  5
9E6
330
70
100
AcDbEntity
  8
Visible
100
AcDbLine
 10
673.491351
 20
433.649122
 30
0.0
 11
673.491351
 21
427.649122
 31
0.0
  0
LINE
  5
9E7
330
70
100
AcDbEntity
  8
Visible
100
AcDbLine
 10
685.491351
 20
433.649122
 30
0.0
 11
673.491351
 21
433.649122
 31
0.0
  0
LINE
  5
9E8
330
70
100
AcDbEntity
  8
Visible
100
AcDbLine
 10
685.491351
 20
427.649122
 30
0.0
 11
685.491351
 21
433.649122
 31
0.0
  0
LINE
  5
9E9
330
70
100
AcDbEntity
  8
Visible
100
AcDbLine
 10
697.491351
 20
427.649122
 30
0.0
 11
685.491351
 21
427.649122
 31
0.0
  0
LINE
  5
9EA
330
70
100
AcDbEntity
  8
Visible
100
AcDbLine
 10
697.491351
 20
433.649122
 30
0.0
 11
697.491351
 21
427.649122
 31
0.0
  0
LINE
  5
9EB
330
70
100
AcDbEntity
  8
Visible
100
AcDbLine
 10
709.491351
 20
433.649122
 30
0.0
 11
697.491351
 21
433.649122
 31
0.0
  0
LINE
  5
9EC
330
70
100
AcDbEntity
  8
Visible
100
AcDbLine
 10
709.491351
 20
427.649122
 30
0.0
 11
709.491351
 21
433.649122
 31
0.0
  0
LINE
  5
9ED
330
70
100
AcDbEntity
  8
Visible
100
AcDbLine
 10
721.491351
 20
427.649122
 30
0.0
 11
709.491351
 21
427.649122
 31
0.0
  0
LINE
  5
9EE
330
70
100
AcDbEntity
  8
Visible
100
AcDbLine
 10
721.491351
 20
433.649122
 30
0.0
 11
721.491351
 21
427.649122
 31
0.0
  0
LINE
  5
9EF
330
70
100
AcDbEntity
  8
Visible
100
AcDbLine
 10
733.491351
 20
433.649122
 30
0.0
 11
721.491351
 21
433.649122
 31
0.0
  0
LINE
  5
9F0
330
70
100
AcDbEntity
  8
Visible
100
AcDbLine
 10
733.491351
 20
427.649122
 30
0.0
 11
733.491351
 21
433.649122
 31
0.0
  0
LINE
  5
9F1
330
70
100
AcDbEntity
  8
Visible
100
AcDbLine
 10
745.491351
 20
427.649122
 30
0.0
 11
733.491351
 21
427.649122
 31
0.0
  0
LINE
  5
9F2
330
70
100
AcDbEntity
  8
Visible
100
AcDbLine
 10
745.491351
 20
433.649122
 30
0.0
 11
745.491351
 21
427.649122
 31
0.0
  0
LINE
  5
9F3
330
70
100
AcDbEntity
  8
Visible
100
AcDbLine
 10
757.491351
 20
433.649122
 30
0.0
 11
745.491351
 21
433.649122
 31
0.0
  0
LINE
  5
9F4
330
70
100
AcDbEntity
  8
Visible
100
AcDbLine
 10
757.491351
 20
427.649122
 30
0.0
 11
757.491351
 21
433.649122
 31
0.0
  0
LINE
  5
9F5
330
70
100
AcDbEntity
  8
Visible
100
AcDbLine
 10
769.491351
 20
427.649122
 30
0.0
 11
757.491351
 21
427.649122
 31
0.0
  0
LINE
  5
9F6
330
70
100
AcDbEntity
  8
Visible
100
AcDbLine
 10
769.491351
 20
433.649122
 30
0.0
 11
769.491351
 21
427.649122
 31
0.0
  0
LINE
  5
9F7
330
70
100
AcDbEntity
  8
Visible
100
AcDbLine
 10
781.491351
 20
433.649122
 30
0.0
 11
769.491351
 21
433.649122
 31
0.0
  0
LINE
  5
9F8
330
70
100
AcDbEntity
  8
Visible
100
AcDbLine
 10
781.491351
 20
427.649122
 30
0.0
 11
781.491351
 21
433.649122
 31
0.0
  0
LINE
  5
9F9
330
70
100
AcDbEntity
  8
Visible
100
AcDbLine
 10
793.491351
 20
427.649122
 30
0.0
 11
781.491351
 21
427.649122
 31
0.0
  0
LINE
  5
9FA
330
70
100
AcDbEntity
  8
Visible
100
AcDbLine
 10
793.491351
 20
433.649122
 30
0.0
 11
793.491351
 21
427.649122
 31
0.0
  0
LINE
  5
9FB
330
70
100
AcDbEntity
  8
Visible
100
AcDbLine
 10
807.491351
 20
433.649122
 30
0.0
 11
793.491351
 21
433.649122
 31
0.0
  0
LINE
  5
9FC
330
70
100
AcDbEntity
  8
Visible
100
AcDbLine
 10
807.491351
 20
417.649122
 30
0.0
 11
807.491351
 21
433.649122
 31
0.0
  0
LINE
  5
9FD
330
70
100
AcDbEntity
  8
Visible
100
AcDbLine
 10
813.491351
 20
417.649122
 30
0.0
 11
807.491351
 21
417.649122
 31
0.0
  0
LINE
  5
9FE
330
70
100
AcDbEntity
  8
Visible
100
AcDbLine
 10
813.491351
 20
405.649122
 30
0.0
 11
813.491351
 21
417.649122
 31
0.0
  0
LINE
  5
9FF
330
70
100
AcDbEntity
  8
Visible
100
AcDbLine
 10
807.491351
 20
405.649122
 30
0.0
 11
813.491351
 21
405.649122
 31
0.0
  0
LINE
  5
A00
330
70
100
AcDbEntity
  8
Visible
100
AcDbLine
 10
807.491351
 20
393.649122
 30
0.0
 11
807.491351
 21
405.649122
 31
0.0
  0
LINE
  5
A01
330
70
100
AcDbEntity
  8
Visible
100
AcDbLine
 10
813.491351
 20
393.649122
 30
0.0
 11
807.491351
 21
393.649122
 31
0.0
  0
LINE
  5
A02
330
70
100
AcDbEntity
  8
Visible
100
AcDbLine
 10
813.491351
 20
381.649122
 30
0.0
 11
813.491351
 21
393.649122
 31
0.0
  0
LINE
  5
A03
330
70
100
AcDbEntity
  8
Visible
100
AcDbLine
 10
807.491351
 20
381.649122
 30
0.0
 11
813.491351
 21
381.649122
 31
0.0
  0
LINE
  5
A04
330
70
100
AcDbEntity
  8
Visible
100
AcDbLine
 10
807.491351
 20
369.649122
 30
0.0
 11
807.491351
 21
381.649122
 31
0.0
  0
LINE
  5
A05
330
70
100
AcDbEntity
  8
Visible
100
AcDbLine
 10
813.491351
 20
369.649122
 30
0.0
 11
807.491351
 21
369.649122
 31
0.0
  0
LINE
  5
A06
330
70
100
AcDbEntity
  8
Visible
100
AcDbLine
 10
813.491351
 20
357.649122
 30
0.0
 11
813.491351
 21
369.649122
 31
0.0
  0
LINE
  5
A07
330
70
100
AcDbEntity
  8
Visible
100
AcDbLine
 10
807.491351
 20
357.649122
 30
0.0
 11
813.491351
 21
357.649122
 31
0.0
  0
LINE
  5
A08
330
70
100
AcDbEntity
  8
Visible
100
AcDbLine
 10
807.491351
 20
345.649122
 30
0.0
 11
807.491351
 21
357.649122
 31
0.0
  0
LINE
  5
A09
330
70
100
AcDbEntity
  8
Visible
100
AcDbLine
 10
813.491351
 20
345.649122
 30
0.0
 11
807.491351
 21
345.649122
 31
0.0
  0
LINE
  5
A0A
330
70
100
AcDbEntity
  8
Visible
100
AcDbLine
 10
813.491351
 20
333.649122
 30
0.0
 11
813.491351
 21
345.649122
 31
0.0
  0
LINE
  5
A0B
330
70
100
AcDbEntity
  8
Visible
100
AcDbLine
 10
807.491351
 20
333.649122
 30
0.0
 11
813.491351
 21
333.649122
 31
0.0
  0
LINE
  5
A0C
330
70
100
AcDbEntity
  8
Visible
100
AcDbLine
 10
807.491351
 20
321.649122
 30
0.0
 11
807.491351
 21
333.649122
 31
0.0
  0
LINE
  5
A0D
330
70
100
AcDbEntity
  8
Visible
100
AcDbLine
 10
813.491351
 20
321.649122
 30
0.0
 11
807.491351
 21
321.649122
 31
0.0
  0
LINE
  5
A0E
330
70
100
AcDbEntity
  8
Visible
100
AcDbLine
 10
813.491351
 20
309.649122
 30
0.0
 11
813.491351
 21
321.649122
 31
0.0
  0
LINE
  5
A0F
330
70
100
AcDbEntity
  8
Visible
100
AcDbLine
 10
807.491351
 20
309.649122
 30
0.0
 11
813.491351
 21
309.649122
 31
0.0
  0
LINE
  5
A10
330
70
100
AcDbEntity
  8
Visible
100
AcDbLine
 10
807.491351
 20
297.649122
 30
0.0
 11
807.491351
 21
309.649122
 31
0.0
  0
LINE
  5
A11
330
70
100
AcDbEntity
  8
Visible
100
AcDbLine
 10
813.491351
 20
297.649122
 30
0.0
 11
807.491351
 21
297.649122
 31
0.0
  0
LINE
  5
A12
330
70
100
AcDbEntity
  8
Visible
100
AcDbLine
 10
813.491351
 20
285.649122
 30
0.0
 11
813.491351
 21
297.649122
 31
0.0
  0
LINE
  5
A13
330
70
100
AcDbEntity
  8
Visible
100
AcDbLine
 10
807.491351
 20
285.649122
 30
0.0
 11
813.491351
 21
285.649122
 31
0.0
  0
LINE
  5
A14
330
70
100
AcDbEntity
  8
Visible
100
AcDbLine
 10
807.491351
 20
273.649122
 30
0.0
 11
807.491351
 21
285.649122
 31
0.0
  0
LINE
  5
A15
330
70
100
AcDbEntity
  8
Visible
100
AcDbLine
 10
813.491351
 20
273.649122
 30
0.0
 11
807.491351
 21
273.649122
 31
0.0
  0
LINE
  5
A16
330
70
100
AcDbEntity
  8
Visible
100
AcDbLine
 10
813.491351
 20
261.649122
 30
0.0
 11
813.491351
 21
273.649122
 31
0.0
  0
LINE
  5
A17
330
70
100
AcDbEntity
  8
Visible
100
AcDbLine
 10
807.491351
 20
261.649122
 30
0.0
 11
813.491351
 21
261.649122
 31
0.0
  0
LINE
  5
A18
330
70
100
AcDbEntity
  8
Visible
100
AcDbLine
 10
807.491351
 20
249.649122
 30
0.0
 11
807.491351
 21
261.649122
 31
0.0
  0
LINE
  5
A19
330
70
100
AcDbEntity
  8
Visible
100
AcDbLine
 10
813.491351
 20
249.649122
 30
0.0
 11
807.491351
 21
249.649122
 31
0.0
  0
LINE
  5
A1A
330
70
100
AcDbEntity
  8
Visible
100
AcDbLine
 10
813.491351
 20
237.649122
 30
0.0
 11
813.491351
 21
249.649122
 31
0.0
  0
LINE
  5
A1B
330
70
100
AcDbEntity
  8
Visible
100
AcDbLine
 10
807.491351
 20
237.649122
 30
0.0
 11
813.491351
 21
237.649122
 31
0.0
  0
LINE
  5
A1C
330
70
100
AcDbEntity
  8
Visible
100
AcDbLine
 10
807.491351
 20
221.649122
 30
0.0
 11
807.491351
 21
237.649122
 31
0.0
  0
LINE
  5
A1D
330
70
100
AcDbEntity
  8
Visible
100
AcDbLine
 10
793.491351
 20
221.649122
 30
0.0
 11
807.491351
 21
221.649122
 31
0.0
  0
LINE
  5
A1E
330
70
100
AcDbEntity
  8
Visible
100
AcDbLine
 10
793.491351
 20
227.649122
 30
0.0
 11
793.491351
 21
221.649122
 31
0.0
  0
LINE
  5
A1F
330
70
100
AcDbEntity
  8
Visible
100
AcDbLine
 10
781.491351
 20
227.649122
 30
0.0
 11
793.491351
 21
227.649122
 31
0.0
  0
LINE
  5
A20
330
70
100
AcDbEntity
  8
Visible
100
AcDbLine
 10
781.491351
 20
221.649122
 30
0.0
 11
781.491351
 21
227.649122
 31
0.0
  0
LINE
  5
A21
330
70
100
AcDbEntity
  8
Visible
100
AcDbLine
 10
769.491351
 20
221.649122
 30
0.0
 11
781.491351
 21
221.649122
 31
0.0
  0
LINE
  5
A22
330
70
100
AcDbEntity
  8
Visible
100
AcDbLine
 10
769.491351
 20
227.649122
 30
0.0
 11
769.491351
 21
221.649122
 31
0.0
  0
LINE
  5
A23
330
70
100
AcDbEntity
  8
Visible
100
AcDbLine
 10
757.491351
 20
227.649122
 30
0.0
 11
769.491351
 21
227.649122
 31
0.0
  0
LINE
  5
A24
330
70
100
AcDbEntity
  8
Visible
100
AcDbLine
 10
757.491351
 20
221.649122
 30
0.0
 11
757.491351
 21
227.649122
 31
0.0
  0
LINE
  5
A25
330
70
100
AcDbEntity
  8
Visible
100
AcDbLine
 10
745.491351
 20
221.649122
 30
0.0
 11
757.491351
 21
221.649122
 31
0.0
  0
LINE
  5
A26
330
70
100
AcDbEntity
  8
Visible
100
AcDbLine
 10
745.491351
 20
227.649122
 30
0.0
 11
745.491351
 21
221.649122
 31
0.0
  0
LINE
  5
A27
330
70
100
AcDbEntity
  8
Visible
100
AcDbLine
 10
733.491351
 20
227.649122
 30
0.0
 11
745.491351
 21
227.649122
 31
0.0
  0
LINE
  5
A28
330
70
100
AcDbEntity
  8
Visible
100
AcDbLine
 10
733.491351
 20
221.649122
 30
0.0
 11
733.491351
 21
227.649122
 31
0.0
  0
LINE
  5
A29
330
70
100
AcDbEntity
  8
Visible
100
AcDbLine
 10
721.491351
 20
221.649122
 30
0.0
 11
733.491351
 21
221.649122
 31
0.0
  0
LINE
  5
A2A
330
70
100
AcDbEntity
  8
Visible
100
AcDbLine
 10
721.491351
 20
227.649122
 30
0.0
 11
721.491351
 21
221.649122
 31
0.0
  0
LINE
  5
A2B
330
70
100
AcDbEntity
  8
Visible
100
AcDbLine
 10
709.491351
 20
227.649122
 30
0.0
 11
721.491351
 21
227.649122
 31
0.0
  0
LINE
  5
A2C
330
70
100
AcDbEntity
  8
Visible
100
AcDbLine
 10
709.491351
 20
221.649122
 30
0.0
 11
709.491351
 21
227.649122
 31
0.0
  0
LINE
  5
A2D
330
70
100
AcDbEntity
  8
Visible
100
AcDbLine
 10
697.491351
 20
221.649122
 30
0.0
 11
709.491351
 21
221.649122
 31
0.0
  0
LINE
  5
A2E
330
70
100
AcDbEntity
  8
Visible
100
AcDbLine
 10
697.491351
 20
227.649122
 30
0.0
 11
697.491351
 21
221.649122
 31
0.0
  0
LINE
  5
A2F
330
70
100
AcDbEntity
  8
Visible
100
AcDbLine
 10
685.491351
 20
227.649122
 30
0.0
 11
697.491351
 21
227.649122
 31
0.0
  0
LINE
  5
A30
330
70
100
AcDbEntity
  8
Visible
100
AcDbLine
 10
685.491351
 20
221.649122
 30
0.0
 11
685.491351
 21
227.649122
 31
0.0
  0
LINE
  5
A31
330
70
100
AcDbEntity
  8
Visible
100
AcDbLine
 10
673.491351
 20
221.649122
 30
0.0
 11
685.491351
 21
221.649122
 31
0.0
  0
LINE
  5
A32
330
70
100
AcDbEntity
  8
Visible
100
AcDbLine
 10
673.491351
 20
227.649122
 30
0.0
 11
673.491351
 21
221.649122
 31
0.0
  0
LINE
  5
A33
330
70
100
AcDbEntity
  8
Visible
100
AcDbLine
 10
661.491351
 20
227.649122
 30
0.0
 11
673.491351
 21
227.649122
 31
0.0
  0
LINE
  5
A34
330
70
100
AcDbEntity
  8
Visible
100
AcDbLine
 10
661.491351
 20
221.649122
 30
0.0
 11
661.491351
 21
227.649122
 31
0.0
  0
LINE
  5
A35
330
70
100
AcDbEntity
  8
Visible
100
AcDbLine
 10
649.491351
 20
221.649122
 30
0.0
 11
661.491351
 21
221.649122
 31
0.0
  0
LINE
  5
A36
330
70
100
AcDbEntity
  8
Visible
100
AcDbLine
 10
649.491351
 20
227.649122
 30
0.0
 11
649.491351
 21
221.649122
 31
0.0
  0
LINE
  5
A37
330
70
100
AcDbEntity
  8
Visible
100
AcDbLine
 10
637.491351
 20
227.649122
 30
0.0
 11
649.491351
 21
227.649122
 31
0.0
  0
LINE
  5
A38
330
70
100
AcDbEntity
  8
Visible
100
AcDbLine
 10
637.491351
 20
221.649122
 30
0.0
 11
637.491351
 21
227.649122
 31
0.0
  0
LINE
  5
A39
330
70
100
AcDbEntity
  8
Visible
100
AcDbLine
 10
625.491351
 20
221.649122
 30
0.0
 11
637.491351
 21
221.649122
 31
0.0
  0
LINE
  5
A3A
330
70
100
AcDbEntity
  8
Visible
100
AcDbLine
 10
625.491351
 20
227.649122
 30
0.0
 11
625.491351
 21
221.649122
 31
0.0
  0
LINE
  5
A3B
330
70
100
AcDbEntity
  8
Visible
100
AcDbLine
 10
613.491351
 20
227.649122
 30
0.0
 11
625.491351
 21
227.649122
 31
0.0
  0
LINE
  5
A3C
330
70
100
AcDbEntity
  8
Visible
100
AcDbLine
 10
613.491351
 20
221.649122
 30
0.0
 11
613.491351
 21
227.649122
 31
0.0
  0
LINE
  5
A3D
330
70
100
AcDbEntity
  8
Visible
100
AcDbLine
 10
601.491351
 20
221.649122
 30
0.0
 11
613.491351
 21
221.649122
 31
0.0
  0
LINE
  5
A3E
330
70
100
AcDbEntity
  8
Visible
100
AcDbLine
 10
601.491351
 20
227.649122
 30
0.0
 11
601.491351
 21
221.649122
 31
0.0
  0
LINE
  5
A3F
330
70
100
AcDbEntity
  8
Visible
100
AcDbLine
 10
589.491351
 20
227.649122
 30
0.0
 11
601.491351
 21
227.649122
 31
0.0
  0
LINE
  5
A40
330
70
100
AcDbEntity
  8
Visible
100
AcDbLine
 10
589.491351
 20
221.649122
 30
0.0
 11
589.491351
 21
227.649122
 31
0.0
  0
LINE
  5
A41
330
70
100
AcDbEntity
  8
Visible
100
AcDbLine
 10
577.491351
 20
221.649122
 30
0.0
 11
589.491351
 21
221.649122
 31
0.0
  0
LINE
  5
A42
330
70
100
AcDbEntity
  8
Visible
100
AcDbLine
 10
577.491351
 20
227.649122
 30
0.0
 11
577.491351
 21
221.649122
 31
0.0
  0
LINE
  5
A43
330
70
100
AcDbEntity
  8
Visible
100
AcDbLine
 10
565.491351
 20
227.649122
 30
0.0
 11
577.491351
 21
227.649122
 31
0.0
  0
LINE
  5
A44
330
70
100
AcDbEntity
  8
Visible
100
AcDbLine
 10
565.491351
 20
221.649122
 30
0.0
 11
565.491351
 21
227.649122
 31
0.0
  0
LINE
  5
A45
330
70
100
AcDbEntity
  8
Visible
100
AcDbLine
 10
553.491351
 20
221.649122
 30
0.0
 11
565.491351
 21
221.649122
 31
0.0
  0
LINE
  5
A46
330
70
100
AcDbEntity
  8
Visible
100
AcDbLine
 10
553.491351
 20
227.649122
 30
0.0
 11
553.491351
 21
221.649122
 31
0.0
  0
LINE
  5
A47
330
70
100
AcDbEntity
  8
Visible
100
AcDbLine
 10
541.491351
 20
227.649122
 30
0.0
 11
553.491351
 21
227.649122
 31
0.0
  0
LINE
  5
A48
330
70
100
AcDbEntity
  8
Visible
100
AcDbLine
 10
541.491351
 20
221.649122
 30
0.0
 11
541.491351
 21
227.649122
 31
0.0
  0
LINE
  5
A49
330
70
100
AcDbEntity
  8
Visible
100
AcDbLine
 10
529.491351
 20
221.649122
 30
0.0
 11
541.491351
 21
221.649122
 31
0.0
  0
LINE
  5
A4A
330
70
100
AcDbEntity
  8
Visible
100
AcDbLine
 10
529.491351
 20
227.649122
 30
0.0
 11
529.491351
 21
221.649122
 31
0.0
  0
LINE
  5
A4B
330
70
100
AcDbEntity
  8
Visible
100
AcDbLine
 10
517.491351
 20
227.649122
 30
0.0
 11
529.491351
 21
227.649122
 31
0.0
  0
LINE
  5
A4C
330
70
100
AcDbEntity
  8
Visible
100
AcDbLine
 10
517.491351
 20
221.649122
 30
0.0
 11
517.491351
 21
227.649122
 31
0.0
  0
LINE
  5
A4D
330
70
100
AcDbEntity
  8
Visible
100
AcDbLine
 10
505.491351
 20
221.649122
 30
0.0
 11
517.491351
 21
221.649122
 31
0.0
  0
LINE
  5
A4E
330
70
100
AcDbEntity
  8
Visible
100
AcDbLine
 10
505.491351
 20
227.649122
 30
0.0
 11
505.491351
 21
221.649122
 31
0.0
  0
LINE
  5
A4F
330
70
100
AcDbEntity
  8
Visible
100
AcDbLine
 10
493.491351
 20
227.649122
 30
0.0
 11
505.491351
 21
227.649122
 31
0.0
  0
LINE
  5
A50
330
70
100
AcDbEntity
  8
Visible
100
AcDbLine
 10
493.491351
 20
221.649122
 30
0.0
 11
493.491351
 21
227.649122
 31
0.0
  0
LINE
  5
A51
330
70
100
AcDbEntity
  8
Visible
100
AcDbLine
 10
481.491351
 20
221.649122
 30
0.0
 11
493.491351
 21
221.649122
 31
0.0
  0
LINE
  5
A52
330
70
100
AcDbEntity
  8
Visible
100
AcDbLine
 10
481.491351
 20
227.649122
 30
0.0
 11
481.491351
 21
221.649122
 31
0.0
  0
LINE
  5
A53
330
70
100
AcDbEntity
  8
Visible
100
AcDbLine
 10
469.491351
 20
227.649122
 30
0.0
 11
481.491351
 21
227.649122
 31
0.0
  0
LINE
  5
A54
330
70
100
AcDbEntity
  8
Visible
100
AcDbLine
 10
469.491351
 20
221.649122
 30
0.0
 11
469.491351
 21
227.649122
 31
0.0
  0
LINE
  5
A55
330
70
100
AcDbEntity
  8
Visible
100
AcDbLine
 10
457.491351
 20
221.649122
 30
0.0
 11
469.491351
 21
221.649122
 31
0.0
  0
LINE
  5
A56
330
70
100
AcDbEntity
  8
Visible
100
AcDbLine
 10
457.491351
 20
227.649122
 30
0.0
 11
457.491351
 21
221.649122
 31
0.0
  0
LINE
  5
A57
330
70
100
AcDbEntity
  8
Visible
100
AcDbLine
 10
445.491351
 20
227.649122
 30
0.0
 11
457.491351
 21
227.649122
 31
0.0
  0
LINE
  5
A58
330
70
100
AcDbEntity
  8
Visible
100
AcDbLine
 10
445.491351
 20
221.649122
 30
0.0
 11
445.491351
 21
227.649122
 31
0.0
  0
LINE
  5
A59
330
70
100
AcDbEntity
  8
Visible
100
AcDbLine
 10
433.491351
 20
221.649122
 30
0.0
 11
445.491351
 21
221.649122
 31
0.0
  0
LINE
  5
A5A
330
70
100
AcDbEntity
  8
Visible
100
AcDbLine
 10
433.491351
 20
227.649122
 30
0.0
 11
433.491351
 21
221.649122
 31
0.0
  0
LINE
  5
A5B
330
70
100
AcDbEntity
  8
Visible
100
AcDbLine
 10
421.491351
 20
227.649122
 30
0.0
 11
433.491351
 21
227.649122
 31
0.0
  0
LINE
  5
A5C
330
70
100
AcDbEntity
  8
Visible
100
AcDbLine
 10
421.491351
 20
221.649122
 30
0.0
 11
421.491351
 21
227.649122
 31
0.0
  0
LINE
  5
A5D
330
70
100
AcDbEntity
  8
Visible
100
AcDbLine
 10
407.491351
 20
221.649122
 30
0.0
 11
421.491351
 21
221.649122
 31
0.0
  0
LINE
  5
A5E
330
70
100
AcDbEntity
  8
Visible
100
AcDbLine
 10
407.491351
 20
237.649122
 30
0.0
 11
407.491351
 21
221.649122
 31
0.0
  0
LINE
  5
A5F
330
70
100
AcDbEntity
  8
Visible
100
AcDbLine
 10
401.491351
 20
237.649122
 30
0.0
 11
407.491351
 21
237.649122
 31
0.0
  0
LINE
  5
A60
330
70
100
AcDbEntity
  8
Visible
100
AcDbLine
 10
401.491351
 20
249.649122
 30
0.0
 11
401.491351
 21
237.649122
 31
0.0
  0
LINE
  5
A61
330
70
100
AcDbEntity
  8
Visible
100
AcDbLine
 10
407.491351
 20
249.649122
 30
0.0
 11
401.491351
 21
249.649122
 31
0.0
  0
LINE
  5
A62
330
70
100
AcDbEntity
  8
Visible
100
AcDbLine
 10
407.491351
 20
261.649122
 30
0.0
 11
407.491351
 21
249.649122
 31
0.0
  0
LINE
  5
A63
330
70
100
AcDbEntity
  8
Visible
100
AcDbLine
 10
401.491351
 20
261.649122
 30
0.0
 11
407.491351
 21
261.649122
 31
0.0
  0
LINE
  5
A64
330
70
100
AcDbEntity
  8
Visible
100
AcDbLine
 10
401.491351
 20
273.649122
 30
0.0
 11
401.491351
 21
261.649122
 31
0.0
  0
LINE
  5
A65
330
70
100
AcDbEntity
  8
Visible
100
AcDbLine
 10
407.491351
 20
273.649122
 30
0.0
 11
401.491351
 21
273.649122
 31
0.0
  0
LINE
  5
A66
330
70
100
AcDbEntity
  8
Visible
100
AcDbLine
 10
407.491351
 20
285.649122
 30
0.0
 11
407.491351
 21
273.649122
 31
0.0
  0
LINE
  5
A67
330
70
100
AcDbEntity
  8
Visible
100
AcDbLine
 10
401.491351
 20
285.649122
 30
0.0
 11
407.491351
 21
285.649122
 31
0.0
  0
LINE
  5
A68
330
70
100
AcDbEntity
  8
Visible
100
AcDbLine
 10
401.491351
 20
297.649122
 30
0.0
 11
401.491351
 21
285.649122
 31
0.0
  0
LINE
  5
A69
330
70
100
AcDbEntity
  8
Visible
100
AcDbLine
 10
407.491351
 20
297.649122
 30
0.0
 11
401.491351
 21
297.649122
 31
0.0
  0
LINE
  5
A6A
330
70
100
AcDbEntity
  8
Visible
100
AcDbLine
 10
407.491351
 20
309.649122
 30
0.0
 11
407.491351
 21
297.649122
 31
0.0
  0
LINE
  5
A6B
330
70
100
AcDbEntity
  8
Visible
100
AcDbLine
 10
401.491351
 20
309.649122
 30
0.0
 11
407.491351
 21
309.649122
 31
0.0
  0
LINE
  5
A6C
330
70
100
AcDbEntity
  8
Visible
100
AcDbLine
 10
401.491351
 20
321.649122
 30
0.0
 11
401.491351
 21
309.649122
 31
0.0
  0
LINE
  5
A6D
330
70
100
AcDbEntity
  8
Visible
100
AcDbLine
 10
407.491351
 20
321.649122
 30
0.0
 11
401.491351
 21
321.649122
 31
0.0
  0
LINE
  5
A6E
330
70
100
AcDbEntity
  8
Visible
100
AcDbLine
 10
407.491351
 20
333.649122
 30
0.0
 11
407.491351
 21
321.649122
 31
0.0
  0
LINE
  5
A6F
330
70
100
AcDbEntity
  8
Visible
100
AcDbLine
 10
401.491351
 20
333.649122
 30
0.0
 11
407.491351
 21
333.649122
 31
0.0
  0
LINE
  5
A70
330
70
100
AcDbEntity
  8
Visible
100
AcDbLine
 10
401.491351
 20
345.649122
 30
0.0
 11
401.491351
 21
333.649122
 31
0.0
  0
LINE
  5
A71
330
70
100
AcDbEntity
  8
Visible
100
AcDbLine
 10
407.491351
 20
345.649122
 30
0.0
 11
401.491351
 21
345.649122
 31
0.0
  0
LINE
  5
A72
330
70
100
AcDbEntity
  8
Visible
100
AcDbLine
 10
407.491351
 20
357.649122
 30
0.0
 11
407.491351
 21
345.649122
 31
0.0
  0
LINE
  5
A73
330
70
100
AcDbEntity
  8
Visible
100
AcDbLine
 10
401.491351
 20
357.649122
 30
0.0
 11
407.491351
 21
357.649122
 31
0.0
  0
LINE
  5
A74
330
70
100
AcDbEntity
  8
Visible
100
AcDbLine
 10
401.491351
 20
369.649122
 30
0.0
 11
401.491351
 21
357.649122
 31
0.0
  0
LINE
  5
A75
330
70
100
AcDbEntity
  8
Visible
100
AcDbLine
 10
407.491351
 20
369.649122
 30
0.0
 11
401.491351
 21
369.649122
 31
0.0
  0
LINE
  5
A76
330
70
100
AcDbEntity
  8
Visible
100
AcDbLine
 10
407.491351
 20
381.649122
 30
0.0
 11
407.491351
 21
369.649122
 31
0.0
  0
LINE
  5
A77
330
70
100
AcDbEntity
  8
Visible
100
AcDbLine
 10
401.491351
 20
381.649122
 30
0.0
 11
407.491351
 21
381.649122
 31
0.0
  0
LINE
  5
A78
330
70
100
AcDbEntity
  8
Visible
100
AcDbLine
 10
401.491351
 20
393.649122
 30
0.0
 11
401.491351
 21
381.649122
 31
0.0
  0
LINE
  5
A79
330
70
100
AcDbEntity
  8
Visible
100
AcDbLine
 10
407.491351
 20
393.649122
 30
0.0
 11
401.491351
 21
393.649122
 31
0.0
  0
LINE
  5
A7A
330
70
100
AcDbEntity
  8
Visible
100
AcDbLine
 10
407.491351
 20
405.649122
 30
0.0
 11
407.491351
 21
393.649122
 31
0.0
  0
LINE
  5
A7B
330
70
100
AcDbEntity
  8
Visible
100
AcDbLine
 10
401.491351
 20
405.649122
 30
0.0
 11
407.491351
 21
405.649122
 31
0.0
  0
LINE
  5
A7C
330
70
100
AcDbEntity
  8
Visible
100
AcDbLine
 10
401.491351
 20
417.649122
 30
0.0
 11
401.491351
 21
405.649122
 31
0.0
  0
LINE
  5
A7D
330
70
100
AcDbEntity
  8
Visible
100
AcDbLine
 10
407.491351
 20
417.649122
 30
0.0
 11
401.491351
 21
417.649122
 31
0.0
  0
LINE
  5
A7E
330
70
100
AcDbEntity
  8
Visible
100
AcDbLine
 10
407.491351
 20
433.649122
 30
0.0
 11
407.491351
 21
417.649122
 31
0.0
  0
LINE
  5
A7F
330
70
100
AcDbEntity
  8
Visible
100
AcDbLine
 10
421.491351
 20
433.649122
 30
0.0
 11
407.491351
 21
433.649122
 31
0.0
  0
ENDSEC
  0
SECTION
  2
OBJECTS
  0
DICTIONARY
  5
C
330
0
100
AcDbDictionary
281
     1
  3
ACAD_COLOR
350
63
  3
ACAD_DETAILVIEWSTYLE
350
6A
  3
ACAD_GROUP
350
D
  3
ACAD_LAYOUT
350
62
  3
ACAD_MATERIAL
350
10
  3
ACAD_MLEADERSTYLE
350
66
  3
ACAD_MLINESTYLE
350
5F
  3
ACAD_PLOTSETTINGS
350
61
  3
ACAD_PLOTSTYLENAME
350
E
  3
ACAD_SCALELIST
350
42
  3
ACAD_SECTIONVIEWSTYLE
350
68
  3
ACAD_TABLESTYLE
350
64
  3
ACAD_VISUALSTYLE
350
29
  3
ACDB_RECOMPOSE_DATA
350
A8A
  3
AcDbVariableDictionary
350
A81
  0
DICTIONARY
  5
9E
330
70
100
AcDbDictionary
280
     1
281
     1
  3
ACAD_SORTENTS
360
9F
  0
DICTIONARY
  5
63
102
{ACAD_REACTORS
330
C
102
}
330
C
100
AcDbDictionary
281
     1
  0
DICTIONARY
  5
6A
102
{ACAD_REACTORS
330
C
102
}
330
C
100
AcDbDictionary
281
     1
  3
Imperial24
350
6B
  0
DICTIONARY
  5
D
102
{ACAD_REACTORS
330
C
102
}
330
C
100
AcDbDictionary
281
     1
  0
DICTIONARY
  5
62
102
{ACAD_REACTORS
330
C
102
}
330
C
100
AcDbDictionary
281
     1
  3
Model
350
73
  3
Sheet1
350
6F
  3
Sheet2
350
77
  0
DICTIONARY
  5
10
102
{ACAD_REACTORS
330
C
102
}
330
C
100
AcDbDictionary
281
     1
  3
ByBlock
350
19
  3
ByLayer
350
11
  3
Global
350
21
  0
DICTIONARY
  5
66
102
{ACAD_REACTORS
330
C
102
}
330
C
100
AcDbDictionary
281
     1
  3
Standard
350
67
  0
DICTIONARY
  5
5F
102
{ACAD_REACTORS
330
C
102
}
330
C
100
AcDbDictionary
281
     1
  3
Standard
350
60
  0
DICTIONARY
  5
61
102
{ACAD_REACTORS
330
C
102
}
330
C
100
AcDbDictionary
281
     1
  0
ACDBDICTIONARYWDFLT
  5
E
102
{ACAD_REACTORS
330
C
102
}
330
C
100
AcDbDictionary
281
     1
  3
Normal
350
F
100
AcDbDictionaryWithDefault
340
F
  0
DICTIONARY
  5
42
102
{ACAD_REACTORS
330
C
102
}
330
C
100
AcDbDictionary
281
     1
  3
A0
350
43
  3
A1
350
44
  3
A2
350
45
  3
A3
350
46
  3
A4
350
47
  3
A5
350
48
  3
A6
350
49
  3
A7
350
4A
  3
A8
350
4B
  3
A9
350
4C
  3
B0
350
4D
  3
B1
350
4E
  3
B2
350
4F
  3
B3
350
50
  3
B4
350
51
  3
B5
350
52
  3
B6
350
53
  0
DICTIONARY
  5
68
102
{ACAD_REACTORS
330
C
102
}
330
C
100
AcDbDictionary
281
     1
  3
Imperial24
350
69
  0
DICTIONARY
  5
64
102
{ACAD_REACTORS
330
C
102
}
330
C
100
AcDbDictionary
281
     1
  3
Standard
350
65
  0
DICTIONARY
  5
29
102
{ACAD_REACTORS
330
C
102
}
330
C
100
AcDbDictionary
281
     1
  3
2dWireframe
350
2F
  3
Basic
350
2E
  3
Brighten
350
35
  3
ColorChange
350
39
  3
Conceptual
350
32
  3
Dim
350
34
  3
EdgeColorOff
350
41
  3
Facepattern
350
38
  3
Flat
350
2A
  3
FlatWithEdges
350
2B
  3
Gouraud
350
2C
  3
GouraudWithEdges
350
2D
  3
Hidden
350
31
  3
JitterOff
350
3F
  3
Linepattern
350
37
  3
OverhangOff
350
40
  3
Realistic
350
33
  3
Shaded
350
3E
  3
Shaded with edges
350
3D
  3
Shades of Gray
350
3A
  3
Sketchy
350
3B
  3
Thicken
350
36
  3
Wireframe
350
30
  3
X-Ray
350
3C
  0
XRECORD
  5
A8A
102
{ACAD_REACTORS
330
C
102
}
330
C
100
AcDbXrecord
280
     1
 90
        1
330
65
  0
DICTIONARY
  5
A81
102
{ACAD_REACTORS
330
C
102
}
330
C
100
AcDbDictionary
281
     1
  3
ANNOALLVISIBLE
350
A86
  3
CANNOSCALE
350
A87
  3
CMLEADERSTYLE
350
A83
  3
CTABLESTYLE
350
A82
  3
CVIEWDETAILSTYLE
350
A84
  3
CVIEWSECTIONSTYLE
350
A85
  0
SORTENTSTABLE
  5
9F
102
{ACAD_REACTORS
330
9E
102
}
330
9E
100
AcDbSortentsTable
330
70
  0
ACDBDETAILVIEWSTYLE
  5
6B
102
{ACAD_XDICTIONARY
360
A8D
102
}
102
{ACAD_REACTORS
330
6A
102
}
330
6A
100
AcDbModelDocViewStyle
 70
     0
  3
Imperial24
290
     0
100
AcDbDetailViewStyle
 70
     0
 71
     0
 90
        3
 71
     1
340
55
 62
   256
 40
0.24
340
0
 62
   256
 40
0.24
300

 40
0.36
280
     3
 71
     2
340
5D
 90
       25
 62
   256
 71
     3
340
55
 62
   256
 40
0.24
 90
        1
 40
0.75
 90
        1
300
%<\AcVar ViewType \f "%tc1">% %<\AcVar ViewDetailId>%\PSCALE %<\AcVar ViewScale \f "%sn">%
 71
     4
340
5D
 90
       25
 62
   256
340
5D
 90
       25
 62
   256
280
     0
  0
LAYOUT
  5
73
102
{ACAD_REACTORS
330
62
102
}
330
62
100
AcDbPlotSettings
  1

  2
AutoCAD PDF (High Quality Print).pc3
  4
ISO_full_bleed_A0_(841.00_x_1189.00_MM)
  6

 40
0.0
 41
0.0
 42
0.0
 43
0.0
 44
841.0
 45
1189.0
 46
0.0
 47
0.0
 48
0.0
 49
0.0
140
0.0
141
0.0
142
1.0
143
1.806001
 70
 11952
 72
     1
 73
     1
 74
     0
  7

 75
     0
147
0.55371
 76
     0
 77
     2
 78
   300
148
646.724726
149
126.570112
100
AcDbLayout
  1
Model
 70
     1
 71
     0
 10
0.0
 20
0.0
 11
12.0
 21
9.0
 12
0.0
 22
0.0
 32
0.0
 14
0.0
 24
0.0
 34
0.0
 15
0.0
 25
0.0
 35
0.0
146
0.0
 13
0.0
 23
0.0
 33
0.0
 16
1.0
 26
0.0
 36
0.0
 17
0.0
 27
1.0
 37
0.0
 76
     0
330
70
1001
ACAD_PSEXT
1000
AutoCAD PDF (High Quality Print).pc3
1000
DWG To PDF
1000
File
1000

1070
     0
  0
LAYOUT
  5
6F
102
{ACAD_REACTORS
330
62
102
}
330
62
100
AcDbPlotSettings
  1

  2
None
  4

  6

 40
0.0
 41
0.0
 42
0.0
 43
0.0
 44
0.0
 45
0.0
 46
0.0
 47
0.0
 48
0.0
 49
0.0
140
0.0
141
0.0
142
1.0
143
1.0
 70
   688
 72
     0
 73
     0
 74
     5
  7

 75
    16
147
1.0
 76
     0
 77
     2
 78
   300
148
0.0
149
0.0
100
AcDbLayout
  1
Sheet1
 70
     1
 71
     1
 10
0.0
 20
0.0
 11
12.0
 21
9.0
 12
0.0
 22
0.0
 32
0.0
 14
0.0
 24
0.0
 34
0.0
 15
0.0
 25
0.0
 35
0.0
146
0.0
 13
0.0
 23
0.0
 33
0.0
 16
1.0
 26
0.0
 36
0.0
 17
0.0
 27
1.0
 37
0.0
 76
     0
330
6C
  0
LAYOUT
  5
77
102
{ACAD_REACTORS
330
62
102
}
330
62
100
AcDbPlotSettings
  1

  2
None
  4

  6

 40
0.0
 41
0.0
 42
0.0
 43
0.0
 44
0.0
 45
0.0
 46
0.0
 47
0.0
 48
0.0
 49
0.0
140
0.0
141
0.0
142
1.0
143
1.0
 70
   688
 72
     0
 73
     0
 74
     5
  7

 75
    16
147
1.0
 76
     0
 77
     2
 78
   300
148
0.0
149
0.0
100
AcDbLayout
  1
Sheet2
 70
     1
 71
     2
 10
0.0
 20
0.0
 11
12.0
 21
9.0
 12
0.0
 22
0.0
 32
0.0
 14
0.0
 24
0.0
 34
0.0
 15
0.0
 25
0.0
 35
0.0
146
0.0
 13
0.0
 23
0.0
 33
0.0
 16
1.0
 26
0.0
 36
0.0
 17
0.0
 27
1.0
 37
0.0
 76
     0
330
74
  0
MATERIAL
  5
19
102
{ACAD_XDICTIONARY
360
1A
102
}
102
{ACAD_REACTORS
330
10
102
}
330
10
100
AcDbMaterial
  1
ByBlock
 72
     0
 43
0.020833
 43
0.0
 43
0.0
 43
0.0
 43
0.0
 43
0.020833
 43
0.0
 43
0.0
 43
0.0
 43
0.0
 43
1.0
 43
0.0
 43
0.0
 43
0.0
 43
0.0
 43
1.0
 77
     0
 47
0.020833
 47
0.0
 47
0.0
 47
0.0
 47
0.0
 47
0.020833
 47
0.0
 47
0.0
 47
0.0
 47
0.0
 47
1.0
 47
0.0
 47
0.0
 47
0.0
 47
0.0
 47
1.0
171
     0
 49
0.020833
 49
0.0
 49
0.0
 49
0.0
 49
0.0
 49
0.020833
 49
0.0
 49
0.0
 49
0.0
 49
0.0
 49
1.0
 49
0.0
 49
0.0
 49
0.0
 49
0.0
 49
1.0
175
     0
142
0.020833
142
0.0
142
0.0
142
0.0
142
0.0
142
0.020833
142
0.0
142
0.0
142
0.0
142
0.0
142
1.0
142
0.0
142
0.0
142
0.0
142
0.0
142
1.0
179
     0
144
0.020833
144
0.0
144
0.0
144
0.0
144
0.0
144
0.020833
144
0.0
144
0.0
144
0.0
144
0.0
144
1.0
144
0.0
144
0.0
144
0.0
144
0.0
144
1.0
147
0.020833
147
0.0
147
0.0
147
0.0
147
0.0
147
0.020833
147
0.0
147
0.0
147
0.0
147
0.0
147
1.0
147
0.0
147
0.0
147
0.0
147
0.0
147
1.0
  0
MATERIAL
  5
11
102
{ACAD_XDICTIONARY
360
12
102
}
102
{ACAD_REACTORS
330
10
102
}
330
10
100
AcDbMaterial
  1
ByLayer
 72
     0
 43
0.020833
 43
0.0
 43
0.0
 43
0.0
 43
0.0
 43
0.020833
 43
0.0
 43
0.0
 43
0.0
 43
0.0
 43
1.0
 43
0.0
 43
0.0
 43
0.0
 43
0.0
 43
1.0
 77
     0
 47
0.020833
 47
0.0
 47
0.0
 47
0.0
 47
0.0
 47
0.020833
 47
0.0
 47
0.0
 47
0.0
 47
0.0
 47
1.0
 47
0.0
 47
0.0
 47
0.0
 47
0.0
 47
1.0
171
     0
 49
0.020833
 49
0.0
 49
0.0
 49
0.0
 49
0.0
 49
0.020833
 49
0.0
 49
0.0
 49
0.0
 49
0.0
 49
1.0
 49
0.0
 49
0.0
 49
0.0
 49
0.0
 49
1.0
175
     0
142
0.020833
142
0.0
142
0.0
142
0.0
142
0.0
142
0.020833
142
0.0
142
0.0
142
0.0
142
0.0
142
1.0
142
0.0
142
0.0
142
0.0
142
0.0
142
1.0
179
     0
144
0.020833
144
0.0
144
0.0
144
0.0
144
0.0
144
0.020833
144
0.0
144
0.0
144
0.0
144
0.0
144
1.0
144
0.0
144
0.0
144
0.0
144
0.0
144
1.0
147
0.020833
147
0.0
147
0.0
147
0.0
147
0.0
147
0.020833
147
0.0
147
0.0
147
0.0
147
0.0
147
1.0
147
0.0
147
0.0
147
0.0
147
0.0
147
1.0
  0
MATERIAL
  5
21
102
{ACAD_XDICTIONARY
360
22
102
}
102
{ACAD_REACTORS
330
10
102
}
330
10
100
AcDbMaterial
  1
Global
 72
     0
 43
0.020833
 43
0.0
 43
0.0
 43
0.0
 43
0.0
 43
0.020833
 43
0.0
 43
0.0
 43
0.0
 43
0.0
 43
1.0
 43
0.0
 43
0.0
 43
0.0
 43
0.0
 43
1.0
 77
     0
 47
0.020833
 47
0.0
 47
0.0
 47
0.0
 47
0.0
 47
0.020833
 47
0.0
 47
0.0
 47
0.0
 47
0.0
 47
1.0
 47
0.0
 47
0.0
 47
0.0
 47
0.0
 47
1.0
171
     0
 49
0.020833
 49
0.0
 49
0.0
 49
0.0
 49
0.0
 49
0.020833
 49
0.0
 49
0.0
 49
0.0
 49
0.0
 49
1.0
 49
0.0
 49
0.0
 49
0.0
 49
0.0
 49
1.0
175
     0
142
0.020833
142
0.0
142
0.0
142
0.0
142
0.0
142
0.020833
142
0.0
142
0.0
142
0.0
142
0.0
142
1.0
142
0.0
142
0.0
142
0.0
142
0.0
142
1.0
179
     0
144
0.020833
144
0.0
144
0.0
144
0.0
144
0.0
144
0.020833
144
0.0
144
0.0
144
0.0
144
0.0
144
1.0
144
0.0
144
0.0
144
0.0
144
0.0
144
1.0
147
0.020833
147
0.0
147
0.0
147
0.0
147
0.0
147
0.020833
147
0.0
147
0.0
147
0.0
147
0.0
147
1.0
147
0.0
147
0.0
147
0.0
147
0.0
147
1.0
  0
MLEADERSTYLE
  5
67
102
{ACAD_REACTORS
330
66
102
}
330
66
100
AcDbMLeaderStyle
179
     2
170
     2
171
     1
172
     0
 90
        2
 40
0.0
 41
0.0
173
     1
 91
-1056964608
340
5B
 92
       -2
290
     1
 42
0.09
291
     1
 43
0.36
  3
Standard
 44
0.18
300

342
55
174
     1
178
     6
175
     1
176
     0
 93
-1056964608
 45
0.18
292
     0
297
     0
 46
0.18
 94
-1056964608
 47
1.0
 49
1.0
140
1.0
293
     1
141
0.0
294
     1
177
     0
142
1.0
295
     0
296
     0
143
0.125
271
     0
272
     9
273
     9
298
     1
  0
MLINESTYLE
  5
60
102
{ACAD_REACTORS
330
5F
102
}
330
5F
100
AcDbMlineStyle
  2
STANDARD
 70
     0
  3

 62
   256
 51
90.0
 52
90.0
 71
     0
  0
ACDBPLACEHOLDER
  5
F
102
{ACAD_REACTORS
330
E
102
}
330
E
  0
SCALE
  5
43
102
{ACAD_REACTORS
330
42
102
}
330
42
100
AcDbScale
 70
     0
300
1:1
140
1.0
141
1.0
290
     1
  0
SCALE
  5
44
102
{ACAD_REACTORS
330
42
102
}
330
42
100
AcDbScale
 70
     0
300
1:2
140
1.0
141
2.0
290
     0
  0
SCALE
  5
45
102
{ACAD_REACTORS
330
42
102
}
330
42
100
AcDbScale
 70
     0
300
1:4
140
1.0
141
4.0
290
     0
  0
SCALE
  5
46
102
{ACAD_REACTORS
330
42
102
}
330
42
100
AcDbScale
 70
     0
300
1:5
140
1.0
141
5.0
290
     0
  0
SCALE
  5
47
102
{ACAD_REACTORS
330
42
102
}
330
42
100
AcDbScale
 70
     0
300
1:8
140
1.0
141
8.0
290
     0
  0
SCALE
  5
48
102
{ACAD_REACTORS
330
42
102
}
330
42
100
AcDbScale
 70
     0
300
1:10
140
1.0
141
10.0
290
     0
  0
SCALE
  5
49
102
{ACAD_REACTORS
330
42
102
}
330
42
100
AcDbScale
 70
     0
300
1:16
140
1.0
141
16.0
290
     0
  0
SCALE
  5
4A
102
{ACAD_REACTORS
330
42
102
}
330
42
100
AcDbScale
 70
     0
300
1:20
140
1.0
141
20.0
290
     0
  0
SCALE
  5
4B
102
{ACAD_REACTORS
330
42
102
}
330
42
100
AcDbScale
 70
     0
300
1:30
140
1.0
141
30.0
290
     0
  0
SCALE
  5
4C
102
{ACAD_REACTORS
330
42
102
}
330
42
100
AcDbScale
 70
     0
300
1:40
140
1.0
141
40.0
290
     0
  0
SCALE
  5
4D
102
{ACAD_REACTORS
330
42
102
}
330
42
100
AcDbScale
 70
     0
300
1:50
140
1.0
141
50.0
290
     0
  0
SCALE
  5
4E
102
{ACAD_REACTORS
330
42
102
}
330
42
100
AcDbScale
 70
     0
300
1:100
140
1.0
141
100.0
290
     0
  0
SCALE
  5
4F
102
{ACAD_REACTORS
330
42
102
}
330
42
100
AcDbScale
 70
     0
300
2:1
140
2.0
141
1.0
290
     0
  0
SCALE
  5
50
102
{ACAD_REACTORS
330
42
102
}
330
42
100
AcDbScale
 70
     0
300
4:1
140
4.0
141
1.0
290
     0
  0
SCALE
  5
51
102
{ACAD_REACTORS
330
42
102
}
330
42
100
AcDbScale
 70
     0
300
8:1
140
8.0
141
1.0
290
     0
  0
SCALE
  5
52
102
{ACAD_REACTORS
330
42
102
}
330
42
100
AcDbScale
 70
     0
300
10:1
140
10.0
141
1.0
290
     0
  0
SCALE
  5
53
102
{ACAD_REACTORS
330
42
102
}
330
42
100
AcDbScale
 70
     0
300
100:1
140
100.0
141
1.0
290
     0
  0
ACDBSECTIONVIEWSTYLE
  5
69
102
{ACAD_XDICTIONARY
360
A8B
102
}
102
{ACAD_REACTORS
330
68
102
}
330
68
100
AcDbModelDocViewStyle
 70
     0
  3
Imperial24
290
     0
100
AcDbSectionViewStyle
 70
     0
 71
     0
 90
       78
 71
     1
340
55
 62
   256
 40
0.24
340
0
340
0
 62
   256
 40
0.24
300
I, O, Q, S, X, Z
 40
0.48
 90
        3
 40
0.18
 90
        1
 71
     2
340
5D
 90
       25
 62
   256
340
5D
 90
       50
 62
   256
 40
0.24
 40
0.0
 40
0.24
 71
     3
340
55
 62
   256
 40
0.24
 90
        1
 40
0.75
 90
        1
300
%<\AcVar ViewType \f "%tc1">% %<\AcVar ViewSectionStartId>%-%<\AcVar ViewSectionEndId>%\PSCALE %<\AcVar ViewScale \f "%sn">%
 71
     4
 62
   256
 62
   257
300
ANSI31
 40
1.0
 90
        0
290
     0
290
     0
 90
        6
 40
0.0
 40
1.570796
 40
0.261799
 40
1.308997
 40
-0.261799
 40
1.832596
  0
TABLESTYLE
  5
65
102
{ACAD_XDICTIONARY
360
A88
102
}
102
{ACAD_REACTORS
330
64
102
}
330
64
100
AcDbTableStyle
280
     0
  3
Standard
 70
     0
 71
     0
 40
1.5
 41
1.5
280
     0
281
     0
  7
Standard
140
0.18
170
     2
 62
     0
 63
     7
283
     0
 90
      512
 91
        0
  1

274
    -2
284
     1
 64
     0
275
    -2
285
     1
 65
     0
276
    -2
286
     1
 66
     0
277
    -2
287
     1
 67
     0
278
    -2
288
     1
 68
     0
279
    -2
289
     1
 69
     0
  7
Standard
140
0.25
170
     5
 62
     0
 63
     7
283
     0
 90
      512
 91
        0
  1

274
    -2
284
     1
 64
     0
275
    -2
285
     1
 65
     0
276
    -2
286
     1
 66
     0
277
    -2
287
     1
 67
     0
278
    -2
288
     1
 68
     0
279
    -2
289
     1
 69
     0
  7
Standard
140
0.18
170
     5
 62
     0
 63
     7
283
     0
 90
      512
 91
        0
  1

274
    -2
284
     1
 64
     0
275
    -2
285
     1
 65
     0
276
    -2
286
     1
 66
     0
277
    -2
287
     1
 67
     0
278
    -2
288
     1
 68
     0
279
    -2
289
     1
 69
     0
  0
VISUALSTYLE
  5
2F
102
{ACAD_REACTORS
330
29
102
}
330
29
100
AcDbVisualStyle
  2
2dWireframe
 70
     4
177
     3
291
     0
 70
    58
 90
        0
176
     1
 90
        2
176
     1
 90
        0
176
     1
 90
        0
176
     1
 40
0.6
176
     1
 40
30.0
176
     1
 62
     7
420
 16777215
176
     1
 90
        1
176
     1
 90
        4
176
     1
 62
     7
176
     1
 62
   257
176
     1
 90
        1
176
     1
 90
        1
176
     1
 40
1.0
176
     1
 90
        0
176
     1
 62
   257
176
     1
 40
1.0
176
     1
 90
        1
176
     1
 90
        6
176
     1
 90
        2
176
     1
 62
     7
176
     1
 90
        5
176
     1
 90
        0
176
     1
 90
        0
176
     1
290
     0
176
     1
 90
        1
176
     1
 40
0.0
176
     1
 90
        0
176
     1
290
     1
176
     1
290
     1
176
     1
290
     0
176
     1
290
     0
176
     1
290
     0
176
     1
290
     0
176
     1
290
     0
176
     1
290
     0
176
     1
290
     0
176
     1
 90
       50
176
     1
 40
0.0
176
     1
 40
1.0
176
     1
 90
        0
176
     1
 62
    18
420
        0
176
     1
 90
       50
176
     1
 90
        3
176
     1
 62
     5
420
      255
176
     1
290
     0
176
     1
 90
       50
176
     1
 90
       50
176
     1
 90
       50
176
     1
290
     0
176
     1
 90
       50
176
     1
 62
   256
176
     0
 40
1.0
176
     0
 90
        2
176
     1
  1
strokes_ogs.tif
176
     1
290
     0
176
     1
 40
1.0
176
     1
 40
1.0
176
     1
1001
ACAD
1000
AcDbSavedByObjectVersion
1070
     0
  0
VISUALSTYLE
  5
2E
102
{ACAD_REACTORS
330
29
102
}
330
29
100
AcDbVisualStyle
  2
Basic
 70
     7
177
     3
291
     1
 70
    58
 90
        1
176
     1
 90
        0
176
     1
 90
        1
176
     1
 90
        0
176
     1
 40
0.6
176
     1
 40
30.0
176
     1
 62
     7
420
 16777215
176
     1
 90
        0
176
     1
 90
        4
176
     1
 62
     7
176
     1
 62
   257
176
     1
 90
        1
176
     1
 90
        1
176
     1
 40
1.0
176
     1
 90
        8
176
     1
 62
     7
176
     1
 40
1.0
176
     1
 90
        1
176
     1
 90
        6
176
     1
 90
        2
176
     1
 62
     7
176
     1
 90
        5
176
     1
 90
        0
176
     1
 90
        0
176
     1
290
     0
176
     1
 90
        1
176
     1
 40
0.0
176
     1
 90
        0
176
     1
290
     0
176
     1
290
     1
176
     1
290
     1
176
     1
290
     0
176
     1
290
     0
176
     1
290
     0
176
     1
290
     0
176
     1
290
     0
176
     1
290
     0
176
     1
 90
       50
176
     1
 40
0.0
176
     1
 40
1.0
176
     1
 90
        0
176
     1
 62
    18
420
        0
176
     1
 90
       50
176
     1
 90
        3
176
     1
 62
     5
420
      255
176
     1
290
     0
176
     1
 90
       50
176
     1
 90
       50
176
     1
 90
       50
176
     1
290
     0
176
     1
 90
       50
176
     1
 62
   256
176
     0
 40
1.0
176
     0
 90
        2
176
     1
  1
strokes_ogs.tif
176
     1
290
     0
176
     1
 40
1.0
176
     1
 40
1.0
176
     1
1001
ACAD
1000
AcDbSavedByObjectVersion
1070
     0
  0
VISUALSTYLE
  5
35
102
{ACAD_REACTORS
330
29
102
}
330
29
100
AcDbVisualStyle
  2
Brighten
 70
    12
177
     3
291
     1
 70
    58
 90
        2
176
     1
 90
        2
176
     1
 90
        0
176
     1
 90
        0
176
     1
 40
0.6
176
     1
 40
30.0
176
     1
 62
     7
420
 16777215
176
     1
 90
        1
176
     1
 90
        4
176
     1
 62
     7
176
     1
 62
   257
176
     1
 90
        1
176
     1
 90
        1
176
     1
 40
1.0
176
     1
 90
        8
176
     1
 62
     7
176
     1
 40
1.0
176
     1
 90
        1
176
     1
 90
        6
176
     1
 90
        2
176
     1
 62
     7
176
     1
 90
        5
176
     1
 90
        0
176
     1
 90
        0
176
     1
290
     0
176
     1
 90
        1
176
     1
 40
50.0
176
     1
 90
        0
176
     1
290
     0
176
     1
290
     1
176
     1
290
     1
176
     1
290
     0
176
     1
290
     0
176
     1
290
     0
176
     1
290
     0
176
     1
290
     0
176
     1
290
     0
176
     1
 90
       50
176
     1
 40
0.0
176
     1
 40
1.0
176
     1
 90
        0
176
     1
 62
    18
420
        0
176
     1
 90
       50
176
     1
 90
        3
176
     1
 62
     5
420
      255
176
     1
290
     0
176
     1
 90
       50
176
     1
 90
       50
176
     1
 90
       50
176
     1
290
     0
176
     1
 90
       50
176
     1
 62
   256
176
     0
 40
1.0
176
     0
 90
        2
176
     1
  1
strokes_ogs.tif
176
     1
290
     0
176
     1
 40
1.0
176
     1
 40
1.0
176
     1
1001
ACAD
1000
AcDbSavedByObjectVersion
1070
     0
  0
VISUALSTYLE
  5
39
102
{ACAD_REACTORS
330
29
102
}
330
29
100
AcDbVisualStyle
  2
ColorChange
 70
    16
177
     3
291
     1
 70
    58
 90
        2
176
     1
 90
        2
176
     1
 90
        3
176
     1
 90
        0
176
     1
 40
0.6
176
     1
 40
30.0
176
     1
 62
     8
420
  8421504
176
     1
 90
        1
176
     1
 90
        4
176
     1
 62
     7
176
     1
 62
   257
176
     1
 90
        1
176
     1
 90
        1
176
     1
 40
1.0
176
     1
 90
        8
176
     1
 62
     8
420
  8421504
176
     1
 40
1.0
176
     1
 90
        1
176
     1
 90
        6
176
     1
 90
        2
176
     1
 62
     7
176
     1
 90
        5
176
     1
 90
        0
176
     1
 90
        0
176
     1
290
     0
176
     1
 90
        1
176
     1
 40
0.0
176
     1
 90
        0
176
     1
290
     0
176
     1
290
     1
176
     1
290
     1
176
     1
290
     0
176
     1
290
     0
176
     1
290
     0
176
     1
290
     0
176
     1
290
     0
176
     1
290
     0
176
     1
 90
       50
176
     1
 40
0.0
176
     1
 40
1.0
176
     1
 90
        0
176
     1
 62
    18
420
        0
176
     1
 90
       50
176
     1
 90
        3
176
     1
 62
     5
420
      255
176
     1
290
     0
176
     1
 90
       50
176
     1
 90
       50
176
     1
 90
       50
176
     1
290
     0
176
     1
 90
       50
176
     1
 62
   256
176
     0
 40
1.0
176
     0
 90
        2
176
     1
  1
strokes_ogs.tif
176
     1
290
     0
176
     1
 40
1.0
176
     1
 40
1.0
176
     1
1001
ACAD
1000
AcDbSavedByObjectVersion
1070
     0
  0
VISUALSTYLE
  5
32
102
{ACAD_REACTORS
330
29
102
}
330
29
100
AcDbVisualStyle
  2
Conceptual
 70
     9
177
     3
291
     0
 70
    58
 90
        3
176
     1
 90
        2
176
     1
 90
        0
176
     1
 90
        0
176
     1
 40
0.6
176
     1
 40
30.0
176
     1
 62
     7
420
 16777215
176
     1
 90
        2
176
     1
 90
        2
176
     1
 62
     7
176
     1
 62
   257
176
     1
 90
        1
176
     1
 90
        1
176
     1
 40
179.0
176
     1
 90
        8
176
     1
 62
     7
176
     1
 40
1.0
176
     1
 90
        1
176
     1
 90
        6
176
     1
 90
        2
176
     1
 62
     7
176
     1
 90
        3
176
     1
 90
        0
176
     1
 90
        0
176
     1
290
     0
176
     1
 90
        1
176
     1
 40
0.0
176
     1
 90
        0
176
     1
290
     0
176
     1
290
     1
176
     1
290
     1
176
     1
290
     0
176
     1
290
     0
176
     1
290
     0
176
     1
290
     0
176
     1
290
     0
176
     1
290
     0
176
     1
 90
       50
176
     1
 40
0.0
176
     1
 40
1.0
176
     1
 90
        0
176
     1
 62
    18
420
        0
176
     1
 90
       50
176
     1
 90
        3
176
     1
 62
     5
420
      255
176
     1
290
     0
176
     1
 90
       50
176
     1
 90
       50
176
     1
 90
       50
176
     1
290
     0
176
     1
 90
       50
176
     1
 62
   256
176
     0
 40
1.0
176
     0
 90
        2
176
     1
  1
strokes_ogs.tif
176
     1
290
     0
176
     1
 40
1.0
176
     1
 40
1.0
176
     1
1001
ACAD
1000
AcDbSavedByObjectVersion
1070
     0
  0
VISUALSTYLE
  5
34
102
{ACAD_REACTORS
330
29
102
}
330
29
100
AcDbVisualStyle
  2
Dim
 70
    11
177
     3
291
     1
 70
    58
 90
        2
176
     1
 90
        2
176
     1
 90
        0
176
     1
 90
        0
176
     1
 40
0.6
176
     1
 40
30.0
176
     1
 62
     7
420
 16777215
176
     1
 90
        1
176
     1
 90
        4
176
     1
 62
     7
176
     1
 62
   257
176
     1
 90
        1
176
     1
 90
        1
176
     1
 40
1.0
176
     1
 90
        8
176
     1
 62
     7
176
     1
 40
1.0
176
     1
 90
        1
176
     1
 90
        6
176
     1
 90
        2
176
     1
 62
     7
176
     1
 90
        5
176
     1
 90
        0
176
     1
 90
        0
176
     1
290
     0
176
     1
 90
        1
176
     1
 40
-50.0
176
     1
 90
        0
176
     1
290
     0
176
     1
290
     1
176
     1
290
     1
176
     1
290
     0
176
     1
290
     0
176
     1
290
     0
176
     1
290
     0
176
     1
290
     0
176
     1
290
     0
176
     1
 90
       50
176
     1
 40
0.0
176
     1
 40
1.0
176
     1
 90
        0
176
     1
 62
    18
420
        0
176
     1
 90
       50
176
     1
 90
        3
176
     1
 62
     5
420
      255
176
     1
290
     0
176
     1
 90
       50
176
     1
 90
       50
176
     1
 90
       50
176
     1
290
     0
176
     1
 90
       50
176
     1
 62
   256
176
     0
 40
1.0
176
     0
 90
        2
176
     1
  1
strokes_ogs.tif
176
     1
290
     0
176
     1
 40
1.0
176
     1
 40
1.0
176
     1
1001
ACAD
1000
AcDbSavedByObjectVersion
1070
     0
  0
VISUALSTYLE
  5
41
102
{ACAD_REACTORS
330
29
102
}
330
29
100
AcDbVisualStyle
  2
EdgeColorOff
 70
    22
177
     3
291
     1
 70
    58
 90
        2
176
     0
 90
        2
176
     0
 90
        0
176
     0
 90
        0
176
     0
 40
0.6
176
     0
 40
30.0
176
     0
 62
     7
420
 16777215
176
     0
 90
        1
176
     0
 90
        4
176
     0
 62
     7
176
     0
 62
   257
176
     0
 90
        1
176
     0
 90
        1
176
     0
 40
1.0
176
     0
 90
        8
176
     2
 62
     7
176
     0
 40
1.0
176
     0
 90
        1
176
     0
 90
        6
176
     0
 90
        2
176
     0
 62
     7
176
     0
 90
        5
176
     0
 90
        0
176
     0
 90
        0
176
     0
290
     0
176
     0
 90
        1
176
     0
 40
0.0
176
     0
 90
        0
176
     0
290
     0
176
     0
290
     1
176
     0
290
     1
176
     0
290
     0
176
     0
290
     0
176
     0
290
     0
176
     0
290
     0
176
     0
290
     0
176
     0
290
     0
176
     0
 90
       50
176
     0
 40
0.0
176
     0
 40
1.0
176
     0
 90
        0
176
     0
 62
    18
420
        0
176
     0
 90
       50
176
     0
 90
        3
176
     0
 62
     5
420
      255
176
     0
290
     0
176
     0
 90
       50
176
     0
 90
       50
176
     0
 90
       50
176
     0
290
     0
176
     0
 90
       50
176
     0
 62
   256
176
     0
 40
1.0
176
     0
 90
        2
176
     0
  1
strokes_ogs.tif
176
     0
290
     0
176
     0
 40
1.0
176
     0
 40
1.0
176
     0
1001
ACAD
1000
AcDbSavedByObjectVersion
1070
     0
  0
VISUALSTYLE
  5
38
102
{ACAD_REACTORS
330
29
102
}
330
29
100
AcDbVisualStyle
  2
Facepattern
 70
    15
177
     3
291
     1
 70
    58
 90
        2
176
     1
 90
        2
176
     1
 90
        0
176
     1
 90
        0
176
     1
 40
0.6
176
     1
 40
30.0
176
     1
 62
     7
420
 16777215
176
     1
 90
        1
176
     1
 90
        4
176
     1
 62
     7
176
     1
 62
   257
176
     1
 90
        1
176
     1
 90
        1
176
     1
 40
1.0
176
     1
 90
        8
176
     1
 62
     7
176
     1
 40
1.0
176
     1
 90
        1
176
     1
 90
        6
176
     1
 90
        2
176
     1
 62
     7
176
     1
 90
        5
176
     1
 90
        0
176
     1
 90
        0
176
     1
290
     0
176
     1
 90
        1
176
     1
 40
0.0
176
     1
 90
        0
176
     1
290
     0
176
     1
290
     1
176
     1
290
     1
176
     1
290
     0
176
     1
290
     0
176
     1
290
     0
176
     1
290
     0
176
     1
290
     0
176
     1
290
     0
176
     1
 90
       50
176
     1
 40
0.0
176
     1
 40
1.0
176
     1
 90
        0
176
     1
 62
    18
420
        0
176
     1
 90
       50
176
     1
 90
        3
176
     1
 62
     5
420
      255
176
     1
290
     0
176
     1
 90
       50
176
     1
 90
       50
176
     1
 90
       50
176
     1
290
     0
176
     1
 90
       50
176
     1
 62
   256
176
     0
 40
1.0
176
     0
 90
        2
176
     1
  1
strokes_ogs.tif
176
     1
290
     0
176
     1
 40
1.0
176
     1
 40
1.0
176
     1
1001
ACAD
1000
AcDbSavedByObjectVersion
1070
     0
  0
VISUALSTYLE
  5
2A
102
{ACAD_REACTORS
330
29
102
}
330
29
100
AcDbVisualStyle
  2
Flat
 70
     0
177
     3
291
     1
 70
    58
 90
        2
176
     1
 90
        1
176
     1
 90
        1
176
     1
 90
        2
176
     1
 40
0.6
176
     1
 40
30.0
176
     1
 62
     7
420
 16777215
176
     1
 90
        0
176
     1
 90
        0
176
     1
 62
     7
176
     1
 62
   257
176
     1
 90
        1
176
     1
 90
        1
176
     1
 40
1.0
176
     1
 90
        8
176
     1
 62
     7
176
     1
 40
1.0
176
     1
 90
        1
176
     1
 90
        6
176
     1
 90
        2
176
     1
 62
     7
176
     1
 90
        5
176
     1
 90
        0
176
     1
 90
        0
176
     1
290
     0
176
     1
 90
       13
176
     1
 40
0.0
176
     1
 90
        0
176
     1
290
     0
176
     1
290
     1
176
     1
290
     1
176
     1
290
     0
176
     1
290
     0
176
     1
290
     0
176
     1
290
     0
176
     1
290
     0
176
     1
290
     0
176
     1
 90
       50
176
     1
 40
0.0
176
     1
 40
1.0
176
     1
 90
        0
176
     1
 62
    18
420
        0
176
     1
 90
       50
176
     1
 90
        3
176
     1
 62
     5
420
      255
176
     1
290
     0
176
     1
 90
       50
176
     1
 90
       50
176
     1
 90
       50
176
     1
290
     0
176
     1
 90
       50
176
     1
 62
   256
176
     0
 40
1.0
176
     0
 90
        2
176
     1
  1
strokes_ogs.tif
176
     1
290
     0
176
     1
 40
1.0
176
     1
 40
1.0
176
     1
1001
ACAD
1000
AcDbSavedByObjectVersion
1070
     0
  0
VISUALSTYLE
  5
2B
102
{ACAD_REACTORS
330
29
102
}
330
29
100
AcDbVisualStyle
  2
FlatWithEdges
 70
     1
177
     3
291
     1
 70
    58
 90
        2
176
     1
 90
        1
176
     1
 90
        1
176
     1
 90
        2
176
     1
 40
0.6
176
     1
 40
30.0
176
     1
 62
     7
420
 16777215
176
     1
 90
        1
176
     1
 90
        0
176
     1
 62
     7
176
     1
 62
   257
176
     1
 90
        1
176
     1
 90
        1
176
     1
 40
1.0
176
     1
 90
        0
176
     1
 62
   257
176
     1
 40
1.0
176
     1
 90
        1
176
     1
 90
        6
176
     1
 90
        2
176
     1
 62
     7
176
     1
 90
        5
176
     1
 90
        0
176
     1
 90
        0
176
     1
290
     0
176
     1
 90
       13
176
     1
 40
0.0
176
     1
 90
        0
176
     1
290
     0
176
     1
290
     1
176
     1
290
     1
176
     1
290
     0
176
     1
290
     0
176
     1
290
     0
176
     1
290
     0
176
     1
290
     0
176
     1
290
     0
176
     1
 90
       50
176
     1
 40
0.0
176
     1
 40
1.0
176
     1
 90
        0
176
     1
 62
    18
420
        0
176
     1
 90
       50
176
     1
 90
        3
176
     1
 62
     5
420
      255
176
     1
290
     0
176
     1
 90
       50
176
     1
 90
       50
176
     1
 90
       50
176
     1
290
     0
176
     1
 90
       50
176
     1
 62
   256
176
     0
 40
1.0
176
     0
 90
        2
176
     1
  1
strokes_ogs.tif
176
     1
290
     0
176
     1
 40
1.0
176
     1
 40
1.0
176
     1
1001
ACAD
1000
AcDbSavedByObjectVersion
1070
     0
  0
VISUALSTYLE
  5
2C
102
{ACAD_REACTORS
330
29
102
}
330
29
100
AcDbVisualStyle
  2
Gouraud
 70
     2
177
     3
291
     1
 70
    58
 90
        2
176
     1
 90
        2
176
     1
 90
        1
176
     1
 90
        2
176
     1
 40
0.6
176
     1
 40
30.0
176
     1
 62
     7
420
 16777215
176
     1
 90
        0
176
     1
 90
        0
176
     1
 62
     7
176
     1
 62
   257
176
     1
 90
        1
176
     1
 90
        1
176
     1
 40
1.0
176
     1
 90
        0
176
     1
 62
     7
176
     1
 40
1.0
176
     1
 90
        1
176
     1
 90
        6
176
     1
 90
        2
176
     1
 62
     7
176
     1
 90
        5
176
     1
 90
        0
176
     1
 90
        0
176
     1
290
     0
176
     1
 90
       13
176
     1
 40
0.0
176
     1
 90
        0
176
     1
290
     0
176
     1
290
     1
176
     1
290
     1
176
     1
290
     0
176
     1
290
     0
176
     1
290
     0
176
     1
290
     0
176
     1
290
     0
176
     1
290
     0
176
     1
 90
       50
176
     1
 40
0.0
176
     1
 40
1.0
176
     1
 90
        0
176
     1
 62
    18
420
        0
176
     1
 90
       50
176
     1
 90
        3
176
     1
 62
     5
420
      255
176
     1
290
     0
176
     1
 90
       50
176
     1
 90
       50
176
     1
 90
       50
176
     1
290
     0
176
     1
 90
       50
176
     1
 62
   256
176
     0
 40
1.0
176
     0
 90
        2
176
     1
  1
strokes_ogs.tif
176
     1
290
     0
176
     1
 40
1.0
176
     1
 40
1.0
176
     1
1001
ACAD
1000
AcDbSavedByObjectVersion
1070
     0
  0
VISUALSTYLE
  5
2D
102
{ACAD_REACTORS
330
29
102
}
330
29
100
AcDbVisualStyle
  2
GouraudWithEdges
 70
     3
177
     3
291
     1
 70
    58
 90
        2
176
     1
 90
        2
176
     1
 90
        1
176
     1
 90
        2
176
     1
 40
0.6
176
     1
 40
30.0
176
     1
 62
     7
420
 16777215
176
     1
 90
        1
176
     1
 90
        0
176
     1
 62
     7
176
     1
 62
   257
176
     1
 90
        1
176
     1
 90
        1
176
     1
 40
1.0
176
     1
 90
        0
176
     1
 62
   257
176
     1
 40
1.0
176
     1
 90
        1
176
     1
 90
        6
176
     1
 90
        2
176
     1
 62
     7
176
     1
 90
        5
176
     1
 90
        0
176
     1
 90
        0
176
     1
290
     0
176
     1
 90
       13
176
     1
 40
0.0
176
     1
 90
        0
176
     1
290
     0
176
     1
290
     1
176
     1
290
     1
176
     1
290
     0
176
     1
290
     0
176
     1
290
     0
176
     1
290
     0
176
     1
290
     0
176
     1
290
     0
176
     1
 90
       50
176
     1
 40
0.0
176
     1
 40
1.0
176
     1
 90
        0
176
     1
 62
    18
420
        0
176
     1
 90
       50
176
     1
 90
        3
176
     1
 62
     5
420
      255
176
     1
290
     0
176
     1
 90
       50
176
     1
 90
       50
176
     1
 90
       50
176
     1
290
     0
176
     1
 90
       50
176
     1
 62
   256
176
     0
 40
1.0
176
     0
 90
        2
176
     1
  1
strokes_ogs.tif
176
     1
290
     0
176
     1
 40
1.0
176
     1
 40
1.0
176
     1
1001
ACAD
1000
AcDbSavedByObjectVersion
1070
     0
  0
VISUALSTYLE
  5
31
102
{ACAD_REACTORS
330
29
102
}
330
29
100
AcDbVisualStyle
  2
Hidden
 70
     6
177
     3
291
     0
 70
    58
 90
        1
176
     1
 90
        2
176
     1
 90
        2
176
     1
 90
        0
176
     1
 40
0.6
176
     1
 40
30.0
176
     1
 62
     7
420
 16777215
176
     1
 90
        2
176
     1
 90
        2
176
     1
 62
     7
176
     1
 62
   257
176
     1
 90
        2
176
     1
 90
        1
176
     1
 40
40.0
176
     1
 90
        0
176
     1
 62
   257
176
     1
 40
1.0
176
     1
 90
        1
176
     1
 90
        6
176
     1
 90
        2
176
     1
 62
     7
176
     1
 90
        3
176
     1
 90
        0
176
     1
 90
        0
176
     1
290
     0
176
     1
 90
        1
176
     1
 40
0.0
176
     1
 90
        0
176
     1
290
     0
176
     1
290
     1
176
     1
290
     1
176
     1
290
     0
176
     1
290
     0
176
     1
290
     0
176
     1
290
     0
176
     1
290
     0
176
     1
290
     0
176
     1
 90
       50
176
     1
 40
0.0
176
     1
 40
1.0
176
     1
 90
        0
176
     1
 62
    18
420
        0
176
     1
 90
       50
176
     1
 90
        3
176
     1
 62
     5
420
      255
176
     1
290
     0
176
     1
 90
       50
176
     1
 90
       50
176
     1
 90
       50
176
     1
290
     0
176
     1
 90
       50
176
     1
 62
   256
176
     0
 40
1.0
176
     0
 90
        2
176
     1
  1
strokes_ogs.tif
176
     1
290
     0
176
     1
 40
1.0
176
     1
 40
1.0
176
     1
1001
ACAD
1000
AcDbSavedByObjectVersion
1070
     0
  0
VISUALSTYLE
  5
3F
102
{ACAD_REACTORS
330
29
102
}
330
29
100
AcDbVisualStyle
  2
JitterOff
 70
    20
177
     3
291
     1
 70
    58
 90
        2
176
     0
 90
        2
176
     0
 90
        0
176
     0
 90
        0
176
     0
 40
0.6
176
     0
 40
30.0
176
     0
 62
     7
420
 16777215
176
     0
 90
        1
176
     0
 90
        4
176
     0
 62
     7
176
     0
 62
   257
176
     0
 90
        1
176
     0
 90
        1
176
     0
 40
1.0
176
     0
 90
       10
176
     2
 62
     7
176
     0
 40
1.0
176
     0
 90
        1
176
     0
 90
        6
176
     0
 90
        2
176
     0
 62
     7
176
     0
 90
        5
176
     0
 90
        0
176
     0
 90
        0
176
     0
290
     0
176
     0
 90
        1
176
     0
 40
0.0
176
     0
 90
        0
176
     0
290
     0
176
     0
290
     1
176
     0
290
     1
176
     0
290
     0
176
     0
290
     0
176
     0
290
     0
176
     0
290
     0
176
     0
290
     0
176
     0
290
     0
176
     0
 90
       50
176
     0
 40
0.0
176
     0
 40
1.0
176
     0
 90
        0
176
     0
 62
    18
420
        0
176
     0
 90
       50
176
     0
 90
        3
176
     0
 62
     5
420
      255
176
     0
290
     0
176
     0
 90
       50
176
     0
 90
       50
176
     0
 90
       50
176
     0
290
     0
176
     0
 90
       50
176
     0
 62
   256
176
     0
 40
1.0
176
     0
 90
        2
176
     0
  1
strokes_ogs.tif
176
     0
290
     0
176
     0
 40
1.0
176
     0
 40
1.0
176
     0
1001
ACAD
1000
AcDbSavedByObjectVersion
1070
     0
  0
VISUALSTYLE
  5
37
102
{ACAD_REACTORS
330
29
102
}
330
29
100
AcDbVisualStyle
  2
Linepattern
 70
    14
177
     3
291
     1
 70
    58
 90
        2
176
     1
 90
        2
176
     1
 90
        0
176
     1
 90
        0
176
     1
 40
0.6
176
     1
 40
30.0
176
     1
 62
     7
420
 16777215
176
     1
 90
        1
176
     1
 90
        4
176
     1
 62
     7
176
     1
 62
   257
176
     1
 90
        7
176
     1
 90
        7
176
     1
 40
1.0
176
     1
 90
        8
176
     1
 62
     7
176
     1
 40
1.0
176
     1
 90
        1
176
     1
 90
        6
176
     1
 90
        2
176
     1
 62
     7
176
     1
 90
        5
176
     1
 90
        0
176
     1
 90
        0
176
     1
290
     0
176
     1
 90
        1
176
     1
 40
0.0
176
     1
 90
        0
176
     1
290
     0
176
     1
290
     1
176
     1
290
     1
176
     1
290
     0
176
     1
290
     0
176
     1
290
     0
176
     1
290
     0
176
     1
290
     0
176
     1
290
     0
176
     1
 90
       50
176
     1
 40
0.0
176
     1
 40
1.0
176
     1
 90
        0
176
     1
 62
    18
420
        0
176
     1
 90
       50
176
     1
 90
        3
176
     1
 62
     5
420
      255
176
     1
290
     0
176
     1
 90
       50
176
     1
 90
       50
176
     1
 90
       50
176
     1
290
     0
176
     1
 90
       50
176
     1
 62
   256
176
     0
 40
1.0
176
     0
 90
        2
176
     1
  1
strokes_ogs.tif
176
     1
290
     0
176
     1
 40
1.0
176
     1
 40
1.0
176
     1
1001
ACAD
1000
AcDbSavedByObjectVersion
1070
     0
  0
VISUALSTYLE
  5
40
102
{ACAD_REACTORS
330
29
102
}
330
29
100
AcDbVisualStyle
  2
OverhangOff
 70
    21
177
     3
291
     1
 70
    58
 90
        2
176
     0
 90
        2
176
     0
 90
        0
176
     0
 90
        0
176
     0
 40
0.6
176
     0
 40
30.0
176
     0
 62
     7
420
 16777215
176
     0
 90
        1
176
     0
 90
        4
176
     0
 62
     7
176
     0
 62
   257
176
     0
 90
        1
176
     0
 90
        1
176
     0
 40
1.0
176
     0
 90
        9
176
     2
 62
     7
176
     0
 40
1.0
176
     0
 90
        1
176
     0
 90
        6
176
     0
 90
        2
176
     0
 62
     7
176
     0
 90
        5
176
     0
 90
        0
176
     0
 90
        0
176
     0
290
     0
176
     0
 90
        1
176
     0
 40
0.0
176
     0
 90
        0
176
     0
290
     0
176
     0
290
     1
176
     0
290
     1
176
     0
290
     0
176
     0
290
     0
176
     0
290
     0
176
     0
290
     0
176
     0
290
     0
176
     0
290
     0
176
     0
 90
       50
176
     0
 40
0.0
176
     0
 40
1.0
176
     0
 90
        0
176
     0
 62
    18
420
        0
176
     0
 90
       50
176
     0
 90
        3
176
     0
 62
     5
420
      255
176
     0
290
     0
176
     0
 90
       50
176
     0
 90
       50
176
     0
 90
       50
176
     0
290
     0
176
     0
 90
       50
176
     0
 62
   256
176
     0
 40
1.0
176
     0
 90
        2
176
     0
  1
strokes_ogs.tif
176
     0
290
     0
176
     0
 40
1.0
176
     0
 40
1.0
176
     0
1001
ACAD
1000
AcDbSavedByObjectVersion
1070
     0
  0
VISUALSTYLE
  5
33
102
{ACAD_REACTORS
330
29
102
}
330
29
100
AcDbVisualStyle
  2
Realistic
 70
     8
177
     3
291
     0
 70
    58
 90
        2
176
     1
 90
        3
176
     1
 90
        0
176
     1
 90
        2
176
     1
 40
0.6
176
     1
 40
30.0
176
     1
 62
     7
420
 16777215
176
     1
 90
        0
176
     1
 90
        0
176
     1
 62
     7
176
     1
 62
   257
176
     1
 90
        1
176
     1
 90
        1
176
     1
 40
1.0
176
     1
 90
        8
176
     1
 62
   257
176
     1
 40
1.0
176
     1
 90
        1
176
     1
 90
        6
176
     1
 90
        2
176
     1
 62
     7
176
     1
 90
        3
176
     1
 90
        0
176
     1
 90
        0
176
     1
290
     0
176
     1
 90
       13
176
     1
 40
0.0
176
     1
 90
        0
176
     1
290
     0
176
     1
290
     1
176
     1
290
     1
176
     1
290
     0
176
     1
290
     0
176
     1
290
     0
176
     1
290
     0
176
     1
290
     0
176
     1
290
     0
176
     1
 90
       50
176
     1
 40
0.0
176
     1
 40
1.0
176
     1
 90
        0
176
     1
 62
    18
420
        0
176
     1
 90
       50
176
     1
 90
        3
176
     1
 62
     5
420
      255
176
     1
290
     0
176
     1
 90
       50
176
     1
 90
       50
176
     1
 90
       50
176
     1
290
     0
176
     1
 90
       50
176
     1
 62
   256
176
     0
 40
1.0
176
     0
 90
        2
176
     1
  1
strokes_ogs.tif
176
     1
290
     0
176
     1
 40
1.0
176
     1
 40
1.0
176
     1
1001
ACAD
1000
AcDbSavedByObjectVersion
1070
     0
  0
VISUALSTYLE
  5
3E
102
{ACAD_REACTORS
330
29
102
}
330
29
100
AcDbVisualStyle
  2
Shaded
 70
    27
177
     3
291
     0
 70
    58
 90
        2
176
     1
 90
        2
176
     1
 90
        1
176
     1
 90
        2
176
     1
 40
0.6
176
     1
 40
30.0
176
     1
 62
     7
420
 16777215
176
     1
 90
        0
176
     1
 90
        4
176
     1
 62
     7
176
     1
 62
   257
176
     1
 90
        1
176
     1
 90
        1
176
     1
 40
1.0
176
     1
 90
        8
176
     1
 62
   257
176
     1
 40
1.0
176
     1
 90
        1
176
     1
 90
        6
176
     1
 90
        2
176
     1
 62
     8
420
  7895160
176
     1
 90
        3
176
     1
 90
        0
176
     1
 90
        0
176
     1
290
     0
176
     1
 90
        5
176
     1
 40
0.0
176
     1
 90
        0
176
     1
290
     0
176
     1
290
     1
176
     1
290
     1
176
     1
290
     0
176
     1
290
     0
176
     1
290
     0
176
     1
290
     0
176
     1
290
     0
176
     1
290
     0
176
     1
 90
       50
176
     1
 40
0.0
176
     1
 40
1.0
176
     1
 90
        0
176
     1
 62
    18
420
        0
176
     1
 90
       50
176
     1
 90
        3
176
     1
 62
     5
420
      255
176
     1
290
     0
176
     1
 90
       50
176
     1
 90
       50
176
     1
 90
       50
176
     1
290
     0
176
     1
 90
       50
176
     1
 62
   256
176
     0
 40
1.0
176
     0
 90
        2
176
     1
  1
strokes_ogs.tif
176
     1
290
     0
176
     1
 40
1.0
176
     1
 40
1.0
176
     1
1001
ACAD
1000
AcDbSavedByObjectVersion
1070
     0
  0
VISUALSTYLE
  5
3D
102
{ACAD_REACTORS
330
29
102
}
330
29
100
AcDbVisualStyle
  2
Shaded with edges
 70
    26
177
     3
291
     0
 70
    58
 90
        2
176
     1
 90
        2
176
     1
 90
        1
176
     1
 90
        2
176
     1
 40
0.6
176
     1
 40
30.0
176
     1
 62
     7
420
 16777215
176
     1
 90
        1
176
     1
 90
        2
176
     1
 62
     7
176
     1
 62
   257
176
     1
 90
        2
176
     1
 90
        1
176
     1
 40
1.0
176
     1
 90
        8
176
     1
 62
   257
176
     1
 40
1.0
176
     1
 90
        1
176
     1
 90
        6
176
     1
 90
        2
176
     1
 62
     7
176
     1
 90
        3
176
     1
 90
        0
176
     1
 90
        0
176
     1
290
     0
176
     1
 90
        5
176
     1
 40
0.0
176
     1
 90
        0
176
     1
290
     0
176
     1
290
     1
176
     1
290
     1
176
     1
290
     0
176
     1
290
     0
176
     1
290
     0
176
     1
290
     0
176
     1
290
     0
176
     1
290
     0
176
     1
 90
       50
176
     1
 40
0.0
176
     1
 40
1.0
176
     1
 90
        0
176
     1
 62
    18
420
        0
176
     1
 90
       50
176
     1
 90
        3
176
     1
 62
     5
420
      255
176
     1
290
     0
176
     1
 90
       50
176
     1
 90
       50
176
     1
 90
       50
176
     1
290
     0
176
     1
 90
       50
176
     1
 62
   256
176
     0
 40
1.0
176
     0
 90
        2
176
     1
  1
strokes_ogs.tif
176
     1
290
     0
176
     1
 40
1.0
176
     1
 40
1.0
176
     1
1001
ACAD
1000
AcDbSavedByObjectVersion
1070
     0
  0
VISUALSTYLE
  5
3A
102
{ACAD_REACTORS
330
29
102
}
330
29
100
AcDbVisualStyle
  2
Shades of Gray
 70
    23
177
     3
291
     0
 70
    58
 90
        2
176
     1
 90
        2
176
     1
 90
        3
176
     1
 90
        0
176
     1
 40
0.6
176
     1
 40
30.0
176
     1
 62
     7
420
 16777215
176
     1
 90
        2
176
     1
 90
        2
176
     1
 62
     7
176
     1
 62
     7
176
     1
 90
        1
176
     1
 90
        1
176
     1
 40
40.0
176
     1
 90
        8
176
     1
 62
     7
176
     1
 40
1.0
176
     1
 90
        1
176
     1
 90
        6
176
     1
 90
        2
176
     1
 62
     7
176
     1
 90
        3
176
     1
 90
        0
176
     1
 90
        0
176
     1
290
     0
176
     1
 90
        1
176
     1
 40
0.0
176
     1
 90
        0
176
     1
290
     0
176
     1
290
     1
176
     1
290
     1
176
     1
290
     0
176
     1
290
     0
176
     1
290
     0
176
     1
290
     0
176
     1
290
     0
176
     1
290
     0
176
     1
 90
       50
176
     1
 40
0.0
176
     1
 40
1.0
176
     1
 90
        0
176
     1
 62
    18
420
        0
176
     1
 90
       50
176
     1
 90
        3
176
     1
 62
     5
420
      255
176
     1
290
     0
176
     1
 90
       50
176
     1
 90
       50
176
     1
 90
       50
176
     1
290
     0
176
     1
 90
       50
176
     1
 62
   256
176
     0
 40
1.0
176
     0
 90
        2
176
     1
  1
strokes_ogs.tif
176
     1
290
     0
176
     1
 40
1.0
176
     1
 40
1.0
176
     1
1001
ACAD
1000
AcDbSavedByObjectVersion
1070
     0
  0
VISUALSTYLE
  5
3B
102
{ACAD_REACTORS
330
29
102
}
330
29
100
AcDbVisualStyle
  2
Sketchy
 70
    24
177
     3
291
     0
 70
    58
 90
        1
176
     1
 90
        2
176
     1
 90
        2
176
     1
 90
        0
176
     1
 40
0.6
176
     1
 40
30.0
176
     1
 62
     7
420
 16777215
176
     1
 90
        2
176
     1
 90
        2
176
     1
 62
     7
176
     1
 62
     7
176
     1
 90
        1
176
     1
 90
        1
176
     1
 40
40.0
176
     1
 90
       11
176
     1
 62
     7
176
     1
 40
1.0
176
     1
 90
        1
176
     1
 90
        6
176
     1
 90
        2
176
     1
 62
     7
176
     1
 90
        6
176
     1
 90
        0
176
     1
 90
        0
176
     1
290
     0
176
     1
 90
        1
176
     1
 40
0.0
176
     1
 90
        0
176
     1
290
     0
176
     1
290
     1
176
     1
290
     1
176
     1
290
     0
176
     1
290
     0
176
     1
290
     0
176
     1
290
     0
176
     1
290
     0
176
     1
290
     0
176
     1
 90
       50
176
     1
 40
0.0
176
     1
 40
1.0
176
     1
 90
        0
176
     1
 62
    18
420
        0
176
     1
 90
       50
176
     1
 90
        3
176
     1
 62
     5
420
      255
176
     1
290
     0
176
     1
 90
       50
176
     1
 90
       50
176
     1
 90
       50
176
     1
290
     0
176
     1
 90
       50
176
     1
 62
   256
176
     0
 40
1.0
176
     0
 90
        2
176
     1
  1
strokes_ogs.tif
176
     1
290
     0
176
     1
 40
1.0
176
     1
 40
1.0
176
     1
1001
ACAD
1000
AcDbSavedByObjectVersion
1070
     0
  0
VISUALSTYLE
  5
36
102
{ACAD_REACTORS
330
29
102
}
330
29
100
AcDbVisualStyle
  2
Thicken
 70
    13
177
     3
291
     1
 70
    58
 90
        2
176
     1
 90
        2
176
     1
 90
        0
176
     1
 90
        0
176
     1
 40
0.6
176
     1
 40
30.0
176
     1
 62
     7
420
 16777215
176
     1
 90
        1
176
     1
 90
        4
176
     1
 62
     7
176
     1
 62
   257
176
     1
 90
        1
176
     1
 90
        1
176
     1
 40
1.0
176
     1
 90
       12
176
     1
 62
     7
176
     1
 40
1.0
176
     1
 90
        1
176
     1
 90
        6
176
     1
 90
        2
176
     1
 62
     7
176
     1
 90
        5
176
     1
 90
        0
176
     1
 90
        0
176
     1
290
     0
176
     1
 90
        1
176
     1
 40
0.0
176
     1
 90
        0
176
     1
290
     0
176
     1
290
     1
176
     1
290
     1
176
     1
290
     0
176
     1
290
     0
176
     1
290
     0
176
     1
290
     0
176
     1
290
     0
176
     1
290
     0
176
     1
 90
       50
176
     1
 40
0.0
176
     1
 40
1.0
176
     1
 90
        0
176
     1
 62
    18
420
        0
176
     1
 90
       50
176
     1
 90
        3
176
     1
 62
     5
420
      255
176
     1
290
     0
176
     1
 90
       50
176
     1
 90
       50
176
     1
 90
       50
176
     1
290
     0
176
     1
 90
       50
176
     1
 62
   256
176
     0
 40
1.0
176
     0
 90
        2
176
     1
  1
strokes_ogs.tif
176
     1
290
     0
176
     1
 40
1.0
176
     1
 40
1.0
176
     1
1001
ACAD
1000
AcDbSavedByObjectVersion
1070
     0
  0
VISUALSTYLE
  5
30
102
{ACAD_REACTORS
330
29
102
}
330
29
100
AcDbVisualStyle
  2
Wireframe
 70
     5
177
     3
291
     0
 70
    58
 90
        0
176
     1
 90
        2
176
     1
 90
        0
176
     1
 90
        0
176
     1
 40
0.6
176
     1
 40
30.0
176
     1
 62
     7
420
 16777215
176
     1
 90
        1
176
     1
 90
        4
176
     1
 62
     7
176
     1
 62
   257
176
     1
 90
        1
176
     1
 90
        1
176
     1
 40
1.0
176
     1
 90
        0
176
     1
 62
   257
176
     1
 40
1.0
176
     1
 90
        1
176
     1
 90
        6
176
     1
 90
        2
176
     1
 62
     7
176
     1
 90
        3
176
     1
 90
        0
176
     1
 90
        0
176
     1
290
     0
176
     1
 90
        1
176
     1
 40
0.0
176
     1
 90
        0
176
     1
290
     0
176
     1
290
     1
176
     1
290
     1
176
     1
290
     0
176
     1
290
     0
176
     1
290
     0
176
     1
290
     0
176
     1
290
     0
176
     1
290
     0
176
     1
 90
       50
176
     1
 40
0.0
176
     1
 40
1.0
176
     1
 90
        0
176
     1
 62
    18
420
        0
176
     1
 90
       50
176
     1
 90
        3
176
     1
 62
     5
420
      255
176
     1
290
     0
176
     1
 90
       50
176
     1
 90
       50
176
     1
 90
       50
176
     1
290
     0
176
     1
 90
       50
176
     1
 62
   256
176
     0
 40
1.0
176
     0
 90
        2
176
     1
  1
strokes_ogs.tif
176
     1
290
     0
176
     1
 40
1.0
176
     1
 40
1.0
176
     1
1001
ACAD
1000
AcDbSavedByObjectVersion
1070
     0
  0
VISUALSTYLE
  5
3C
102
{ACAD_REACTORS
330
29
102
}
330
29
100
AcDbVisualStyle
  2
X-Ray
 70
    25
177
     3
291
     0
 70
    58
 90
        2
176
     1
 90
        2
176
     1
 90
        1
176
     1
 90
        1
176
     1
 40
0.5
176
     1
 40
30.0
176
     1
 62
     7
420
 16777215
176
     1
 90
        1
176
     1
 90
        0
176
     1
 62
     7
176
     1
 62
   257
176
     1
 90
        1
176
     1
 90
        1
176
     1
 40
1.0
176
     1
 90
        8
176
     1
 62
     7
176
     1
 40
1.0
176
     1
 90
        1
176
     1
 90
        6
176
     1
 90
        2
176
     1
 62
     7
176
     1
 90
        3
176
     1
 90
        0
176
     1
 90
        0
176
     1
290
     0
176
     1
 90
       13
176
     1
 40
0.0
176
     1
 90
        0
176
     1
290
     0
176
     1
290
     1
176
     1
290
     1
176
     1
290
     0
176
     1
290
     0
176
     1
290
     0
176
     1
290
     0
176
     1
290
     0
176
     1
290
     0
176
     1
 90
       50
176
     1
 40
0.0
176
     1
 40
1.0
176
     1
 90
        0
176
     1
 62
    18
420
        0
176
     1
 90
       50
176
     1
 90
        3
176
     1
 62
     5
420
      255
176
     1
290
     0
176
     1
 90
       50
176
     1
 90
       50
176
     1
 90
       50
176
     1
290
     0
176
     1
 90
       50
176
     1
 62
   256
176
     0
 40
1.0
176
     0
 90
        2
176
     1
  1
strokes_ogs.tif
176
     1
290
     0
176
     1
 40
1.0
176
     1
 40
1.0
176
     1
1001
ACAD
1000
AcDbSavedByObjectVersion
1070
     0
  0
DICTIONARYVAR
  5
A86
102
{ACAD_REACTORS
330
A81
102
}
330
A81
100
DictionaryVariables
280
     0
  1
0
  0
DICTIONARYVAR
  5
A87
102
{ACAD_REACTORS
330
A81
102
}
330
A81
100
DictionaryVariables
280
     0
  1
1:1
  0
DICTIONARYVAR
  5
A83
102
{ACAD_REACTORS
330
A81
102
}
330
A81
100
DictionaryVariables
280
     0
  1
STANDARD
  0
DICTIONARYVAR
  5
A82
102
{ACAD_REACTORS
330
A81
102
}
330
A81
100
DictionaryVariables
280
     0
  1
STANDARD
  0
DICTIONARYVAR
  5
A84
102
{ACAD_REACTORS
330
A81
102
}
330
A81
100
DictionaryVariables
280
     0
  1
Imperial24
  0
DICTIONARYVAR
  5
A85
102
{ACAD_REACTORS
330
A81
102
}
330
A81
100
DictionaryVariables
280
     0
  1
Imperial24
  0
DICTIONARY
  5
A8D
330
6B
100
AcDbDictionary
280
     1
281
     1
  3
ACAD_XREC_ROUNDTRIP
360
A8E
  0
DICTIONARY
  5
1A
330
19
100
AcDbDictionary
280
     1
281
     1
  3
BUMPTILE
360
1C
  3
DIFFUSETILE
360
1B
  3
OPACITYTILE
360
1F
  3
REFLECTIONTILE
360
1E
  3
REFRACTIONTILE
360
20
  3
SPECULARTILE
360
1D
  0
DICTIONARY
  5
12
330
11
100
AcDbDictionary
280
     1
281
     1
  3
BUMPTILE
360
14
  3
DIFFUSETILE
360
13
  3
OPACITYTILE
360
17
  3
REFLECTIONTILE
360
16
  3
REFRACTIONTILE
360
18
  3
SPECULARTILE
360
15
  0
DICTIONARY
  5
22
330
21
100
AcDbDictionary
280
     1
281
     1
  3
BUMPTILE
360
24
  3
DIFFUSETILE
360
23
  3
OPACITYTILE
360
27
  3
REFLECTIONTILE
360
26
  3
REFRACTIONTILE
360
28
  3
SPECULARTILE
360
25
  0
DICTIONARY
  5
A8B
330
69
100
AcDbDictionary
280
     1
281
     1
  3
ACAD_XREC_ROUNDTRIP
360
A8C
  0
DICTIONARY
  5
A88
330
65
100
AcDbDictionary
280
     1
281
     1
  3
ACAD_ROUNDTRIP_2008_TABLESTYLE_CELLSTYLEMAP
360
A89
  0
XRECORD
  5
A8E
102
{ACAD_REACTORS
330
A8D
102
}
330
A8D
100
AcDbXrecord
280
     1
102
DISPLAYNAME
  1
Imperial24
102
FLAGS
 90
        0
  0
XRECORD
  5
1C
102
{ACAD_REACTORS
330
1A
102
}
330
1A
100
AcDbXrecord
280
     1
270
     1
271
     1
  0
XRECORD
  5
1B
102
{ACAD_REACTORS
330
1A
102
}
330
1A
100
AcDbXrecord
280
     1
270
     1
271
     1
  0
XRECORD
  5
1F
102
{ACAD_REACTORS
330
1A
102
}
330
1A
100
AcDbXrecord
280
     1
270
     1
271
     1
  0
XRECORD
  5
1E
102
{ACAD_REACTORS
330
1A
102
}
330
1A
100
AcDbXrecord
280
     1
270
     1
271
     1
  0
XRECORD
  5
20
102
{ACAD_REACTORS
330
1A
102
}
330
1A
100
AcDbXrecord
280
     1
270
     1
271
     1
  0
XRECORD
  5
1D
102
{ACAD_REACTORS
330
1A
102
}
330
1A
100
AcDbXrecord
280
     1
270
     1
271
     1
  0
XRECORD
  5
14
102
{ACAD_REACTORS
330
12
102
}
330
12
100
AcDbXrecord
280
     1
270
     1
271
     1
  0
XRECORD
  5
13
102
{ACAD_REACTORS
330
12
102
}
330
12
100
AcDbXrecord
280
     1
270
     1
271
     1
  0
XRECORD
  5
17
102
{ACAD_REACTORS
330
12
102
}
330
12
100
AcDbXrecord
280
     1
270
     1
271
     1
  0
XRECORD
  5
16
102
{ACAD_REACTORS
330
12
102
}
330
12
100
AcDbXrecord
280
     1
270
     1
271
     1
  0
XRECORD
  5
18
102
{ACAD_REACTORS
330
12
102
}
330
12
100
AcDbXrecord
280
     1
270
     1
271
     1
  0
XRECORD
  5
15
102
{ACAD_REACTORS
330
12
102
}
330
12
100
AcDbXrecord
280
     1
270
     1
271
     1
  0
XRECORD
  5
24
102
{ACAD_REACTORS
330
22
102
}
330
22
100
AcDbXrecord
280
     1
270
     1
271
     1
  0
XRECORD
  5
23
102
{ACAD_REACTORS
330
22
102
}
330
22
100
AcDbXrecord
280
     1
270
     1
271
     1
  0
XRECORD
  5
27
102
{ACAD_REACTORS
330
22
102
}
330
22
100
AcDbXrecord
280
     1
270
     1
271
     1
  0
XRECORD
  5
26
102
{ACAD_REACTORS
330
22
102
}
330
22
100
AcDbXrecord
280
     1
270
     1
271
     1
  0
XRECORD
  5
28
102
{ACAD_REACTORS
330
22
102
}
330
22
100
AcDbXrecord
280
     1
270
     1
271
     1
  0
XRECORD
  5
25
102
{ACAD_REACTORS
330
22
102
}
330
22
100
AcDbXrecord
280
     1
270
     1
271
     1
  0
XRECORD
  5
A8C
102
{ACAD_REACTORS
330
A8B
102
}
330
A8B
100
AcDbXrecord
280
     1
102
DISPLAYNAME
  1
Imperial24
102
FLAGS
 90
        0
  0
CELLSTYLEMAP
  5
A89
102
{ACAD_REACTORS
330
A88
102
}
330
A88
100
AcDbCellStyleMap
 90
        3
300
CELLSTYLE
  1
TABLEFORMAT_BEGIN
 90
        5
170
     1
 91
        0
 92
    32768
 62
   257
 93
        1
300
CONTENTFORMAT
  1
CONTENTFORMAT_BEGIN
 90
        0
 91
        0
 92
      512
 93
        0
300

 40
0.0
140
1.0
 94
        5
 62
     0
340
55
144
0.25
309
CONTENTFORMAT_END
171
     1
301
MARGIN
  1
CELLMARGIN_BEGIN
 40
1.5
 40
1.5
 40
1.5
 40
1.5
 40
0.18
 40
0.18
309
CELLMARGIN_END
 94
        0
309
TABLEFORMAT_END
  1
CELLSTYLE_BEGIN
 90
        1
 91
        1
300
_TITLE
309
CELLSTYLE_END
300
CELLSTYLE
  1
TABLEFORMAT_BEGIN
 90
        5
170
     1
 91
        0
 92
        0
 62
   257
 93
        1
300
CONTENTFORMAT
  1
CONTENTFORMAT_BEGIN
 90
        0
 91
        0
 92
      512
 93
        0
300

 40
0.0
140
1.0
 94
        5
 62
     0
340
55
144
0.18
309
CONTENTFORMAT_END
171
     1
301
MARGIN
  1
CELLMARGIN_BEGIN
 40
1.5
 40
1.5
 40
1.5
 40
1.5
 40
0.18
 40
0.18
309
CELLMARGIN_END
 94
        0
309
TABLEFORMAT_END
  1
CELLSTYLE_BEGIN
 90
        2
 91
        1
300
_HEADER
309
CELLSTYLE_END
300
CELLSTYLE
  1
TABLEFORMAT_BEGIN
 90
        5
170
     1
 91
        0
 92
        0
 62
   257
 93
        1
300
CONTENTFORMAT
  1
CONTENTFORMAT_BEGIN
 90
        0
 91
        0
 92
      512
 93
        0
300

 40
0.0
140
1.0
 94
        2
 62
     0
340
55
144
0.18
309
CONTENTFORMAT_END
171
     1
301
MARGIN
  1
CELLMARGIN_BEGIN
 40
1.5
 40
1.5
 40
1.5
 40
1.5
 40
0.18
 40
0.18
309
CELLMARGIN_END
 94
        0
309
TABLEFORMAT_END
  1
CELLSTYLE_BEGIN
 90
        3
 91
        2
300
_DATA
309
CELLSTYLE_END
  0
ENDSEC
  0
EOF
